
> isbjorn-backend@1.0.0 dev
> tsx watch src/server.ts

Executing (default): SELECT 1+1 AS result
[32minfo[39m: Database connection established successfully {"service":"isbjorn-api","timestamp":"2025-08-08 12:45:45"}
Executing (default): SELECT name FROM sqlite_master WHERE type='table' AND name='users';
Executing (default): PRAGMA TABLE_INFO(`users`);
Executing (default): PRAGMA foreign_key_list(`users`)
Executing (default): PRAGMA INDEX_LIST(`users`)
Executing (default): PRAGMA INDEX_INFO(`sqlite_autoindex_users_1`)
Executing (default): PRAGMA INDEX_INFO(`sqlite_autoindex_users_2`)
Executing (default): PRAGMA INDEX_INFO(`users_email`)
Executing (default): PRAGMA INDEX_INFO(`users_company_name`)
Executing (default): PRAGMA INDEX_INFO(`users_created_at`)
Executing (default): PRAGMA foreign_key_list(`users`)
Executing (default): PRAGMA TABLE_INFO(`users`);
Executing (default): PRAGMA INDEX_LIST(`users`)
Executing (default): PRAGMA INDEX_INFO(`sqlite_autoindex_users_1`)
Executing (default): PRAGMA INDEX_INFO(`sqlite_autoindex_users_2`)
Executing (default): PRAGMA INDEX_INFO(`users_email`)
Executing (default): PRAGMA INDEX_INFO(`users_company_name`)
Executing (default): PRAGMA INDEX_INFO(`users_created_at`)
Executing (default): PRAGMA foreign_key_list(`users`)
Executing (default): CREATE TABLE IF NOT EXISTS `users_backup` (`id` UUID UNIQUE PRIMARY KEY, `email` VARCHAR(255) NOT NULL UNIQUE, `password` VARCHAR(255) NOT NULL, `company_name` VARCHAR(255) NOT NULL, `tax_id` VARCHAR(255), `role` TEXT DEFAULT 'user', `address` JSONB, `phone` VARCHAR(255), `website` VARCHAR(255), `description` TEXT, `logo_url` VARCHAR(255), `is_active` TINYINT(1) DEFAULT 1, `email_verified` TINYINT(1) DEFAULT 0, `email_verification_token` VARCHAR(255), `email_verified_at` DATETIME, `password_reset_token` VARCHAR(255), `password_reset_expires` DATETIME, `last_login_at` DATETIME, `login_count` INTEGER DEFAULT '0', `preferences` JSONB, `created_at` DATETIME NOT NULL, `updated_at` DATETIME NOT NULL);
Executing (default): INSERT INTO `users_backup` SELECT `id`, `email`, `password`, `company_name`, `tax_id`, `role`, `address`, `phone`, `website`, `description`, `logo_url`, `is_active`, `email_verified`, `email_verification_token`, `email_verified_at`, `password_reset_token`, `password_reset_expires`, `last_login_at`, `login_count`, `preferences`, `created_at`, `updated_at` FROM `users`;
Executing (default): DROP TABLE `users`;
Executing (default): CREATE TABLE IF NOT EXISTS `users` (`id` UUID UNIQUE PRIMARY KEY, `email` VARCHAR(255) NOT NULL UNIQUE, `password` VARCHAR(255) NOT NULL, `company_name` VARCHAR(255) NOT NULL, `tax_id` VARCHAR(255), `role` TEXT DEFAULT 'user', `address` JSONB, `phone` VARCHAR(255), `website` VARCHAR(255), `description` TEXT, `logo_url` VARCHAR(255), `is_active` TINYINT(1) DEFAULT 1, `email_verified` TINYINT(1) DEFAULT 0, `email_verification_token` VARCHAR(255), `email_verified_at` DATETIME, `password_reset_token` VARCHAR(255), `password_reset_expires` DATETIME, `last_login_at` DATETIME, `login_count` INTEGER DEFAULT '0', `preferences` JSONB, `created_at` DATETIME NOT NULL, `updated_at` DATETIME NOT NULL);
Executing (default): INSERT INTO `users` SELECT `id`, `email`, `password`, `company_name`, `tax_id`, `role`, `address`, `phone`, `website`, `description`, `logo_url`, `is_active`, `email_verified`, `email_verification_token`, `email_verified_at`, `password_reset_token`, `password_reset_expires`, `last_login_at`, `login_count`, `preferences`, `created_at`, `updated_at` FROM `users_backup`;
Executing (default): DROP TABLE `users_backup`;
Executing (default): PRAGMA TABLE_INFO(`users`);
Executing (default): PRAGMA INDEX_LIST(`users`)
Executing (default): PRAGMA INDEX_INFO(`sqlite_autoindex_users_1`)
Executing (default): PRAGMA INDEX_INFO(`sqlite_autoindex_users_2`)
Executing (default): PRAGMA foreign_key_list(`users`)
Executing (default): CREATE TABLE IF NOT EXISTS `users_backup` (`id` UUID UNIQUE PRIMARY KEY, `email` VARCHAR(255) NOT NULL UNIQUE, `password` VARCHAR(255) NOT NULL, `company_name` VARCHAR(255) NOT NULL, `tax_id` VARCHAR(255), `role` TEXT DEFAULT 'user', `address` JSONB, `phone` VARCHAR(255), `website` VARCHAR(255), `description` TEXT, `logo_url` VARCHAR(255), `is_active` TINYINT(1) DEFAULT 1, `email_verified` TINYINT(1) DEFAULT 0, `email_verification_token` VARCHAR(255), `email_verified_at` DATETIME, `password_reset_token` VARCHAR(255), `password_reset_expires` DATETIME, `last_login_at` DATETIME, `login_count` INTEGER DEFAULT '0', `preferences` JSONB, `created_at` DATETIME NOT NULL, `updated_at` DATETIME NOT NULL);
Executing (default): INSERT INTO `users_backup` SELECT `id`, `email`, `password`, `company_name`, `tax_id`, `role`, `address`, `phone`, `website`, `description`, `logo_url`, `is_active`, `email_verified`, `email_verification_token`, `email_verified_at`, `password_reset_token`, `password_reset_expires`, `last_login_at`, `login_count`, `preferences`, `created_at`, `updated_at` FROM `users`;
Executing (default): DROP TABLE `users`;
Executing (default): CREATE TABLE IF NOT EXISTS `users` (`id` UUID UNIQUE PRIMARY KEY, `email` VARCHAR(255) NOT NULL UNIQUE, `password` VARCHAR(255) NOT NULL, `company_name` VARCHAR(255) NOT NULL, `tax_id` VARCHAR(255), `role` TEXT DEFAULT 'user', `address` JSONB, `phone` VARCHAR(255), `website` VARCHAR(255), `description` TEXT, `logo_url` VARCHAR(255), `is_active` TINYINT(1) DEFAULT 1, `email_verified` TINYINT(1) DEFAULT 0, `email_verification_token` VARCHAR(255), `email_verified_at` DATETIME, `password_reset_token` VARCHAR(255), `password_reset_expires` DATETIME, `last_login_at` DATETIME, `login_count` INTEGER DEFAULT '0', `preferences` JSONB, `created_at` DATETIME NOT NULL, `updated_at` DATETIME NOT NULL);
Executing (default): INSERT INTO `users` SELECT `id`, `email`, `password`, `company_name`, `tax_id`, `role`, `address`, `phone`, `website`, `description`, `logo_url`, `is_active`, `email_verified`, `email_verification_token`, `email_verified_at`, `password_reset_token`, `password_reset_expires`, `last_login_at`, `login_count`, `preferences`, `created_at`, `updated_at` FROM `users_backup`;
Executing (default): DROP TABLE `users_backup`;
Executing (default): PRAGMA TABLE_INFO(`users`);
Executing (default): PRAGMA INDEX_LIST(`users`)
Executing (default): PRAGMA INDEX_INFO(`sqlite_autoindex_users_1`)
Executing (default): PRAGMA INDEX_INFO(`sqlite_autoindex_users_2`)
Executing (default): PRAGMA foreign_key_list(`users`)
Executing (default): CREATE TABLE IF NOT EXISTS `users_backup` (`id` UUID UNIQUE PRIMARY KEY, `email` VARCHAR(255) NOT NULL UNIQUE, `password` VARCHAR(255) NOT NULL, `company_name` VARCHAR(255) NOT NULL, `tax_id` VARCHAR(255), `role` TEXT DEFAULT 'user', `address` JSONB, `phone` VARCHAR(255), `website` VARCHAR(255), `description` TEXT, `logo_url` VARCHAR(255), `is_active` TINYINT(1) DEFAULT 1, `email_verified` TINYINT(1) DEFAULT 0, `email_verification_token` VARCHAR(255), `email_verified_at` DATETIME, `password_reset_token` VARCHAR(255), `password_reset_expires` DATETIME, `last_login_at` DATETIME, `login_count` INTEGER DEFAULT '0', `preferences` JSONB, `created_at` DATETIME NOT NULL, `updated_at` DATETIME NOT NULL);
Executing (default): INSERT INTO `users_backup` SELECT `id`, `email`, `password`, `company_name`, `tax_id`, `role`, `address`, `phone`, `website`, `description`, `logo_url`, `is_active`, `email_verified`, `email_verification_token`, `email_verified_at`, `password_reset_token`, `password_reset_expires`, `last_login_at`, `login_count`, `preferences`, `created_at`, `updated_at` FROM `users`;
Executing (default): DROP TABLE `users`;
Executing (default): CREATE TABLE IF NOT EXISTS `users` (`id` UUID UNIQUE PRIMARY KEY, `email` VARCHAR(255) NOT NULL UNIQUE, `password` VARCHAR(255) NOT NULL, `company_name` VARCHAR(255) NOT NULL, `tax_id` VARCHAR(255), `role` TEXT DEFAULT 'user', `address` JSONB, `phone` VARCHAR(255), `website` VARCHAR(255), `description` TEXT, `logo_url` VARCHAR(255), `is_active` TINYINT(1) DEFAULT 1, `email_verified` TINYINT(1) DEFAULT 0, `email_verification_token` VARCHAR(255), `email_verified_at` DATETIME, `password_reset_token` VARCHAR(255), `password_reset_expires` DATETIME, `last_login_at` DATETIME, `login_count` INTEGER DEFAULT '0', `preferences` JSONB, `created_at` DATETIME NOT NULL, `updated_at` DATETIME NOT NULL);
Executing (default): INSERT INTO `users` SELECT `id`, `email`, `password`, `company_name`, `tax_id`, `role`, `address`, `phone`, `website`, `description`, `logo_url`, `is_active`, `email_verified`, `email_verification_token`, `email_verified_at`, `password_reset_token`, `password_reset_expires`, `last_login_at`, `login_count`, `preferences`, `created_at`, `updated_at` FROM `users_backup`;
Executing (default): DROP TABLE `users_backup`;
Executing (default): PRAGMA TABLE_INFO(`users`);
Executing (default): PRAGMA INDEX_LIST(`users`)
Executing (default): PRAGMA INDEX_INFO(`sqlite_autoindex_users_1`)
Executing (default): PRAGMA INDEX_INFO(`sqlite_autoindex_users_2`)
Executing (default): PRAGMA foreign_key_list(`users`)
Executing (default): CREATE TABLE IF NOT EXISTS `users_backup` (`id` UUID UNIQUE PRIMARY KEY, `email` VARCHAR(255) NOT NULL UNIQUE, `password` VARCHAR(255) NOT NULL, `company_name` VARCHAR(255) NOT NULL, `tax_id` VARCHAR(255), `role` TEXT DEFAULT 'user', `address` JSONB, `phone` VARCHAR(255), `website` VARCHAR(255), `description` TEXT, `logo_url` VARCHAR(255), `is_active` TINYINT(1) DEFAULT 1, `email_verified` TINYINT(1) DEFAULT 0, `email_verification_token` VARCHAR(255), `email_verified_at` DATETIME, `password_reset_token` VARCHAR(255), `password_reset_expires` DATETIME, `last_login_at` DATETIME, `login_count` INTEGER DEFAULT '0', `preferences` JSONB, `created_at` DATETIME NOT NULL, `updated_at` DATETIME NOT NULL);
Executing (default): INSERT INTO `users_backup` SELECT `id`, `email`, `password`, `company_name`, `tax_id`, `role`, `address`, `phone`, `website`, `description`, `logo_url`, `is_active`, `email_verified`, `email_verification_token`, `email_verified_at`, `password_reset_token`, `password_reset_expires`, `last_login_at`, `login_count`, `preferences`, `created_at`, `updated_at` FROM `users`;
Executing (default): DROP TABLE `users`;
Executing (default): CREATE TABLE IF NOT EXISTS `users` (`id` UUID UNIQUE PRIMARY KEY, `email` VARCHAR(255) NOT NULL UNIQUE, `password` VARCHAR(255) NOT NULL, `company_name` VARCHAR(255) NOT NULL, `tax_id` VARCHAR(255), `role` TEXT DEFAULT 'user', `address` JSONB, `phone` VARCHAR(255), `website` VARCHAR(255), `description` TEXT, `logo_url` VARCHAR(255), `is_active` TINYINT(1) DEFAULT 1, `email_verified` TINYINT(1) DEFAULT 0, `email_verification_token` VARCHAR(255), `email_verified_at` DATETIME, `password_reset_token` VARCHAR(255), `password_reset_expires` DATETIME, `last_login_at` DATETIME, `login_count` INTEGER DEFAULT '0', `preferences` JSONB, `created_at` DATETIME NOT NULL, `updated_at` DATETIME NOT NULL);
Executing (default): INSERT INTO `users` SELECT `id`, `email`, `password`, `company_name`, `tax_id`, `role`, `address`, `phone`, `website`, `description`, `logo_url`, `is_active`, `email_verified`, `email_verification_token`, `email_verified_at`, `password_reset_token`, `password_reset_expires`, `last_login_at`, `login_count`, `preferences`, `created_at`, `updated_at` FROM `users_backup`;
Executing (default): DROP TABLE `users_backup`;
Executing (default): PRAGMA TABLE_INFO(`users`);
Executing (default): PRAGMA INDEX_LIST(`users`)
Executing (default): PRAGMA INDEX_INFO(`sqlite_autoindex_users_1`)
Executing (default): PRAGMA INDEX_INFO(`sqlite_autoindex_users_2`)
Executing (default): PRAGMA foreign_key_list(`users`)
Executing (default): CREATE TABLE IF NOT EXISTS `users_backup` (`id` UUID UNIQUE PRIMARY KEY, `email` VARCHAR(255) NOT NULL UNIQUE, `password` VARCHAR(255) NOT NULL, `company_name` VARCHAR(255) NOT NULL, `tax_id` VARCHAR(255), `role` TEXT DEFAULT 'user', `address` JSONB, `phone` VARCHAR(255), `website` VARCHAR(255), `description` TEXT, `logo_url` VARCHAR(255), `is_active` TINYINT(1) DEFAULT 1, `email_verified` TINYINT(1) DEFAULT 0, `email_verification_token` VARCHAR(255), `email_verified_at` DATETIME, `password_reset_token` VARCHAR(255), `password_reset_expires` DATETIME, `last_login_at` DATETIME, `login_count` INTEGER DEFAULT '0', `preferences` JSONB, `created_at` DATETIME NOT NULL, `updated_at` DATETIME NOT NULL);
Executing (default): INSERT INTO `users_backup` SELECT `id`, `email`, `password`, `company_name`, `tax_id`, `role`, `address`, `phone`, `website`, `description`, `logo_url`, `is_active`, `email_verified`, `email_verification_token`, `email_verified_at`, `password_reset_token`, `password_reset_expires`, `last_login_at`, `login_count`, `preferences`, `created_at`, `updated_at` FROM `users`;
Executing (default): DROP TABLE `users`;
Executing (default): CREATE TABLE IF NOT EXISTS `users` (`id` UUID UNIQUE PRIMARY KEY, `email` VARCHAR(255) NOT NULL UNIQUE, `password` VARCHAR(255) NOT NULL, `company_name` VARCHAR(255) NOT NULL, `tax_id` VARCHAR(255), `role` TEXT DEFAULT 'user', `address` JSONB, `phone` VARCHAR(255), `website` VARCHAR(255), `description` TEXT, `logo_url` VARCHAR(255), `is_active` TINYINT(1) DEFAULT 1, `email_verified` TINYINT(1) DEFAULT 0, `email_verification_token` VARCHAR(255), `email_verified_at` DATETIME, `password_reset_token` VARCHAR(255), `password_reset_expires` DATETIME, `last_login_at` DATETIME, `login_count` INTEGER DEFAULT '0', `preferences` JSONB, `created_at` DATETIME NOT NULL, `updated_at` DATETIME NOT NULL);
Executing (default): INSERT INTO `users` SELECT `id`, `email`, `password`, `company_name`, `tax_id`, `role`, `address`, `phone`, `website`, `description`, `logo_url`, `is_active`, `email_verified`, `email_verification_token`, `email_verified_at`, `password_reset_token`, `password_reset_expires`, `last_login_at`, `login_count`, `preferences`, `created_at`, `updated_at` FROM `users_backup`;
Executing (default): DROP TABLE `users_backup`;
Executing (default): PRAGMA TABLE_INFO(`users`);
Executing (default): PRAGMA INDEX_LIST(`users`)
Executing (default): PRAGMA INDEX_INFO(`sqlite_autoindex_users_1`)
Executing (default): PRAGMA INDEX_INFO(`sqlite_autoindex_users_2`)
Executing (default): PRAGMA foreign_key_list(`users`)
Executing (default): CREATE TABLE IF NOT EXISTS `users_backup` (`id` UUID UNIQUE PRIMARY KEY, `email` VARCHAR(255) NOT NULL UNIQUE, `password` VARCHAR(255) NOT NULL, `company_name` VARCHAR(255) NOT NULL, `tax_id` VARCHAR(255), `role` TEXT DEFAULT 'user', `address` JSONB, `phone` VARCHAR(255), `website` VARCHAR(255), `description` TEXT, `logo_url` VARCHAR(255), `is_active` TINYINT(1) DEFAULT 1, `email_verified` TINYINT(1) DEFAULT 0, `email_verification_token` VARCHAR(255), `email_verified_at` DATETIME, `password_reset_token` VARCHAR(255), `password_reset_expires` DATETIME, `last_login_at` DATETIME, `login_count` INTEGER DEFAULT '0', `preferences` JSONB, `created_at` DATETIME NOT NULL, `updated_at` DATETIME NOT NULL);
Executing (default): INSERT INTO `users_backup` SELECT `id`, `email`, `password`, `company_name`, `tax_id`, `role`, `address`, `phone`, `website`, `description`, `logo_url`, `is_active`, `email_verified`, `email_verification_token`, `email_verified_at`, `password_reset_token`, `password_reset_expires`, `last_login_at`, `login_count`, `preferences`, `created_at`, `updated_at` FROM `users`;
Executing (default): DROP TABLE `users`;
Executing (default): CREATE TABLE IF NOT EXISTS `users` (`id` UUID UNIQUE PRIMARY KEY, `email` VARCHAR(255) NOT NULL UNIQUE, `password` VARCHAR(255) NOT NULL, `company_name` VARCHAR(255) NOT NULL, `tax_id` VARCHAR(255), `role` TEXT DEFAULT 'user', `address` JSONB, `phone` VARCHAR(255), `website` VARCHAR(255), `description` TEXT, `logo_url` VARCHAR(255), `is_active` TINYINT(1) DEFAULT 1, `email_verified` TINYINT(1) DEFAULT 0, `email_verification_token` VARCHAR(255), `email_verified_at` DATETIME, `password_reset_token` VARCHAR(255), `password_reset_expires` DATETIME, `last_login_at` DATETIME, `login_count` INTEGER DEFAULT '0', `preferences` JSONB, `created_at` DATETIME NOT NULL, `updated_at` DATETIME NOT NULL);
Executing (default): INSERT INTO `users` SELECT `id`, `email`, `password`, `company_name`, `tax_id`, `role`, `address`, `phone`, `website`, `description`, `logo_url`, `is_active`, `email_verified`, `email_verification_token`, `email_verified_at`, `password_reset_token`, `password_reset_expires`, `last_login_at`, `login_count`, `preferences`, `created_at`, `updated_at` FROM `users_backup`;
Executing (default): DROP TABLE `users_backup`;
Executing (default): PRAGMA TABLE_INFO(`users`);
Executing (default): PRAGMA INDEX_LIST(`users`)
Executing (default): PRAGMA INDEX_INFO(`sqlite_autoindex_users_1`)
Executing (default): PRAGMA INDEX_INFO(`sqlite_autoindex_users_2`)
Executing (default): PRAGMA foreign_key_list(`users`)
Executing (default): CREATE TABLE IF NOT EXISTS `users_backup` (`id` UUID UNIQUE PRIMARY KEY, `email` VARCHAR(255) NOT NULL UNIQUE, `password` VARCHAR(255) NOT NULL, `company_name` VARCHAR(255) NOT NULL, `tax_id` VARCHAR(255), `role` TEXT DEFAULT 'user', `address` JSONB, `phone` VARCHAR(255), `website` VARCHAR(255), `description` TEXT, `logo_url` VARCHAR(255), `is_active` TINYINT(1) DEFAULT 1, `email_verified` TINYINT(1) DEFAULT 0, `email_verification_token` VARCHAR(255), `email_verified_at` DATETIME, `password_reset_token` VARCHAR(255), `password_reset_expires` DATETIME, `last_login_at` DATETIME, `login_count` INTEGER DEFAULT '0', `preferences` JSONB, `created_at` DATETIME NOT NULL, `updated_at` DATETIME NOT NULL);
Executing (default): INSERT INTO `users_backup` SELECT `id`, `email`, `password`, `company_name`, `tax_id`, `role`, `address`, `phone`, `website`, `description`, `logo_url`, `is_active`, `email_verified`, `email_verification_token`, `email_verified_at`, `password_reset_token`, `password_reset_expires`, `last_login_at`, `login_count`, `preferences`, `created_at`, `updated_at` FROM `users`;
Executing (default): DROP TABLE `users`;
Executing (default): CREATE TABLE IF NOT EXISTS `users` (`id` UUID UNIQUE PRIMARY KEY, `email` VARCHAR(255) NOT NULL UNIQUE, `password` VARCHAR(255) NOT NULL, `company_name` VARCHAR(255) NOT NULL, `tax_id` VARCHAR(255), `role` TEXT DEFAULT 'user', `address` JSONB, `phone` VARCHAR(255), `website` VARCHAR(255), `description` TEXT, `logo_url` VARCHAR(255), `is_active` TINYINT(1) DEFAULT 1, `email_verified` TINYINT(1) DEFAULT 0, `email_verification_token` VARCHAR(255), `email_verified_at` DATETIME, `password_reset_token` VARCHAR(255), `password_reset_expires` DATETIME, `last_login_at` DATETIME, `login_count` INTEGER DEFAULT '0', `preferences` JSONB, `created_at` DATETIME NOT NULL, `updated_at` DATETIME NOT NULL);
Executing (default): INSERT INTO `users` SELECT `id`, `email`, `password`, `company_name`, `tax_id`, `role`, `address`, `phone`, `website`, `description`, `logo_url`, `is_active`, `email_verified`, `email_verification_token`, `email_verified_at`, `password_reset_token`, `password_reset_expires`, `last_login_at`, `login_count`, `preferences`, `created_at`, `updated_at` FROM `users_backup`;
Executing (default): DROP TABLE `users_backup`;
Executing (default): PRAGMA TABLE_INFO(`users`);
Executing (default): PRAGMA INDEX_LIST(`users`)
Executing (default): PRAGMA INDEX_INFO(`sqlite_autoindex_users_1`)
Executing (default): PRAGMA INDEX_INFO(`sqlite_autoindex_users_2`)
Executing (default): PRAGMA foreign_key_list(`users`)
Executing (default): CREATE TABLE IF NOT EXISTS `users_backup` (`id` UUID UNIQUE PRIMARY KEY, `email` VARCHAR(255) NOT NULL UNIQUE, `password` VARCHAR(255) NOT NULL, `company_name` VARCHAR(255) NOT NULL, `tax_id` VARCHAR(255), `role` TEXT DEFAULT 'user', `address` JSONB, `phone` VARCHAR(255), `website` VARCHAR(255), `description` TEXT, `logo_url` VARCHAR(255), `is_active` TINYINT(1) DEFAULT 1, `email_verified` TINYINT(1) DEFAULT 0, `email_verification_token` VARCHAR(255), `email_verified_at` DATETIME, `password_reset_token` VARCHAR(255), `password_reset_expires` DATETIME, `last_login_at` DATETIME, `login_count` INTEGER DEFAULT '0', `preferences` JSONB, `created_at` DATETIME NOT NULL, `updated_at` DATETIME NOT NULL);
Executing (default): INSERT INTO `users_backup` SELECT `id`, `email`, `password`, `company_name`, `tax_id`, `role`, `address`, `phone`, `website`, `description`, `logo_url`, `is_active`, `email_verified`, `email_verification_token`, `email_verified_at`, `password_reset_token`, `password_reset_expires`, `last_login_at`, `login_count`, `preferences`, `created_at`, `updated_at` FROM `users`;
Executing (default): DROP TABLE `users`;
Executing (default): CREATE TABLE IF NOT EXISTS `users` (`id` UUID UNIQUE PRIMARY KEY, `email` VARCHAR(255) NOT NULL UNIQUE, `password` VARCHAR(255) NOT NULL, `company_name` VARCHAR(255) NOT NULL, `tax_id` VARCHAR(255), `role` TEXT DEFAULT 'user', `address` JSONB, `phone` VARCHAR(255), `website` VARCHAR(255), `description` TEXT, `logo_url` VARCHAR(255), `is_active` TINYINT(1) DEFAULT 1, `email_verified` TINYINT(1) DEFAULT 0, `email_verification_token` VARCHAR(255), `email_verified_at` DATETIME, `password_reset_token` VARCHAR(255), `password_reset_expires` DATETIME, `last_login_at` DATETIME, `login_count` INTEGER DEFAULT '0', `preferences` JSONB, `created_at` DATETIME NOT NULL, `updated_at` DATETIME NOT NULL);
Executing (default): INSERT INTO `users` SELECT `id`, `email`, `password`, `company_name`, `tax_id`, `role`, `address`, `phone`, `website`, `description`, `logo_url`, `is_active`, `email_verified`, `email_verification_token`, `email_verified_at`, `password_reset_token`, `password_reset_expires`, `last_login_at`, `login_count`, `preferences`, `created_at`, `updated_at` FROM `users_backup`;
Executing (default): DROP TABLE `users_backup`;
Executing (default): PRAGMA TABLE_INFO(`users`);
Executing (default): PRAGMA INDEX_LIST(`users`)
Executing (default): PRAGMA INDEX_INFO(`sqlite_autoindex_users_1`)
Executing (default): PRAGMA INDEX_INFO(`sqlite_autoindex_users_2`)
Executing (default): PRAGMA foreign_key_list(`users`)
Executing (default): CREATE TABLE IF NOT EXISTS `users_backup` (`id` UUID UNIQUE PRIMARY KEY, `email` VARCHAR(255) NOT NULL UNIQUE, `password` VARCHAR(255) NOT NULL, `company_name` VARCHAR(255) NOT NULL, `tax_id` VARCHAR(255), `role` TEXT DEFAULT 'user', `address` JSONB, `phone` VARCHAR(255), `website` VARCHAR(255), `description` TEXT, `logo_url` VARCHAR(255), `is_active` TINYINT(1) DEFAULT 1, `email_verified` TINYINT(1) DEFAULT 0, `email_verification_token` VARCHAR(255), `email_verified_at` DATETIME, `password_reset_token` VARCHAR(255), `password_reset_expires` DATETIME, `last_login_at` DATETIME, `login_count` INTEGER DEFAULT '0', `preferences` JSONB, `created_at` DATETIME NOT NULL, `updated_at` DATETIME NOT NULL);
Executing (default): INSERT INTO `users_backup` SELECT `id`, `email`, `password`, `company_name`, `tax_id`, `role`, `address`, `phone`, `website`, `description`, `logo_url`, `is_active`, `email_verified`, `email_verification_token`, `email_verified_at`, `password_reset_token`, `password_reset_expires`, `last_login_at`, `login_count`, `preferences`, `created_at`, `updated_at` FROM `users`;
Executing (default): DROP TABLE `users`;
Executing (default): CREATE TABLE IF NOT EXISTS `users` (`id` UUID UNIQUE PRIMARY KEY, `email` VARCHAR(255) NOT NULL UNIQUE, `password` VARCHAR(255) NOT NULL, `company_name` VARCHAR(255) NOT NULL, `tax_id` VARCHAR(255), `role` TEXT DEFAULT 'user', `address` JSONB, `phone` VARCHAR(255), `website` VARCHAR(255), `description` TEXT, `logo_url` VARCHAR(255), `is_active` TINYINT(1) DEFAULT 1, `email_verified` TINYINT(1) DEFAULT 0, `email_verification_token` VARCHAR(255), `email_verified_at` DATETIME, `password_reset_token` VARCHAR(255), `password_reset_expires` DATETIME, `last_login_at` DATETIME, `login_count` INTEGER DEFAULT '0', `preferences` JSONB, `created_at` DATETIME NOT NULL, `updated_at` DATETIME NOT NULL);
Executing (default): INSERT INTO `users` SELECT `id`, `email`, `password`, `company_name`, `tax_id`, `role`, `address`, `phone`, `website`, `description`, `logo_url`, `is_active`, `email_verified`, `email_verification_token`, `email_verified_at`, `password_reset_token`, `password_reset_expires`, `last_login_at`, `login_count`, `preferences`, `created_at`, `updated_at` FROM `users_backup`;
Executing (default): DROP TABLE `users_backup`;
Executing (default): PRAGMA TABLE_INFO(`users`);
Executing (default): PRAGMA INDEX_LIST(`users`)
Executing (default): PRAGMA INDEX_INFO(`sqlite_autoindex_users_1`)
Executing (default): PRAGMA INDEX_INFO(`sqlite_autoindex_users_2`)
Executing (default): PRAGMA foreign_key_list(`users`)
Executing (default): CREATE TABLE IF NOT EXISTS `users_backup` (`id` UUID UNIQUE PRIMARY KEY, `email` VARCHAR(255) NOT NULL UNIQUE, `password` VARCHAR(255) NOT NULL, `company_name` VARCHAR(255) NOT NULL, `tax_id` VARCHAR(255), `role` TEXT DEFAULT 'user', `address` JSONB, `phone` VARCHAR(255), `website` VARCHAR(255), `description` TEXT, `logo_url` VARCHAR(255), `is_active` TINYINT(1) DEFAULT 1, `email_verified` TINYINT(1) DEFAULT 0, `email_verification_token` VARCHAR(255), `email_verified_at` DATETIME, `password_reset_token` VARCHAR(255), `password_reset_expires` DATETIME, `last_login_at` DATETIME, `login_count` INTEGER DEFAULT '0', `preferences` JSONB, `created_at` DATETIME NOT NULL, `updated_at` DATETIME NOT NULL);
Executing (default): INSERT INTO `users_backup` SELECT `id`, `email`, `password`, `company_name`, `tax_id`, `role`, `address`, `phone`, `website`, `description`, `logo_url`, `is_active`, `email_verified`, `email_verification_token`, `email_verified_at`, `password_reset_token`, `password_reset_expires`, `last_login_at`, `login_count`, `preferences`, `created_at`, `updated_at` FROM `users`;
Executing (default): DROP TABLE `users`;
Executing (default): CREATE TABLE IF NOT EXISTS `users` (`id` UUID UNIQUE PRIMARY KEY, `email` VARCHAR(255) NOT NULL UNIQUE, `password` VARCHAR(255) NOT NULL, `company_name` VARCHAR(255) NOT NULL, `tax_id` VARCHAR(255), `role` TEXT DEFAULT 'user', `address` JSONB, `phone` VARCHAR(255), `website` VARCHAR(255), `description` TEXT, `logo_url` VARCHAR(255), `is_active` TINYINT(1) DEFAULT 1, `email_verified` TINYINT(1) DEFAULT 0, `email_verification_token` VARCHAR(255), `email_verified_at` DATETIME, `password_reset_token` VARCHAR(255), `password_reset_expires` DATETIME, `last_login_at` DATETIME, `login_count` INTEGER DEFAULT '0', `preferences` JSONB, `created_at` DATETIME NOT NULL, `updated_at` DATETIME NOT NULL);
Executing (default): INSERT INTO `users` SELECT `id`, `email`, `password`, `company_name`, `tax_id`, `role`, `address`, `phone`, `website`, `description`, `logo_url`, `is_active`, `email_verified`, `email_verification_token`, `email_verified_at`, `password_reset_token`, `password_reset_expires`, `last_login_at`, `login_count`, `preferences`, `created_at`, `updated_at` FROM `users_backup`;
Executing (default): DROP TABLE `users_backup`;
Executing (default): PRAGMA TABLE_INFO(`users`);
Executing (default): PRAGMA INDEX_LIST(`users`)
Executing (default): PRAGMA INDEX_INFO(`sqlite_autoindex_users_1`)
Executing (default): PRAGMA INDEX_INFO(`sqlite_autoindex_users_2`)
Executing (default): PRAGMA foreign_key_list(`users`)
Executing (default): CREATE TABLE IF NOT EXISTS `users_backup` (`id` UUID UNIQUE PRIMARY KEY, `email` VARCHAR(255) NOT NULL UNIQUE, `password` VARCHAR(255) NOT NULL, `company_name` VARCHAR(255) NOT NULL, `tax_id` VARCHAR(255), `role` TEXT DEFAULT 'user', `address` JSONB, `phone` VARCHAR(255), `website` VARCHAR(255), `description` TEXT, `logo_url` VARCHAR(255), `is_active` TINYINT(1) DEFAULT 1, `email_verified` TINYINT(1) DEFAULT 0, `email_verification_token` VARCHAR(255), `email_verified_at` DATETIME, `password_reset_token` VARCHAR(255), `password_reset_expires` DATETIME, `last_login_at` DATETIME, `login_count` INTEGER DEFAULT '0', `preferences` JSONB, `created_at` DATETIME NOT NULL, `updated_at` DATETIME NOT NULL);
Executing (default): INSERT INTO `users_backup` SELECT `id`, `email`, `password`, `company_name`, `tax_id`, `role`, `address`, `phone`, `website`, `description`, `logo_url`, `is_active`, `email_verified`, `email_verification_token`, `email_verified_at`, `password_reset_token`, `password_reset_expires`, `last_login_at`, `login_count`, `preferences`, `created_at`, `updated_at` FROM `users`;
Executing (default): DROP TABLE `users`;
Executing (default): CREATE TABLE IF NOT EXISTS `users` (`id` UUID UNIQUE PRIMARY KEY, `email` VARCHAR(255) NOT NULL UNIQUE, `password` VARCHAR(255) NOT NULL, `company_name` VARCHAR(255) NOT NULL, `tax_id` VARCHAR(255), `role` TEXT DEFAULT 'user', `address` JSONB, `phone` VARCHAR(255), `website` VARCHAR(255), `description` TEXT, `logo_url` VARCHAR(255), `is_active` TINYINT(1) DEFAULT 1, `email_verified` TINYINT(1) DEFAULT 0, `email_verification_token` VARCHAR(255), `email_verified_at` DATETIME, `password_reset_token` VARCHAR(255), `password_reset_expires` DATETIME, `last_login_at` DATETIME, `login_count` INTEGER DEFAULT '0', `preferences` JSONB, `created_at` DATETIME NOT NULL, `updated_at` DATETIME NOT NULL);
Executing (default): INSERT INTO `users` SELECT `id`, `email`, `password`, `company_name`, `tax_id`, `role`, `address`, `phone`, `website`, `description`, `logo_url`, `is_active`, `email_verified`, `email_verification_token`, `email_verified_at`, `password_reset_token`, `password_reset_expires`, `last_login_at`, `login_count`, `preferences`, `created_at`, `updated_at` FROM `users_backup`;
Executing (default): DROP TABLE `users_backup`;
Executing (default): PRAGMA TABLE_INFO(`users`);
Executing (default): PRAGMA INDEX_LIST(`users`)
Executing (default): PRAGMA INDEX_INFO(`sqlite_autoindex_users_1`)
Executing (default): PRAGMA INDEX_INFO(`sqlite_autoindex_users_2`)
Executing (default): PRAGMA foreign_key_list(`users`)
Executing (default): CREATE TABLE IF NOT EXISTS `users_backup` (`id` UUID UNIQUE PRIMARY KEY, `email` VARCHAR(255) NOT NULL UNIQUE, `password` VARCHAR(255) NOT NULL, `company_name` VARCHAR(255) NOT NULL, `tax_id` VARCHAR(255), `role` TEXT DEFAULT 'user', `address` JSONB, `phone` VARCHAR(255), `website` VARCHAR(255), `description` TEXT, `logo_url` VARCHAR(255), `is_active` TINYINT(1) DEFAULT 1, `email_verified` TINYINT(1) DEFAULT 0, `email_verification_token` VARCHAR(255), `email_verified_at` DATETIME, `password_reset_token` VARCHAR(255), `password_reset_expires` DATETIME, `last_login_at` DATETIME, `login_count` INTEGER DEFAULT '0', `preferences` JSONB, `created_at` DATETIME NOT NULL, `updated_at` DATETIME NOT NULL);
Executing (default): INSERT INTO `users_backup` SELECT `id`, `email`, `password`, `company_name`, `tax_id`, `role`, `address`, `phone`, `website`, `description`, `logo_url`, `is_active`, `email_verified`, `email_verification_token`, `email_verified_at`, `password_reset_token`, `password_reset_expires`, `last_login_at`, `login_count`, `preferences`, `created_at`, `updated_at` FROM `users`;
Executing (default): DROP TABLE `users`;
Executing (default): CREATE TABLE IF NOT EXISTS `users` (`id` UUID UNIQUE PRIMARY KEY, `email` VARCHAR(255) NOT NULL UNIQUE, `password` VARCHAR(255) NOT NULL, `company_name` VARCHAR(255) NOT NULL, `tax_id` VARCHAR(255), `role` TEXT DEFAULT 'user', `address` JSONB, `phone` VARCHAR(255), `website` VARCHAR(255), `description` TEXT, `logo_url` VARCHAR(255), `is_active` TINYINT(1) DEFAULT 1, `email_verified` TINYINT(1) DEFAULT 0, `email_verification_token` VARCHAR(255), `email_verified_at` DATETIME, `password_reset_token` VARCHAR(255), `password_reset_expires` DATETIME, `last_login_at` DATETIME, `login_count` INTEGER DEFAULT '0', `preferences` JSONB, `created_at` DATETIME NOT NULL, `updated_at` DATETIME NOT NULL);
Executing (default): INSERT INTO `users` SELECT `id`, `email`, `password`, `company_name`, `tax_id`, `role`, `address`, `phone`, `website`, `description`, `logo_url`, `is_active`, `email_verified`, `email_verification_token`, `email_verified_at`, `password_reset_token`, `password_reset_expires`, `last_login_at`, `login_count`, `preferences`, `created_at`, `updated_at` FROM `users_backup`;
Executing (default): DROP TABLE `users_backup`;
Executing (default): PRAGMA TABLE_INFO(`users`);
Executing (default): PRAGMA INDEX_LIST(`users`)
Executing (default): PRAGMA INDEX_INFO(`sqlite_autoindex_users_1`)
Executing (default): PRAGMA INDEX_INFO(`sqlite_autoindex_users_2`)
Executing (default): PRAGMA foreign_key_list(`users`)
Executing (default): CREATE TABLE IF NOT EXISTS `users_backup` (`id` UUID UNIQUE PRIMARY KEY, `email` VARCHAR(255) NOT NULL UNIQUE, `password` VARCHAR(255) NOT NULL, `company_name` VARCHAR(255) NOT NULL, `tax_id` VARCHAR(255), `role` TEXT DEFAULT 'user', `address` JSONB, `phone` VARCHAR(255), `website` VARCHAR(255), `description` TEXT, `logo_url` VARCHAR(255), `is_active` TINYINT(1) DEFAULT 1, `email_verified` TINYINT(1) DEFAULT 0, `email_verification_token` VARCHAR(255), `email_verified_at` DATETIME, `password_reset_token` VARCHAR(255), `password_reset_expires` DATETIME, `last_login_at` DATETIME, `login_count` INTEGER DEFAULT '0', `preferences` JSONB, `created_at` DATETIME NOT NULL, `updated_at` DATETIME NOT NULL);
Executing (default): INSERT INTO `users_backup` SELECT `id`, `email`, `password`, `company_name`, `tax_id`, `role`, `address`, `phone`, `website`, `description`, `logo_url`, `is_active`, `email_verified`, `email_verification_token`, `email_verified_at`, `password_reset_token`, `password_reset_expires`, `last_login_at`, `login_count`, `preferences`, `created_at`, `updated_at` FROM `users`;
Executing (default): DROP TABLE `users`;
Executing (default): CREATE TABLE IF NOT EXISTS `users` (`id` UUID UNIQUE PRIMARY KEY, `email` VARCHAR(255) NOT NULL UNIQUE, `password` VARCHAR(255) NOT NULL, `company_name` VARCHAR(255) NOT NULL, `tax_id` VARCHAR(255), `role` TEXT DEFAULT 'user', `address` JSONB, `phone` VARCHAR(255), `website` VARCHAR(255), `description` TEXT, `logo_url` VARCHAR(255), `is_active` TINYINT(1) DEFAULT 1, `email_verified` TINYINT(1) DEFAULT 0, `email_verification_token` VARCHAR(255), `email_verified_at` DATETIME, `password_reset_token` VARCHAR(255), `password_reset_expires` DATETIME, `last_login_at` DATETIME, `login_count` INTEGER DEFAULT '0', `preferences` JSONB, `created_at` DATETIME NOT NULL, `updated_at` DATETIME NOT NULL);
Executing (default): INSERT INTO `users` SELECT `id`, `email`, `password`, `company_name`, `tax_id`, `role`, `address`, `phone`, `website`, `description`, `logo_url`, `is_active`, `email_verified`, `email_verification_token`, `email_verified_at`, `password_reset_token`, `password_reset_expires`, `last_login_at`, `login_count`, `preferences`, `created_at`, `updated_at` FROM `users_backup`;
Executing (default): DROP TABLE `users_backup`;
Executing (default): PRAGMA TABLE_INFO(`users`);
Executing (default): PRAGMA INDEX_LIST(`users`)
Executing (default): PRAGMA INDEX_INFO(`sqlite_autoindex_users_1`)
Executing (default): PRAGMA INDEX_INFO(`sqlite_autoindex_users_2`)
Executing (default): PRAGMA foreign_key_list(`users`)
Executing (default): CREATE TABLE IF NOT EXISTS `users_backup` (`id` UUID UNIQUE PRIMARY KEY, `email` VARCHAR(255) NOT NULL UNIQUE, `password` VARCHAR(255) NOT NULL, `company_name` VARCHAR(255) NOT NULL, `tax_id` VARCHAR(255), `role` TEXT DEFAULT 'user', `address` JSONB, `phone` VARCHAR(255), `website` VARCHAR(255), `description` TEXT, `logo_url` VARCHAR(255), `is_active` TINYINT(1) DEFAULT 1, `email_verified` TINYINT(1) DEFAULT 0, `email_verification_token` VARCHAR(255), `email_verified_at` DATETIME, `password_reset_token` VARCHAR(255), `password_reset_expires` DATETIME, `last_login_at` DATETIME, `login_count` INTEGER DEFAULT '0', `preferences` JSONB, `created_at` DATETIME NOT NULL, `updated_at` DATETIME NOT NULL);
Executing (default): INSERT INTO `users_backup` SELECT `id`, `email`, `password`, `company_name`, `tax_id`, `role`, `address`, `phone`, `website`, `description`, `logo_url`, `is_active`, `email_verified`, `email_verification_token`, `email_verified_at`, `password_reset_token`, `password_reset_expires`, `last_login_at`, `login_count`, `preferences`, `created_at`, `updated_at` FROM `users`;
Executing (default): DROP TABLE `users`;
Executing (default): CREATE TABLE IF NOT EXISTS `users` (`id` UUID UNIQUE PRIMARY KEY, `email` VARCHAR(255) NOT NULL UNIQUE, `password` VARCHAR(255) NOT NULL, `company_name` VARCHAR(255) NOT NULL, `tax_id` VARCHAR(255), `role` TEXT DEFAULT 'user', `address` JSONB, `phone` VARCHAR(255), `website` VARCHAR(255), `description` TEXT, `logo_url` VARCHAR(255), `is_active` TINYINT(1) DEFAULT 1, `email_verified` TINYINT(1) DEFAULT 0, `email_verification_token` VARCHAR(255), `email_verified_at` DATETIME, `password_reset_token` VARCHAR(255), `password_reset_expires` DATETIME, `last_login_at` DATETIME, `login_count` INTEGER DEFAULT '0', `preferences` JSONB, `created_at` DATETIME NOT NULL, `updated_at` DATETIME NOT NULL);
Executing (default): INSERT INTO `users` SELECT `id`, `email`, `password`, `company_name`, `tax_id`, `role`, `address`, `phone`, `website`, `description`, `logo_url`, `is_active`, `email_verified`, `email_verification_token`, `email_verified_at`, `password_reset_token`, `password_reset_expires`, `last_login_at`, `login_count`, `preferences`, `created_at`, `updated_at` FROM `users_backup`;
Executing (default): DROP TABLE `users_backup`;
Executing (default): PRAGMA TABLE_INFO(`users`);
Executing (default): PRAGMA INDEX_LIST(`users`)
Executing (default): PRAGMA INDEX_INFO(`sqlite_autoindex_users_1`)
Executing (default): PRAGMA INDEX_INFO(`sqlite_autoindex_users_2`)
Executing (default): PRAGMA foreign_key_list(`users`)
Executing (default): CREATE TABLE IF NOT EXISTS `users_backup` (`id` UUID UNIQUE PRIMARY KEY, `email` VARCHAR(255) NOT NULL UNIQUE, `password` VARCHAR(255) NOT NULL, `company_name` VARCHAR(255) NOT NULL, `tax_id` VARCHAR(255), `role` TEXT DEFAULT 'user', `address` JSONB, `phone` VARCHAR(255), `website` VARCHAR(255), `description` TEXT, `logo_url` VARCHAR(255), `is_active` TINYINT(1) DEFAULT 1, `email_verified` TINYINT(1) DEFAULT 0, `email_verification_token` VARCHAR(255), `email_verified_at` DATETIME, `password_reset_token` VARCHAR(255), `password_reset_expires` DATETIME, `last_login_at` DATETIME, `login_count` INTEGER DEFAULT '0', `preferences` JSONB, `created_at` DATETIME NOT NULL, `updated_at` DATETIME NOT NULL);
Executing (default): INSERT INTO `users_backup` SELECT `id`, `email`, `password`, `company_name`, `tax_id`, `role`, `address`, `phone`, `website`, `description`, `logo_url`, `is_active`, `email_verified`, `email_verification_token`, `email_verified_at`, `password_reset_token`, `password_reset_expires`, `last_login_at`, `login_count`, `preferences`, `created_at`, `updated_at` FROM `users`;
Executing (default): DROP TABLE `users`;
Executing (default): CREATE TABLE IF NOT EXISTS `users` (`id` UUID UNIQUE PRIMARY KEY, `email` VARCHAR(255) NOT NULL UNIQUE, `password` VARCHAR(255) NOT NULL, `company_name` VARCHAR(255) NOT NULL, `tax_id` VARCHAR(255), `role` TEXT DEFAULT 'user', `address` JSONB, `phone` VARCHAR(255), `website` VARCHAR(255), `description` TEXT, `logo_url` VARCHAR(255), `is_active` TINYINT(1) DEFAULT 1, `email_verified` TINYINT(1) DEFAULT 0, `email_verification_token` VARCHAR(255), `email_verified_at` DATETIME, `password_reset_token` VARCHAR(255), `password_reset_expires` DATETIME, `last_login_at` DATETIME, `login_count` INTEGER DEFAULT '0', `preferences` JSONB, `created_at` DATETIME NOT NULL, `updated_at` DATETIME NOT NULL);
Executing (default): INSERT INTO `users` SELECT `id`, `email`, `password`, `company_name`, `tax_id`, `role`, `address`, `phone`, `website`, `description`, `logo_url`, `is_active`, `email_verified`, `email_verification_token`, `email_verified_at`, `password_reset_token`, `password_reset_expires`, `last_login_at`, `login_count`, `preferences`, `created_at`, `updated_at` FROM `users_backup`;
Executing (default): DROP TABLE `users_backup`;
Executing (default): PRAGMA TABLE_INFO(`users`);
Executing (default): PRAGMA INDEX_LIST(`users`)
Executing (default): PRAGMA INDEX_INFO(`sqlite_autoindex_users_1`)
Executing (default): PRAGMA INDEX_INFO(`sqlite_autoindex_users_2`)
Executing (default): PRAGMA foreign_key_list(`users`)
Executing (default): CREATE TABLE IF NOT EXISTS `users_backup` (`id` UUID UNIQUE PRIMARY KEY, `email` VARCHAR(255) NOT NULL UNIQUE, `password` VARCHAR(255) NOT NULL, `company_name` VARCHAR(255) NOT NULL, `tax_id` VARCHAR(255), `role` TEXT DEFAULT 'user', `address` JSONB, `phone` VARCHAR(255), `website` VARCHAR(255), `description` TEXT, `logo_url` VARCHAR(255), `is_active` TINYINT(1) DEFAULT 1, `email_verified` TINYINT(1) DEFAULT 0, `email_verification_token` VARCHAR(255), `email_verified_at` DATETIME, `password_reset_token` VARCHAR(255), `password_reset_expires` DATETIME, `last_login_at` DATETIME, `login_count` INTEGER DEFAULT '0', `preferences` JSONB, `created_at` DATETIME NOT NULL, `updated_at` DATETIME NOT NULL);
Executing (default): INSERT INTO `users_backup` SELECT `id`, `email`, `password`, `company_name`, `tax_id`, `role`, `address`, `phone`, `website`, `description`, `logo_url`, `is_active`, `email_verified`, `email_verification_token`, `email_verified_at`, `password_reset_token`, `password_reset_expires`, `last_login_at`, `login_count`, `preferences`, `created_at`, `updated_at` FROM `users`;
Executing (default): DROP TABLE `users`;
Executing (default): CREATE TABLE IF NOT EXISTS `users` (`id` UUID UNIQUE PRIMARY KEY, `email` VARCHAR(255) NOT NULL UNIQUE, `password` VARCHAR(255) NOT NULL, `company_name` VARCHAR(255) NOT NULL, `tax_id` VARCHAR(255), `role` TEXT DEFAULT 'user', `address` JSONB, `phone` VARCHAR(255), `website` VARCHAR(255), `description` TEXT, `logo_url` VARCHAR(255), `is_active` TINYINT(1) DEFAULT 1, `email_verified` TINYINT(1) DEFAULT 0, `email_verification_token` VARCHAR(255), `email_verified_at` DATETIME, `password_reset_token` VARCHAR(255), `password_reset_expires` DATETIME, `last_login_at` DATETIME, `login_count` INTEGER DEFAULT '0', `preferences` JSONB, `created_at` DATETIME NOT NULL, `updated_at` DATETIME NOT NULL);
Executing (default): INSERT INTO `users` SELECT `id`, `email`, `password`, `company_name`, `tax_id`, `role`, `address`, `phone`, `website`, `description`, `logo_url`, `is_active`, `email_verified`, `email_verification_token`, `email_verified_at`, `password_reset_token`, `password_reset_expires`, `last_login_at`, `login_count`, `preferences`, `created_at`, `updated_at` FROM `users_backup`;
Executing (default): DROP TABLE `users_backup`;
Executing (default): PRAGMA TABLE_INFO(`users`);
Executing (default): PRAGMA INDEX_LIST(`users`)
Executing (default): PRAGMA INDEX_INFO(`sqlite_autoindex_users_1`)
Executing (default): PRAGMA INDEX_INFO(`sqlite_autoindex_users_2`)
Executing (default): PRAGMA foreign_key_list(`users`)
Executing (default): CREATE TABLE IF NOT EXISTS `users_backup` (`id` UUID UNIQUE PRIMARY KEY, `email` VARCHAR(255) NOT NULL UNIQUE, `password` VARCHAR(255) NOT NULL, `company_name` VARCHAR(255) NOT NULL, `tax_id` VARCHAR(255), `role` TEXT DEFAULT 'user', `address` JSONB, `phone` VARCHAR(255), `website` VARCHAR(255), `description` TEXT, `logo_url` VARCHAR(255), `is_active` TINYINT(1) DEFAULT 1, `email_verified` TINYINT(1) DEFAULT 0, `email_verification_token` VARCHAR(255), `email_verified_at` DATETIME, `password_reset_token` VARCHAR(255), `password_reset_expires` DATETIME, `last_login_at` DATETIME, `login_count` INTEGER DEFAULT '0', `preferences` JSONB, `created_at` DATETIME NOT NULL, `updated_at` DATETIME NOT NULL);
Executing (default): INSERT INTO `users_backup` SELECT `id`, `email`, `password`, `company_name`, `tax_id`, `role`, `address`, `phone`, `website`, `description`, `logo_url`, `is_active`, `email_verified`, `email_verification_token`, `email_verified_at`, `password_reset_token`, `password_reset_expires`, `last_login_at`, `login_count`, `preferences`, `created_at`, `updated_at` FROM `users`;
Executing (default): DROP TABLE `users`;
Executing (default): CREATE TABLE IF NOT EXISTS `users` (`id` UUID UNIQUE PRIMARY KEY, `email` VARCHAR(255) NOT NULL UNIQUE, `password` VARCHAR(255) NOT NULL, `company_name` VARCHAR(255) NOT NULL, `tax_id` VARCHAR(255), `role` TEXT DEFAULT 'user', `address` JSONB, `phone` VARCHAR(255), `website` VARCHAR(255), `description` TEXT, `logo_url` VARCHAR(255), `is_active` TINYINT(1) DEFAULT 1, `email_verified` TINYINT(1) DEFAULT 0, `email_verification_token` VARCHAR(255), `email_verified_at` DATETIME, `password_reset_token` VARCHAR(255), `password_reset_expires` DATETIME, `last_login_at` DATETIME, `login_count` INTEGER DEFAULT '0', `preferences` JSONB, `created_at` DATETIME NOT NULL, `updated_at` DATETIME NOT NULL);
Executing (default): INSERT INTO `users` SELECT `id`, `email`, `password`, `company_name`, `tax_id`, `role`, `address`, `phone`, `website`, `description`, `logo_url`, `is_active`, `email_verified`, `email_verification_token`, `email_verified_at`, `password_reset_token`, `password_reset_expires`, `last_login_at`, `login_count`, `preferences`, `created_at`, `updated_at` FROM `users_backup`;
Executing (default): DROP TABLE `users_backup`;
Executing (default): PRAGMA TABLE_INFO(`users`);
Executing (default): PRAGMA INDEX_LIST(`users`)
Executing (default): PRAGMA INDEX_INFO(`sqlite_autoindex_users_1`)
Executing (default): PRAGMA INDEX_INFO(`sqlite_autoindex_users_2`)
Executing (default): PRAGMA foreign_key_list(`users`)
Executing (default): CREATE TABLE IF NOT EXISTS `users_backup` (`id` UUID UNIQUE PRIMARY KEY, `email` VARCHAR(255) NOT NULL UNIQUE, `password` VARCHAR(255) NOT NULL, `company_name` VARCHAR(255) NOT NULL, `tax_id` VARCHAR(255), `role` TEXT DEFAULT 'user', `address` JSONB, `phone` VARCHAR(255), `website` VARCHAR(255), `description` TEXT, `logo_url` VARCHAR(255), `is_active` TINYINT(1) DEFAULT 1, `email_verified` TINYINT(1) DEFAULT 0, `email_verification_token` VARCHAR(255), `email_verified_at` DATETIME, `password_reset_token` VARCHAR(255), `password_reset_expires` DATETIME, `last_login_at` DATETIME, `login_count` INTEGER DEFAULT 0, `preferences` JSONB, `created_at` DATETIME NOT NULL, `updated_at` DATETIME NOT NULL);
Executing (default): INSERT INTO `users_backup` SELECT `id`, `email`, `password`, `company_name`, `tax_id`, `role`, `address`, `phone`, `website`, `description`, `logo_url`, `is_active`, `email_verified`, `email_verification_token`, `email_verified_at`, `password_reset_token`, `password_reset_expires`, `last_login_at`, `login_count`, `preferences`, `created_at`, `updated_at` FROM `users`;
Executing (default): DROP TABLE `users`;
Executing (default): CREATE TABLE IF NOT EXISTS `users` (`id` UUID UNIQUE PRIMARY KEY, `email` VARCHAR(255) NOT NULL UNIQUE, `password` VARCHAR(255) NOT NULL, `company_name` VARCHAR(255) NOT NULL, `tax_id` VARCHAR(255), `role` TEXT DEFAULT 'user', `address` JSONB, `phone` VARCHAR(255), `website` VARCHAR(255), `description` TEXT, `logo_url` VARCHAR(255), `is_active` TINYINT(1) DEFAULT 1, `email_verified` TINYINT(1) DEFAULT 0, `email_verification_token` VARCHAR(255), `email_verified_at` DATETIME, `password_reset_token` VARCHAR(255), `password_reset_expires` DATETIME, `last_login_at` DATETIME, `login_count` INTEGER DEFAULT 0, `preferences` JSONB, `created_at` DATETIME NOT NULL, `updated_at` DATETIME NOT NULL);
Executing (default): INSERT INTO `users` SELECT `id`, `email`, `password`, `company_name`, `tax_id`, `role`, `address`, `phone`, `website`, `description`, `logo_url`, `is_active`, `email_verified`, `email_verification_token`, `email_verified_at`, `password_reset_token`, `password_reset_expires`, `last_login_at`, `login_count`, `preferences`, `created_at`, `updated_at` FROM `users_backup`;
Executing (default): DROP TABLE `users_backup`;
Executing (default): PRAGMA TABLE_INFO(`users`);
Executing (default): PRAGMA INDEX_LIST(`users`)
Executing (default): PRAGMA INDEX_INFO(`sqlite_autoindex_users_1`)
Executing (default): PRAGMA INDEX_INFO(`sqlite_autoindex_users_2`)
Executing (default): PRAGMA foreign_key_list(`users`)
Executing (default): CREATE TABLE IF NOT EXISTS `users_backup` (`id` UUID UNIQUE PRIMARY KEY, `email` VARCHAR(255) NOT NULL UNIQUE, `password` VARCHAR(255) NOT NULL, `company_name` VARCHAR(255) NOT NULL, `tax_id` VARCHAR(255), `role` TEXT DEFAULT 'user', `address` JSONB, `phone` VARCHAR(255), `website` VARCHAR(255), `description` TEXT, `logo_url` VARCHAR(255), `is_active` TINYINT(1) DEFAULT 1, `email_verified` TINYINT(1) DEFAULT 0, `email_verification_token` VARCHAR(255), `email_verified_at` DATETIME, `password_reset_token` VARCHAR(255), `password_reset_expires` DATETIME, `last_login_at` DATETIME, `login_count` INTEGER DEFAULT '0', `preferences` JSONB, `created_at` DATETIME NOT NULL, `updated_at` DATETIME NOT NULL);
Executing (default): INSERT INTO `users_backup` SELECT `id`, `email`, `password`, `company_name`, `tax_id`, `role`, `address`, `phone`, `website`, `description`, `logo_url`, `is_active`, `email_verified`, `email_verification_token`, `email_verified_at`, `password_reset_token`, `password_reset_expires`, `last_login_at`, `login_count`, `preferences`, `created_at`, `updated_at` FROM `users`;
Executing (default): DROP TABLE `users`;
Executing (default): CREATE TABLE IF NOT EXISTS `users` (`id` UUID UNIQUE PRIMARY KEY, `email` VARCHAR(255) NOT NULL UNIQUE, `password` VARCHAR(255) NOT NULL, `company_name` VARCHAR(255) NOT NULL, `tax_id` VARCHAR(255), `role` TEXT DEFAULT 'user', `address` JSONB, `phone` VARCHAR(255), `website` VARCHAR(255), `description` TEXT, `logo_url` VARCHAR(255), `is_active` TINYINT(1) DEFAULT 1, `email_verified` TINYINT(1) DEFAULT 0, `email_verification_token` VARCHAR(255), `email_verified_at` DATETIME, `password_reset_token` VARCHAR(255), `password_reset_expires` DATETIME, `last_login_at` DATETIME, `login_count` INTEGER DEFAULT '0', `preferences` JSONB, `created_at` DATETIME NOT NULL, `updated_at` DATETIME NOT NULL);
Executing (default): INSERT INTO `users` SELECT `id`, `email`, `password`, `company_name`, `tax_id`, `role`, `address`, `phone`, `website`, `description`, `logo_url`, `is_active`, `email_verified`, `email_verification_token`, `email_verified_at`, `password_reset_token`, `password_reset_expires`, `last_login_at`, `login_count`, `preferences`, `created_at`, `updated_at` FROM `users_backup`;
Executing (default): DROP TABLE `users_backup`;
Executing (default): PRAGMA TABLE_INFO(`users`);
Executing (default): PRAGMA INDEX_LIST(`users`)
Executing (default): PRAGMA INDEX_INFO(`sqlite_autoindex_users_1`)
Executing (default): PRAGMA INDEX_INFO(`sqlite_autoindex_users_2`)
Executing (default): PRAGMA foreign_key_list(`users`)
Executing (default): CREATE TABLE IF NOT EXISTS `users_backup` (`id` UUID UNIQUE PRIMARY KEY, `email` VARCHAR(255) NOT NULL UNIQUE, `password` VARCHAR(255) NOT NULL, `company_name` VARCHAR(255) NOT NULL, `tax_id` VARCHAR(255), `role` TEXT DEFAULT 'user', `address` JSONB, `phone` VARCHAR(255), `website` VARCHAR(255), `description` TEXT, `logo_url` VARCHAR(255), `is_active` TINYINT(1) DEFAULT 1, `email_verified` TINYINT(1) DEFAULT 0, `email_verification_token` VARCHAR(255), `email_verified_at` DATETIME, `password_reset_token` VARCHAR(255), `password_reset_expires` DATETIME, `last_login_at` DATETIME, `login_count` INTEGER DEFAULT '0', `preferences` JSONB, `created_at` DATETIME NOT NULL, `updated_at` DATETIME NOT NULL);
Executing (default): INSERT INTO `users_backup` SELECT `id`, `email`, `password`, `company_name`, `tax_id`, `role`, `address`, `phone`, `website`, `description`, `logo_url`, `is_active`, `email_verified`, `email_verification_token`, `email_verified_at`, `password_reset_token`, `password_reset_expires`, `last_login_at`, `login_count`, `preferences`, `created_at`, `updated_at` FROM `users`;
Executing (default): DROP TABLE `users`;
Executing (default): CREATE TABLE IF NOT EXISTS `users` (`id` UUID UNIQUE PRIMARY KEY, `email` VARCHAR(255) NOT NULL UNIQUE, `password` VARCHAR(255) NOT NULL, `company_name` VARCHAR(255) NOT NULL, `tax_id` VARCHAR(255), `role` TEXT DEFAULT 'user', `address` JSONB, `phone` VARCHAR(255), `website` VARCHAR(255), `description` TEXT, `logo_url` VARCHAR(255), `is_active` TINYINT(1) DEFAULT 1, `email_verified` TINYINT(1) DEFAULT 0, `email_verification_token` VARCHAR(255), `email_verified_at` DATETIME, `password_reset_token` VARCHAR(255), `password_reset_expires` DATETIME, `last_login_at` DATETIME, `login_count` INTEGER DEFAULT '0', `preferences` JSONB, `created_at` DATETIME NOT NULL, `updated_at` DATETIME NOT NULL);
Executing (default): INSERT INTO `users` SELECT `id`, `email`, `password`, `company_name`, `tax_id`, `role`, `address`, `phone`, `website`, `description`, `logo_url`, `is_active`, `email_verified`, `email_verification_token`, `email_verified_at`, `password_reset_token`, `password_reset_expires`, `last_login_at`, `login_count`, `preferences`, `created_at`, `updated_at` FROM `users_backup`;
Executing (default): DROP TABLE `users_backup`;
Executing (default): PRAGMA TABLE_INFO(`users`);
Executing (default): PRAGMA INDEX_LIST(`users`)
Executing (default): PRAGMA INDEX_INFO(`sqlite_autoindex_users_1`)
Executing (default): PRAGMA INDEX_INFO(`sqlite_autoindex_users_2`)
Executing (default): PRAGMA foreign_key_list(`users`)
Executing (default): CREATE TABLE IF NOT EXISTS `users_backup` (`id` UUID UNIQUE PRIMARY KEY, `email` VARCHAR(255) NOT NULL UNIQUE, `password` VARCHAR(255) NOT NULL, `company_name` VARCHAR(255) NOT NULL, `tax_id` VARCHAR(255), `role` TEXT DEFAULT 'user', `address` JSONB, `phone` VARCHAR(255), `website` VARCHAR(255), `description` TEXT, `logo_url` VARCHAR(255), `is_active` TINYINT(1) DEFAULT 1, `email_verified` TINYINT(1) DEFAULT 0, `email_verification_token` VARCHAR(255), `email_verified_at` DATETIME, `password_reset_token` VARCHAR(255), `password_reset_expires` DATETIME, `last_login_at` DATETIME, `login_count` INTEGER DEFAULT '0', `preferences` JSONB, `created_at` DATETIME NOT NULL, `updated_at` DATETIME NOT NULL);
Executing (default): INSERT INTO `users_backup` SELECT `id`, `email`, `password`, `company_name`, `tax_id`, `role`, `address`, `phone`, `website`, `description`, `logo_url`, `is_active`, `email_verified`, `email_verification_token`, `email_verified_at`, `password_reset_token`, `password_reset_expires`, `last_login_at`, `login_count`, `preferences`, `created_at`, `updated_at` FROM `users`;
Executing (default): DROP TABLE `users`;
Executing (default): CREATE TABLE IF NOT EXISTS `users` (`id` UUID UNIQUE PRIMARY KEY, `email` VARCHAR(255) NOT NULL UNIQUE, `password` VARCHAR(255) NOT NULL, `company_name` VARCHAR(255) NOT NULL, `tax_id` VARCHAR(255), `role` TEXT DEFAULT 'user', `address` JSONB, `phone` VARCHAR(255), `website` VARCHAR(255), `description` TEXT, `logo_url` VARCHAR(255), `is_active` TINYINT(1) DEFAULT 1, `email_verified` TINYINT(1) DEFAULT 0, `email_verification_token` VARCHAR(255), `email_verified_at` DATETIME, `password_reset_token` VARCHAR(255), `password_reset_expires` DATETIME, `last_login_at` DATETIME, `login_count` INTEGER DEFAULT '0', `preferences` JSONB, `created_at` DATETIME NOT NULL, `updated_at` DATETIME NOT NULL);
Executing (default): INSERT INTO `users` SELECT `id`, `email`, `password`, `company_name`, `tax_id`, `role`, `address`, `phone`, `website`, `description`, `logo_url`, `is_active`, `email_verified`, `email_verification_token`, `email_verified_at`, `password_reset_token`, `password_reset_expires`, `last_login_at`, `login_count`, `preferences`, `created_at`, `updated_at` FROM `users_backup`;
Executing (default): DROP TABLE `users_backup`;
Executing (default): PRAGMA INDEX_LIST(`users`)
Executing (default): PRAGMA INDEX_INFO(`sqlite_autoindex_users_1`)
Executing (default): PRAGMA INDEX_INFO(`sqlite_autoindex_users_2`)
Executing (default): CREATE INDEX `users_email` ON `users` (`email`)
Executing (default): CREATE INDEX `users_company_name` ON `users` (`company_name`)
Executing (default): CREATE INDEX `users_created_at` ON `users` (`created_at`)
Executing (default): SELECT name FROM sqlite_master WHERE type='table' AND name='projects';
Executing (default): PRAGMA TABLE_INFO(`projects`);
Executing (default): PRAGMA foreign_key_list(`projects`)
Executing (default): PRAGMA INDEX_LIST(`projects`)
Executing (default): PRAGMA INDEX_INFO(`sqlite_autoindex_projects_1`)
Executing (default): PRAGMA INDEX_INFO(`projects_status`)
Executing (default): PRAGMA INDEX_INFO(`projects_category`)
Executing (default): PRAGMA INDEX_INFO(`projects_location`)
Executing (default): PRAGMA INDEX_INFO(`projects_created_at`)
Executing (default): PRAGMA foreign_key_list(`projects`)
Executing (default): PRAGMA TABLE_INFO(`projects`);
Executing (default): PRAGMA INDEX_LIST(`projects`)
Executing (default): PRAGMA INDEX_INFO(`sqlite_autoindex_projects_1`)
Executing (default): PRAGMA INDEX_INFO(`projects_status`)
Executing (default): PRAGMA INDEX_INFO(`projects_category`)
Executing (default): PRAGMA INDEX_INFO(`projects_location`)
Executing (default): PRAGMA INDEX_INFO(`projects_created_at`)
Executing (default): PRAGMA foreign_key_list(`projects`)
Executing (default): CREATE TABLE IF NOT EXISTS `projects_backup` (`id` UUID UNIQUE PRIMARY KEY, `name` VARCHAR(255) NOT NULL, `description` TEXT NOT NULL, `long_description` TEXT, `image_url` VARCHAR(255) NOT NULL, `image_gallery` JSONB, `goal_amount` DECIMAL(15,2) NOT NULL DEFAULT '0', `raised_amount` DECIMAL(15,2) NOT NULL DEFAULT '0', `location` VARCHAR(255) NOT NULL, `coordinates` JSONB, `category` TEXT NOT NULL, `status` TEXT NOT NULL DEFAULT 'upcoming', `wallet_address` VARCHAR(255) NOT NULL, `milestones` JSONB NOT NULL DEFAULT '[]', `impact_metrics` JSONB NOT NULL DEFAULT '[]', `start_date` DATETIME, `end_date` DATETIME, `partners` JSONB, `tags` JSONB, `is_active` TINYINT(1) DEFAULT 1, `accepting_donations` TINYINT(1) DEFAULT 1, `donor_count` INTEGER DEFAULT '0', `average_rating` DECIMAL(5,2), `view_count` INTEGER DEFAULT '0', `updates` TEXT, `last_update_at` DATETIME, `created_at` DATETIME NOT NULL, `updated_at` DATETIME NOT NULL);
Executing (default): INSERT INTO `projects_backup` SELECT `id`, `name`, `description`, `long_description`, `image_url`, `image_gallery`, `goal_amount`, `raised_amount`, `location`, `coordinates`, `category`, `status`, `wallet_address`, `milestones`, `impact_metrics`, `start_date`, `end_date`, `partners`, `tags`, `is_active`, `accepting_donations`, `donor_count`, `average_rating`, `view_count`, `updates`, `last_update_at`, `created_at`, `updated_at` FROM `projects`;
Executing (default): DROP TABLE `projects`;
Executing (default): CREATE TABLE IF NOT EXISTS `projects` (`id` UUID UNIQUE PRIMARY KEY, `name` VARCHAR(255) NOT NULL, `description` TEXT NOT NULL, `long_description` TEXT, `image_url` VARCHAR(255) NOT NULL, `image_gallery` JSONB, `goal_amount` DECIMAL(15,2) NOT NULL DEFAULT '0', `raised_amount` DECIMAL(15,2) NOT NULL DEFAULT '0', `location` VARCHAR(255) NOT NULL, `coordinates` JSONB, `category` TEXT NOT NULL, `status` TEXT NOT NULL DEFAULT 'upcoming', `wallet_address` VARCHAR(255) NOT NULL, `milestones` JSONB NOT NULL DEFAULT '[]', `impact_metrics` JSONB NOT NULL DEFAULT '[]', `start_date` DATETIME, `end_date` DATETIME, `partners` JSONB, `tags` JSONB, `is_active` TINYINT(1) DEFAULT 1, `accepting_donations` TINYINT(1) DEFAULT 1, `donor_count` INTEGER DEFAULT '0', `average_rating` DECIMAL(5,2), `view_count` INTEGER DEFAULT '0', `updates` TEXT, `last_update_at` DATETIME, `created_at` DATETIME NOT NULL, `updated_at` DATETIME NOT NULL);
Executing (default): INSERT INTO `projects` SELECT `id`, `name`, `description`, `long_description`, `image_url`, `image_gallery`, `goal_amount`, `raised_amount`, `location`, `coordinates`, `category`, `status`, `wallet_address`, `milestones`, `impact_metrics`, `start_date`, `end_date`, `partners`, `tags`, `is_active`, `accepting_donations`, `donor_count`, `average_rating`, `view_count`, `updates`, `last_update_at`, `created_at`, `updated_at` FROM `projects_backup`;
Executing (default): DROP TABLE `projects_backup`;
Executing (default): PRAGMA TABLE_INFO(`projects`);
Executing (default): PRAGMA INDEX_LIST(`projects`)
Executing (default): PRAGMA INDEX_INFO(`sqlite_autoindex_projects_1`)
Executing (default): PRAGMA foreign_key_list(`projects`)
Executing (default): CREATE TABLE IF NOT EXISTS `projects_backup` (`id` UUID UNIQUE PRIMARY KEY, `name` VARCHAR(255) NOT NULL, `description` TEXT NOT NULL, `long_description` TEXT, `image_url` VARCHAR(255) NOT NULL, `image_gallery` JSONB, `goal_amount` DECIMAL(15,2) NOT NULL DEFAULT '0', `raised_amount` DECIMAL(15,2) NOT NULL DEFAULT '0', `location` VARCHAR(255) NOT NULL, `coordinates` JSONB, `category` TEXT NOT NULL, `status` TEXT NOT NULL DEFAULT 'upcoming', `wallet_address` VARCHAR(255) NOT NULL, `milestones` JSONB NOT NULL DEFAULT '[]', `impact_metrics` JSONB NOT NULL DEFAULT '[]', `start_date` DATETIME, `end_date` DATETIME, `partners` JSONB, `tags` JSONB, `is_active` TINYINT(1) DEFAULT 1, `accepting_donations` TINYINT(1) DEFAULT 1, `donor_count` INTEGER DEFAULT '0', `average_rating` DECIMAL(5,2), `view_count` INTEGER DEFAULT '0', `updates` TEXT, `last_update_at` DATETIME, `created_at` DATETIME NOT NULL, `updated_at` DATETIME NOT NULL);
Executing (default): INSERT INTO `projects_backup` SELECT `id`, `name`, `description`, `long_description`, `image_url`, `image_gallery`, `goal_amount`, `raised_amount`, `location`, `coordinates`, `category`, `status`, `wallet_address`, `milestones`, `impact_metrics`, `start_date`, `end_date`, `partners`, `tags`, `is_active`, `accepting_donations`, `donor_count`, `average_rating`, `view_count`, `updates`, `last_update_at`, `created_at`, `updated_at` FROM `projects`;
Executing (default): DROP TABLE `projects`;
Executing (default): CREATE TABLE IF NOT EXISTS `projects` (`id` UUID UNIQUE PRIMARY KEY, `name` VARCHAR(255) NOT NULL, `description` TEXT NOT NULL, `long_description` TEXT, `image_url` VARCHAR(255) NOT NULL, `image_gallery` JSONB, `goal_amount` DECIMAL(15,2) NOT NULL DEFAULT '0', `raised_amount` DECIMAL(15,2) NOT NULL DEFAULT '0', `location` VARCHAR(255) NOT NULL, `coordinates` JSONB, `category` TEXT NOT NULL, `status` TEXT NOT NULL DEFAULT 'upcoming', `wallet_address` VARCHAR(255) NOT NULL, `milestones` JSONB NOT NULL DEFAULT '[]', `impact_metrics` JSONB NOT NULL DEFAULT '[]', `start_date` DATETIME, `end_date` DATETIME, `partners` JSONB, `tags` JSONB, `is_active` TINYINT(1) DEFAULT 1, `accepting_donations` TINYINT(1) DEFAULT 1, `donor_count` INTEGER DEFAULT '0', `average_rating` DECIMAL(5,2), `view_count` INTEGER DEFAULT '0', `updates` TEXT, `last_update_at` DATETIME, `created_at` DATETIME NOT NULL, `updated_at` DATETIME NOT NULL);
Executing (default): INSERT INTO `projects` SELECT `id`, `name`, `description`, `long_description`, `image_url`, `image_gallery`, `goal_amount`, `raised_amount`, `location`, `coordinates`, `category`, `status`, `wallet_address`, `milestones`, `impact_metrics`, `start_date`, `end_date`, `partners`, `tags`, `is_active`, `accepting_donations`, `donor_count`, `average_rating`, `view_count`, `updates`, `last_update_at`, `created_at`, `updated_at` FROM `projects_backup`;
Executing (default): DROP TABLE `projects_backup`;
Executing (default): PRAGMA TABLE_INFO(`projects`);
Executing (default): PRAGMA INDEX_LIST(`projects`)
Executing (default): PRAGMA INDEX_INFO(`sqlite_autoindex_projects_1`)
Executing (default): PRAGMA foreign_key_list(`projects`)
Executing (default): CREATE TABLE IF NOT EXISTS `projects_backup` (`id` UUID UNIQUE PRIMARY KEY, `name` VARCHAR(255) NOT NULL, `description` TEXT NOT NULL, `long_description` TEXT, `image_url` VARCHAR(255) NOT NULL, `image_gallery` JSONB, `goal_amount` DECIMAL(15,2) NOT NULL DEFAULT '0', `raised_amount` DECIMAL(15,2) NOT NULL DEFAULT '0', `location` VARCHAR(255) NOT NULL, `coordinates` JSONB, `category` TEXT NOT NULL, `status` TEXT NOT NULL DEFAULT 'upcoming', `wallet_address` VARCHAR(255) NOT NULL, `milestones` JSONB NOT NULL DEFAULT '[]', `impact_metrics` JSONB NOT NULL DEFAULT '[]', `start_date` DATETIME, `end_date` DATETIME, `partners` JSONB, `tags` JSONB, `is_active` TINYINT(1) DEFAULT 1, `accepting_donations` TINYINT(1) DEFAULT 1, `donor_count` INTEGER DEFAULT '0', `average_rating` DECIMAL(5,2), `view_count` INTEGER DEFAULT '0', `updates` TEXT, `last_update_at` DATETIME, `created_at` DATETIME NOT NULL, `updated_at` DATETIME NOT NULL);
Executing (default): INSERT INTO `projects_backup` SELECT `id`, `name`, `description`, `long_description`, `image_url`, `image_gallery`, `goal_amount`, `raised_amount`, `location`, `coordinates`, `category`, `status`, `wallet_address`, `milestones`, `impact_metrics`, `start_date`, `end_date`, `partners`, `tags`, `is_active`, `accepting_donations`, `donor_count`, `average_rating`, `view_count`, `updates`, `last_update_at`, `created_at`, `updated_at` FROM `projects`;
Executing (default): DROP TABLE `projects`;
Executing (default): CREATE TABLE IF NOT EXISTS `projects` (`id` UUID UNIQUE PRIMARY KEY, `name` VARCHAR(255) NOT NULL, `description` TEXT NOT NULL, `long_description` TEXT, `image_url` VARCHAR(255) NOT NULL, `image_gallery` JSONB, `goal_amount` DECIMAL(15,2) NOT NULL DEFAULT '0', `raised_amount` DECIMAL(15,2) NOT NULL DEFAULT '0', `location` VARCHAR(255) NOT NULL, `coordinates` JSONB, `category` TEXT NOT NULL, `status` TEXT NOT NULL DEFAULT 'upcoming', `wallet_address` VARCHAR(255) NOT NULL, `milestones` JSONB NOT NULL DEFAULT '[]', `impact_metrics` JSONB NOT NULL DEFAULT '[]', `start_date` DATETIME, `end_date` DATETIME, `partners` JSONB, `tags` JSONB, `is_active` TINYINT(1) DEFAULT 1, `accepting_donations` TINYINT(1) DEFAULT 1, `donor_count` INTEGER DEFAULT '0', `average_rating` DECIMAL(5,2), `view_count` INTEGER DEFAULT '0', `updates` TEXT, `last_update_at` DATETIME, `created_at` DATETIME NOT NULL, `updated_at` DATETIME NOT NULL);
Executing (default): INSERT INTO `projects` SELECT `id`, `name`, `description`, `long_description`, `image_url`, `image_gallery`, `goal_amount`, `raised_amount`, `location`, `coordinates`, `category`, `status`, `wallet_address`, `milestones`, `impact_metrics`, `start_date`, `end_date`, `partners`, `tags`, `is_active`, `accepting_donations`, `donor_count`, `average_rating`, `view_count`, `updates`, `last_update_at`, `created_at`, `updated_at` FROM `projects_backup`;
Executing (default): DROP TABLE `projects_backup`;
Executing (default): PRAGMA TABLE_INFO(`projects`);
Executing (default): PRAGMA INDEX_LIST(`projects`)
Executing (default): PRAGMA INDEX_INFO(`sqlite_autoindex_projects_1`)
Executing (default): PRAGMA foreign_key_list(`projects`)
Executing (default): CREATE TABLE IF NOT EXISTS `projects_backup` (`id` UUID UNIQUE PRIMARY KEY, `name` VARCHAR(255) NOT NULL, `description` TEXT NOT NULL, `long_description` TEXT, `image_url` VARCHAR(255) NOT NULL, `image_gallery` JSONB, `goal_amount` DECIMAL(15,2) NOT NULL DEFAULT '0', `raised_amount` DECIMAL(15,2) NOT NULL DEFAULT '0', `location` VARCHAR(255) NOT NULL, `coordinates` JSONB, `category` TEXT NOT NULL, `status` TEXT NOT NULL DEFAULT 'upcoming', `wallet_address` VARCHAR(255) NOT NULL, `milestones` JSONB NOT NULL DEFAULT '[]', `impact_metrics` JSONB NOT NULL DEFAULT '[]', `start_date` DATETIME, `end_date` DATETIME, `partners` JSONB, `tags` JSONB, `is_active` TINYINT(1) DEFAULT 1, `accepting_donations` TINYINT(1) DEFAULT 1, `donor_count` INTEGER DEFAULT '0', `average_rating` DECIMAL(5,2), `view_count` INTEGER DEFAULT '0', `updates` TEXT, `last_update_at` DATETIME, `created_at` DATETIME NOT NULL, `updated_at` DATETIME NOT NULL);
Executing (default): INSERT INTO `projects_backup` SELECT `id`, `name`, `description`, `long_description`, `image_url`, `image_gallery`, `goal_amount`, `raised_amount`, `location`, `coordinates`, `category`, `status`, `wallet_address`, `milestones`, `impact_metrics`, `start_date`, `end_date`, `partners`, `tags`, `is_active`, `accepting_donations`, `donor_count`, `average_rating`, `view_count`, `updates`, `last_update_at`, `created_at`, `updated_at` FROM `projects`;
Executing (default): DROP TABLE `projects`;
Executing (default): CREATE TABLE IF NOT EXISTS `projects` (`id` UUID UNIQUE PRIMARY KEY, `name` VARCHAR(255) NOT NULL, `description` TEXT NOT NULL, `long_description` TEXT, `image_url` VARCHAR(255) NOT NULL, `image_gallery` JSONB, `goal_amount` DECIMAL(15,2) NOT NULL DEFAULT '0', `raised_amount` DECIMAL(15,2) NOT NULL DEFAULT '0', `location` VARCHAR(255) NOT NULL, `coordinates` JSONB, `category` TEXT NOT NULL, `status` TEXT NOT NULL DEFAULT 'upcoming', `wallet_address` VARCHAR(255) NOT NULL, `milestones` JSONB NOT NULL DEFAULT '[]', `impact_metrics` JSONB NOT NULL DEFAULT '[]', `start_date` DATETIME, `end_date` DATETIME, `partners` JSONB, `tags` JSONB, `is_active` TINYINT(1) DEFAULT 1, `accepting_donations` TINYINT(1) DEFAULT 1, `donor_count` INTEGER DEFAULT '0', `average_rating` DECIMAL(5,2), `view_count` INTEGER DEFAULT '0', `updates` TEXT, `last_update_at` DATETIME, `created_at` DATETIME NOT NULL, `updated_at` DATETIME NOT NULL);
Executing (default): INSERT INTO `projects` SELECT `id`, `name`, `description`, `long_description`, `image_url`, `image_gallery`, `goal_amount`, `raised_amount`, `location`, `coordinates`, `category`, `status`, `wallet_address`, `milestones`, `impact_metrics`, `start_date`, `end_date`, `partners`, `tags`, `is_active`, `accepting_donations`, `donor_count`, `average_rating`, `view_count`, `updates`, `last_update_at`, `created_at`, `updated_at` FROM `projects_backup`;
Executing (default): DROP TABLE `projects_backup`;
Executing (default): PRAGMA TABLE_INFO(`projects`);
Executing (default): PRAGMA INDEX_LIST(`projects`)
Executing (default): PRAGMA INDEX_INFO(`sqlite_autoindex_projects_1`)
Executing (default): PRAGMA foreign_key_list(`projects`)
Executing (default): CREATE TABLE IF NOT EXISTS `projects_backup` (`id` UUID UNIQUE PRIMARY KEY, `name` VARCHAR(255) NOT NULL, `description` TEXT NOT NULL, `long_description` TEXT, `image_url` VARCHAR(255) NOT NULL, `image_gallery` JSONB, `goal_amount` DECIMAL(15,2) NOT NULL DEFAULT '0', `raised_amount` DECIMAL(15,2) NOT NULL DEFAULT '0', `location` VARCHAR(255) NOT NULL, `coordinates` JSONB, `category` TEXT NOT NULL, `status` TEXT NOT NULL DEFAULT 'upcoming', `wallet_address` VARCHAR(255) NOT NULL, `milestones` JSONB NOT NULL DEFAULT '[]', `impact_metrics` JSONB NOT NULL DEFAULT '[]', `start_date` DATETIME, `end_date` DATETIME, `partners` JSONB, `tags` JSONB, `is_active` TINYINT(1) DEFAULT 1, `accepting_donations` TINYINT(1) DEFAULT 1, `donor_count` INTEGER DEFAULT '0', `average_rating` DECIMAL(5,2), `view_count` INTEGER DEFAULT '0', `updates` TEXT, `last_update_at` DATETIME, `created_at` DATETIME NOT NULL, `updated_at` DATETIME NOT NULL);
Executing (default): INSERT INTO `projects_backup` SELECT `id`, `name`, `description`, `long_description`, `image_url`, `image_gallery`, `goal_amount`, `raised_amount`, `location`, `coordinates`, `category`, `status`, `wallet_address`, `milestones`, `impact_metrics`, `start_date`, `end_date`, `partners`, `tags`, `is_active`, `accepting_donations`, `donor_count`, `average_rating`, `view_count`, `updates`, `last_update_at`, `created_at`, `updated_at` FROM `projects`;
Executing (default): DROP TABLE `projects`;
Executing (default): CREATE TABLE IF NOT EXISTS `projects` (`id` UUID UNIQUE PRIMARY KEY, `name` VARCHAR(255) NOT NULL, `description` TEXT NOT NULL, `long_description` TEXT, `image_url` VARCHAR(255) NOT NULL, `image_gallery` JSONB, `goal_amount` DECIMAL(15,2) NOT NULL DEFAULT '0', `raised_amount` DECIMAL(15,2) NOT NULL DEFAULT '0', `location` VARCHAR(255) NOT NULL, `coordinates` JSONB, `category` TEXT NOT NULL, `status` TEXT NOT NULL DEFAULT 'upcoming', `wallet_address` VARCHAR(255) NOT NULL, `milestones` JSONB NOT NULL DEFAULT '[]', `impact_metrics` JSONB NOT NULL DEFAULT '[]', `start_date` DATETIME, `end_date` DATETIME, `partners` JSONB, `tags` JSONB, `is_active` TINYINT(1) DEFAULT 1, `accepting_donations` TINYINT(1) DEFAULT 1, `donor_count` INTEGER DEFAULT '0', `average_rating` DECIMAL(5,2), `view_count` INTEGER DEFAULT '0', `updates` TEXT, `last_update_at` DATETIME, `created_at` DATETIME NOT NULL, `updated_at` DATETIME NOT NULL);
Executing (default): INSERT INTO `projects` SELECT `id`, `name`, `description`, `long_description`, `image_url`, `image_gallery`, `goal_amount`, `raised_amount`, `location`, `coordinates`, `category`, `status`, `wallet_address`, `milestones`, `impact_metrics`, `start_date`, `end_date`, `partners`, `tags`, `is_active`, `accepting_donations`, `donor_count`, `average_rating`, `view_count`, `updates`, `last_update_at`, `created_at`, `updated_at` FROM `projects_backup`;
Executing (default): DROP TABLE `projects_backup`;
Executing (default): PRAGMA TABLE_INFO(`projects`);
Executing (default): PRAGMA INDEX_LIST(`projects`)
Executing (default): PRAGMA INDEX_INFO(`sqlite_autoindex_projects_1`)
Executing (default): PRAGMA foreign_key_list(`projects`)
Executing (default): CREATE TABLE IF NOT EXISTS `projects_backup` (`id` UUID UNIQUE PRIMARY KEY, `name` VARCHAR(255) NOT NULL, `description` TEXT NOT NULL, `long_description` TEXT, `image_url` VARCHAR(255) NOT NULL, `image_gallery` JSONB, `goal_amount` DECIMAL(15,2) NOT NULL DEFAULT 0, `raised_amount` DECIMAL(15,2) NOT NULL DEFAULT '0', `location` VARCHAR(255) NOT NULL, `coordinates` JSONB, `category` TEXT NOT NULL, `status` TEXT NOT NULL DEFAULT 'upcoming', `wallet_address` VARCHAR(255) NOT NULL, `milestones` JSONB NOT NULL DEFAULT '[]', `impact_metrics` JSONB NOT NULL DEFAULT '[]', `start_date` DATETIME, `end_date` DATETIME, `partners` JSONB, `tags` JSONB, `is_active` TINYINT(1) DEFAULT 1, `accepting_donations` TINYINT(1) DEFAULT 1, `donor_count` INTEGER DEFAULT '0', `average_rating` DECIMAL(5,2), `view_count` INTEGER DEFAULT '0', `updates` TEXT, `last_update_at` DATETIME, `created_at` DATETIME NOT NULL, `updated_at` DATETIME NOT NULL);
Executing (default): INSERT INTO `projects_backup` SELECT `id`, `name`, `description`, `long_description`, `image_url`, `image_gallery`, `goal_amount`, `raised_amount`, `location`, `coordinates`, `category`, `status`, `wallet_address`, `milestones`, `impact_metrics`, `start_date`, `end_date`, `partners`, `tags`, `is_active`, `accepting_donations`, `donor_count`, `average_rating`, `view_count`, `updates`, `last_update_at`, `created_at`, `updated_at` FROM `projects`;
Executing (default): DROP TABLE `projects`;
Executing (default): CREATE TABLE IF NOT EXISTS `projects` (`id` UUID UNIQUE PRIMARY KEY, `name` VARCHAR(255) NOT NULL, `description` TEXT NOT NULL, `long_description` TEXT, `image_url` VARCHAR(255) NOT NULL, `image_gallery` JSONB, `goal_amount` DECIMAL(15,2) NOT NULL DEFAULT 0, `raised_amount` DECIMAL(15,2) NOT NULL DEFAULT '0', `location` VARCHAR(255) NOT NULL, `coordinates` JSONB, `category` TEXT NOT NULL, `status` TEXT NOT NULL DEFAULT 'upcoming', `wallet_address` VARCHAR(255) NOT NULL, `milestones` JSONB NOT NULL DEFAULT '[]', `impact_metrics` JSONB NOT NULL DEFAULT '[]', `start_date` DATETIME, `end_date` DATETIME, `partners` JSONB, `tags` JSONB, `is_active` TINYINT(1) DEFAULT 1, `accepting_donations` TINYINT(1) DEFAULT 1, `donor_count` INTEGER DEFAULT '0', `average_rating` DECIMAL(5,2), `view_count` INTEGER DEFAULT '0', `updates` TEXT, `last_update_at` DATETIME, `created_at` DATETIME NOT NULL, `updated_at` DATETIME NOT NULL);
Executing (default): INSERT INTO `projects` SELECT `id`, `name`, `description`, `long_description`, `image_url`, `image_gallery`, `goal_amount`, `raised_amount`, `location`, `coordinates`, `category`, `status`, `wallet_address`, `milestones`, `impact_metrics`, `start_date`, `end_date`, `partners`, `tags`, `is_active`, `accepting_donations`, `donor_count`, `average_rating`, `view_count`, `updates`, `last_update_at`, `created_at`, `updated_at` FROM `projects_backup`;
Executing (default): DROP TABLE `projects_backup`;
Executing (default): PRAGMA TABLE_INFO(`projects`);
Executing (default): PRAGMA INDEX_LIST(`projects`)
Executing (default): PRAGMA INDEX_INFO(`sqlite_autoindex_projects_1`)
Executing (default): PRAGMA foreign_key_list(`projects`)
Executing (default): CREATE TABLE IF NOT EXISTS `projects_backup` (`id` UUID UNIQUE PRIMARY KEY, `name` VARCHAR(255) NOT NULL, `description` TEXT NOT NULL, `long_description` TEXT, `image_url` VARCHAR(255) NOT NULL, `image_gallery` JSONB, `goal_amount` DECIMAL(15,2) NOT NULL DEFAULT '0', `raised_amount` DECIMAL(15,2) NOT NULL DEFAULT 0, `location` VARCHAR(255) NOT NULL, `coordinates` JSONB, `category` TEXT NOT NULL, `status` TEXT NOT NULL DEFAULT 'upcoming', `wallet_address` VARCHAR(255) NOT NULL, `milestones` JSONB NOT NULL DEFAULT '[]', `impact_metrics` JSONB NOT NULL DEFAULT '[]', `start_date` DATETIME, `end_date` DATETIME, `partners` JSONB, `tags` JSONB, `is_active` TINYINT(1) DEFAULT 1, `accepting_donations` TINYINT(1) DEFAULT 1, `donor_count` INTEGER DEFAULT '0', `average_rating` DECIMAL(5,2), `view_count` INTEGER DEFAULT '0', `updates` TEXT, `last_update_at` DATETIME, `created_at` DATETIME NOT NULL, `updated_at` DATETIME NOT NULL);
Executing (default): INSERT INTO `projects_backup` SELECT `id`, `name`, `description`, `long_description`, `image_url`, `image_gallery`, `goal_amount`, `raised_amount`, `location`, `coordinates`, `category`, `status`, `wallet_address`, `milestones`, `impact_metrics`, `start_date`, `end_date`, `partners`, `tags`, `is_active`, `accepting_donations`, `donor_count`, `average_rating`, `view_count`, `updates`, `last_update_at`, `created_at`, `updated_at` FROM `projects`;
Executing (default): DROP TABLE `projects`;
Executing (default): CREATE TABLE IF NOT EXISTS `projects` (`id` UUID UNIQUE PRIMARY KEY, `name` VARCHAR(255) NOT NULL, `description` TEXT NOT NULL, `long_description` TEXT, `image_url` VARCHAR(255) NOT NULL, `image_gallery` JSONB, `goal_amount` DECIMAL(15,2) NOT NULL DEFAULT '0', `raised_amount` DECIMAL(15,2) NOT NULL DEFAULT 0, `location` VARCHAR(255) NOT NULL, `coordinates` JSONB, `category` TEXT NOT NULL, `status` TEXT NOT NULL DEFAULT 'upcoming', `wallet_address` VARCHAR(255) NOT NULL, `milestones` JSONB NOT NULL DEFAULT '[]', `impact_metrics` JSONB NOT NULL DEFAULT '[]', `start_date` DATETIME, `end_date` DATETIME, `partners` JSONB, `tags` JSONB, `is_active` TINYINT(1) DEFAULT 1, `accepting_donations` TINYINT(1) DEFAULT 1, `donor_count` INTEGER DEFAULT '0', `average_rating` DECIMAL(5,2), `view_count` INTEGER DEFAULT '0', `updates` TEXT, `last_update_at` DATETIME, `created_at` DATETIME NOT NULL, `updated_at` DATETIME NOT NULL);
Executing (default): INSERT INTO `projects` SELECT `id`, `name`, `description`, `long_description`, `image_url`, `image_gallery`, `goal_amount`, `raised_amount`, `location`, `coordinates`, `category`, `status`, `wallet_address`, `milestones`, `impact_metrics`, `start_date`, `end_date`, `partners`, `tags`, `is_active`, `accepting_donations`, `donor_count`, `average_rating`, `view_count`, `updates`, `last_update_at`, `created_at`, `updated_at` FROM `projects_backup`;
Executing (default): DROP TABLE `projects_backup`;
Executing (default): PRAGMA TABLE_INFO(`projects`);
Executing (default): PRAGMA INDEX_LIST(`projects`)
Executing (default): PRAGMA INDEX_INFO(`sqlite_autoindex_projects_1`)
Executing (default): PRAGMA foreign_key_list(`projects`)
Executing (default): CREATE TABLE IF NOT EXISTS `projects_backup` (`id` UUID UNIQUE PRIMARY KEY, `name` VARCHAR(255) NOT NULL, `description` TEXT NOT NULL, `long_description` TEXT, `image_url` VARCHAR(255) NOT NULL, `image_gallery` JSONB, `goal_amount` DECIMAL(15,2) NOT NULL DEFAULT '0', `raised_amount` DECIMAL(15,2) NOT NULL DEFAULT '0', `location` VARCHAR(255) NOT NULL, `coordinates` JSONB, `category` TEXT NOT NULL, `status` TEXT NOT NULL DEFAULT 'upcoming', `wallet_address` VARCHAR(255) NOT NULL, `milestones` JSONB NOT NULL DEFAULT '[]', `impact_metrics` JSONB NOT NULL DEFAULT '[]', `start_date` DATETIME, `end_date` DATETIME, `partners` JSONB, `tags` JSONB, `is_active` TINYINT(1) DEFAULT 1, `accepting_donations` TINYINT(1) DEFAULT 1, `donor_count` INTEGER DEFAULT '0', `average_rating` DECIMAL(5,2), `view_count` INTEGER DEFAULT '0', `updates` TEXT, `last_update_at` DATETIME, `created_at` DATETIME NOT NULL, `updated_at` DATETIME NOT NULL);
Executing (default): INSERT INTO `projects_backup` SELECT `id`, `name`, `description`, `long_description`, `image_url`, `image_gallery`, `goal_amount`, `raised_amount`, `location`, `coordinates`, `category`, `status`, `wallet_address`, `milestones`, `impact_metrics`, `start_date`, `end_date`, `partners`, `tags`, `is_active`, `accepting_donations`, `donor_count`, `average_rating`, `view_count`, `updates`, `last_update_at`, `created_at`, `updated_at` FROM `projects`;
Executing (default): DROP TABLE `projects`;
Executing (default): CREATE TABLE IF NOT EXISTS `projects` (`id` UUID UNIQUE PRIMARY KEY, `name` VARCHAR(255) NOT NULL, `description` TEXT NOT NULL, `long_description` TEXT, `image_url` VARCHAR(255) NOT NULL, `image_gallery` JSONB, `goal_amount` DECIMAL(15,2) NOT NULL DEFAULT '0', `raised_amount` DECIMAL(15,2) NOT NULL DEFAULT '0', `location` VARCHAR(255) NOT NULL, `coordinates` JSONB, `category` TEXT NOT NULL, `status` TEXT NOT NULL DEFAULT 'upcoming', `wallet_address` VARCHAR(255) NOT NULL, `milestones` JSONB NOT NULL DEFAULT '[]', `impact_metrics` JSONB NOT NULL DEFAULT '[]', `start_date` DATETIME, `end_date` DATETIME, `partners` JSONB, `tags` JSONB, `is_active` TINYINT(1) DEFAULT 1, `accepting_donations` TINYINT(1) DEFAULT 1, `donor_count` INTEGER DEFAULT '0', `average_rating` DECIMAL(5,2), `view_count` INTEGER DEFAULT '0', `updates` TEXT, `last_update_at` DATETIME, `created_at` DATETIME NOT NULL, `updated_at` DATETIME NOT NULL);
Executing (default): INSERT INTO `projects` SELECT `id`, `name`, `description`, `long_description`, `image_url`, `image_gallery`, `goal_amount`, `raised_amount`, `location`, `coordinates`, `category`, `status`, `wallet_address`, `milestones`, `impact_metrics`, `start_date`, `end_date`, `partners`, `tags`, `is_active`, `accepting_donations`, `donor_count`, `average_rating`, `view_count`, `updates`, `last_update_at`, `created_at`, `updated_at` FROM `projects_backup`;
Executing (default): DROP TABLE `projects_backup`;
Executing (default): PRAGMA TABLE_INFO(`projects`);
Executing (default): PRAGMA INDEX_LIST(`projects`)
Executing (default): PRAGMA INDEX_INFO(`sqlite_autoindex_projects_1`)
Executing (default): PRAGMA foreign_key_list(`projects`)
Executing (default): CREATE TABLE IF NOT EXISTS `projects_backup` (`id` UUID UNIQUE PRIMARY KEY, `name` VARCHAR(255) NOT NULL, `description` TEXT NOT NULL, `long_description` TEXT, `image_url` VARCHAR(255) NOT NULL, `image_gallery` JSONB, `goal_amount` DECIMAL(15,2) NOT NULL DEFAULT '0', `raised_amount` DECIMAL(15,2) NOT NULL DEFAULT '0', `location` VARCHAR(255) NOT NULL, `coordinates` JSONB, `category` TEXT NOT NULL, `status` TEXT NOT NULL DEFAULT 'upcoming', `wallet_address` VARCHAR(255) NOT NULL, `milestones` JSONB NOT NULL DEFAULT '[]', `impact_metrics` JSONB NOT NULL DEFAULT '[]', `start_date` DATETIME, `end_date` DATETIME, `partners` JSONB, `tags` JSONB, `is_active` TINYINT(1) DEFAULT 1, `accepting_donations` TINYINT(1) DEFAULT 1, `donor_count` INTEGER DEFAULT '0', `average_rating` DECIMAL(5,2), `view_count` INTEGER DEFAULT '0', `updates` TEXT, `last_update_at` DATETIME, `created_at` DATETIME NOT NULL, `updated_at` DATETIME NOT NULL);
Executing (default): INSERT INTO `projects_backup` SELECT `id`, `name`, `description`, `long_description`, `image_url`, `image_gallery`, `goal_amount`, `raised_amount`, `location`, `coordinates`, `category`, `status`, `wallet_address`, `milestones`, `impact_metrics`, `start_date`, `end_date`, `partners`, `tags`, `is_active`, `accepting_donations`, `donor_count`, `average_rating`, `view_count`, `updates`, `last_update_at`, `created_at`, `updated_at` FROM `projects`;
Executing (default): DROP TABLE `projects`;
Executing (default): CREATE TABLE IF NOT EXISTS `projects` (`id` UUID UNIQUE PRIMARY KEY, `name` VARCHAR(255) NOT NULL, `description` TEXT NOT NULL, `long_description` TEXT, `image_url` VARCHAR(255) NOT NULL, `image_gallery` JSONB, `goal_amount` DECIMAL(15,2) NOT NULL DEFAULT '0', `raised_amount` DECIMAL(15,2) NOT NULL DEFAULT '0', `location` VARCHAR(255) NOT NULL, `coordinates` JSONB, `category` TEXT NOT NULL, `status` TEXT NOT NULL DEFAULT 'upcoming', `wallet_address` VARCHAR(255) NOT NULL, `milestones` JSONB NOT NULL DEFAULT '[]', `impact_metrics` JSONB NOT NULL DEFAULT '[]', `start_date` DATETIME, `end_date` DATETIME, `partners` JSONB, `tags` JSONB, `is_active` TINYINT(1) DEFAULT 1, `accepting_donations` TINYINT(1) DEFAULT 1, `donor_count` INTEGER DEFAULT '0', `average_rating` DECIMAL(5,2), `view_count` INTEGER DEFAULT '0', `updates` TEXT, `last_update_at` DATETIME, `created_at` DATETIME NOT NULL, `updated_at` DATETIME NOT NULL);
Executing (default): INSERT INTO `projects` SELECT `id`, `name`, `description`, `long_description`, `image_url`, `image_gallery`, `goal_amount`, `raised_amount`, `location`, `coordinates`, `category`, `status`, `wallet_address`, `milestones`, `impact_metrics`, `start_date`, `end_date`, `partners`, `tags`, `is_active`, `accepting_donations`, `donor_count`, `average_rating`, `view_count`, `updates`, `last_update_at`, `created_at`, `updated_at` FROM `projects_backup`;
Executing (default): DROP TABLE `projects_backup`;
Executing (default): PRAGMA TABLE_INFO(`projects`);
Executing (default): PRAGMA INDEX_LIST(`projects`)
Executing (default): PRAGMA INDEX_INFO(`sqlite_autoindex_projects_1`)
Executing (default): PRAGMA foreign_key_list(`projects`)
Executing (default): CREATE TABLE IF NOT EXISTS `projects_backup` (`id` UUID UNIQUE PRIMARY KEY, `name` VARCHAR(255) NOT NULL, `description` TEXT NOT NULL, `long_description` TEXT, `image_url` VARCHAR(255) NOT NULL, `image_gallery` JSONB, `goal_amount` DECIMAL(15,2) NOT NULL DEFAULT '0', `raised_amount` DECIMAL(15,2) NOT NULL DEFAULT '0', `location` VARCHAR(255) NOT NULL, `coordinates` JSONB, `category` TEXT NOT NULL, `status` TEXT NOT NULL DEFAULT 'upcoming', `wallet_address` VARCHAR(255) NOT NULL, `milestones` JSONB NOT NULL DEFAULT '[]', `impact_metrics` JSONB NOT NULL DEFAULT '[]', `start_date` DATETIME, `end_date` DATETIME, `partners` JSONB, `tags` JSONB, `is_active` TINYINT(1) DEFAULT 1, `accepting_donations` TINYINT(1) DEFAULT 1, `donor_count` INTEGER DEFAULT '0', `average_rating` DECIMAL(5,2), `view_count` INTEGER DEFAULT '0', `updates` TEXT, `last_update_at` DATETIME, `created_at` DATETIME NOT NULL, `updated_at` DATETIME NOT NULL);
Executing (default): INSERT INTO `projects_backup` SELECT `id`, `name`, `description`, `long_description`, `image_url`, `image_gallery`, `goal_amount`, `raised_amount`, `location`, `coordinates`, `category`, `status`, `wallet_address`, `milestones`, `impact_metrics`, `start_date`, `end_date`, `partners`, `tags`, `is_active`, `accepting_donations`, `donor_count`, `average_rating`, `view_count`, `updates`, `last_update_at`, `created_at`, `updated_at` FROM `projects`;
Executing (default): DROP TABLE `projects`;
Executing (default): CREATE TABLE IF NOT EXISTS `projects` (`id` UUID UNIQUE PRIMARY KEY, `name` VARCHAR(255) NOT NULL, `description` TEXT NOT NULL, `long_description` TEXT, `image_url` VARCHAR(255) NOT NULL, `image_gallery` JSONB, `goal_amount` DECIMAL(15,2) NOT NULL DEFAULT '0', `raised_amount` DECIMAL(15,2) NOT NULL DEFAULT '0', `location` VARCHAR(255) NOT NULL, `coordinates` JSONB, `category` TEXT NOT NULL, `status` TEXT NOT NULL DEFAULT 'upcoming', `wallet_address` VARCHAR(255) NOT NULL, `milestones` JSONB NOT NULL DEFAULT '[]', `impact_metrics` JSONB NOT NULL DEFAULT '[]', `start_date` DATETIME, `end_date` DATETIME, `partners` JSONB, `tags` JSONB, `is_active` TINYINT(1) DEFAULT 1, `accepting_donations` TINYINT(1) DEFAULT 1, `donor_count` INTEGER DEFAULT '0', `average_rating` DECIMAL(5,2), `view_count` INTEGER DEFAULT '0', `updates` TEXT, `last_update_at` DATETIME, `created_at` DATETIME NOT NULL, `updated_at` DATETIME NOT NULL);
Executing (default): INSERT INTO `projects` SELECT `id`, `name`, `description`, `long_description`, `image_url`, `image_gallery`, `goal_amount`, `raised_amount`, `location`, `coordinates`, `category`, `status`, `wallet_address`, `milestones`, `impact_metrics`, `start_date`, `end_date`, `partners`, `tags`, `is_active`, `accepting_donations`, `donor_count`, `average_rating`, `view_count`, `updates`, `last_update_at`, `created_at`, `updated_at` FROM `projects_backup`;
Executing (default): DROP TABLE `projects_backup`;
Executing (default): PRAGMA TABLE_INFO(`projects`);
Executing (default): PRAGMA INDEX_LIST(`projects`)
Executing (default): PRAGMA INDEX_INFO(`sqlite_autoindex_projects_1`)
Executing (default): PRAGMA foreign_key_list(`projects`)
Executing (default): CREATE TABLE IF NOT EXISTS `projects_backup` (`id` UUID UNIQUE PRIMARY KEY, `name` VARCHAR(255) NOT NULL, `description` TEXT NOT NULL, `long_description` TEXT, `image_url` VARCHAR(255) NOT NULL, `image_gallery` JSONB, `goal_amount` DECIMAL(15,2) NOT NULL DEFAULT '0', `raised_amount` DECIMAL(15,2) NOT NULL DEFAULT '0', `location` VARCHAR(255) NOT NULL, `coordinates` JSONB, `category` TEXT NOT NULL, `status` TEXT NOT NULL DEFAULT 'upcoming', `wallet_address` VARCHAR(255) NOT NULL, `milestones` JSONB NOT NULL DEFAULT '[]', `impact_metrics` JSONB NOT NULL DEFAULT '[]', `start_date` DATETIME, `end_date` DATETIME, `partners` JSONB, `tags` JSONB, `is_active` TINYINT(1) DEFAULT 1, `accepting_donations` TINYINT(1) DEFAULT 1, `donor_count` INTEGER DEFAULT '0', `average_rating` DECIMAL(5,2), `view_count` INTEGER DEFAULT '0', `updates` TEXT, `last_update_at` DATETIME, `created_at` DATETIME NOT NULL, `updated_at` DATETIME NOT NULL);
Executing (default): INSERT INTO `projects_backup` SELECT `id`, `name`, `description`, `long_description`, `image_url`, `image_gallery`, `goal_amount`, `raised_amount`, `location`, `coordinates`, `category`, `status`, `wallet_address`, `milestones`, `impact_metrics`, `start_date`, `end_date`, `partners`, `tags`, `is_active`, `accepting_donations`, `donor_count`, `average_rating`, `view_count`, `updates`, `last_update_at`, `created_at`, `updated_at` FROM `projects`;
Executing (default): DROP TABLE `projects`;
Executing (default): CREATE TABLE IF NOT EXISTS `projects` (`id` UUID UNIQUE PRIMARY KEY, `name` VARCHAR(255) NOT NULL, `description` TEXT NOT NULL, `long_description` TEXT, `image_url` VARCHAR(255) NOT NULL, `image_gallery` JSONB, `goal_amount` DECIMAL(15,2) NOT NULL DEFAULT '0', `raised_amount` DECIMAL(15,2) NOT NULL DEFAULT '0', `location` VARCHAR(255) NOT NULL, `coordinates` JSONB, `category` TEXT NOT NULL, `status` TEXT NOT NULL DEFAULT 'upcoming', `wallet_address` VARCHAR(255) NOT NULL, `milestones` JSONB NOT NULL DEFAULT '[]', `impact_metrics` JSONB NOT NULL DEFAULT '[]', `start_date` DATETIME, `end_date` DATETIME, `partners` JSONB, `tags` JSONB, `is_active` TINYINT(1) DEFAULT 1, `accepting_donations` TINYINT(1) DEFAULT 1, `donor_count` INTEGER DEFAULT '0', `average_rating` DECIMAL(5,2), `view_count` INTEGER DEFAULT '0', `updates` TEXT, `last_update_at` DATETIME, `created_at` DATETIME NOT NULL, `updated_at` DATETIME NOT NULL);
Executing (default): INSERT INTO `projects` SELECT `id`, `name`, `description`, `long_description`, `image_url`, `image_gallery`, `goal_amount`, `raised_amount`, `location`, `coordinates`, `category`, `status`, `wallet_address`, `milestones`, `impact_metrics`, `start_date`, `end_date`, `partners`, `tags`, `is_active`, `accepting_donations`, `donor_count`, `average_rating`, `view_count`, `updates`, `last_update_at`, `created_at`, `updated_at` FROM `projects_backup`;
Executing (default): DROP TABLE `projects_backup`;
Executing (default): PRAGMA TABLE_INFO(`projects`);
Executing (default): PRAGMA INDEX_LIST(`projects`)
Executing (default): PRAGMA INDEX_INFO(`sqlite_autoindex_projects_1`)
Executing (default): PRAGMA foreign_key_list(`projects`)
Executing (default): CREATE TABLE IF NOT EXISTS `projects_backup` (`id` UUID UNIQUE PRIMARY KEY, `name` VARCHAR(255) NOT NULL, `description` TEXT NOT NULL, `long_description` TEXT, `image_url` VARCHAR(255) NOT NULL, `image_gallery` JSONB, `goal_amount` DECIMAL(15,2) NOT NULL DEFAULT '0', `raised_amount` DECIMAL(15,2) NOT NULL DEFAULT '0', `location` VARCHAR(255) NOT NULL, `coordinates` JSONB, `category` TEXT NOT NULL, `status` TEXT NOT NULL DEFAULT 'upcoming', `wallet_address` VARCHAR(255) NOT NULL, `milestones` JSONB NOT NULL DEFAULT '[]', `impact_metrics` JSONB NOT NULL DEFAULT '[]', `start_date` DATETIME, `end_date` DATETIME, `partners` JSONB, `tags` JSONB, `is_active` TINYINT(1) DEFAULT 1, `accepting_donations` TINYINT(1) DEFAULT 1, `donor_count` INTEGER DEFAULT '0', `average_rating` DECIMAL(5,2), `view_count` INTEGER DEFAULT '0', `updates` TEXT, `last_update_at` DATETIME, `created_at` DATETIME NOT NULL, `updated_at` DATETIME NOT NULL);
Executing (default): INSERT INTO `projects_backup` SELECT `id`, `name`, `description`, `long_description`, `image_url`, `image_gallery`, `goal_amount`, `raised_amount`, `location`, `coordinates`, `category`, `status`, `wallet_address`, `milestones`, `impact_metrics`, `start_date`, `end_date`, `partners`, `tags`, `is_active`, `accepting_donations`, `donor_count`, `average_rating`, `view_count`, `updates`, `last_update_at`, `created_at`, `updated_at` FROM `projects`;
Executing (default): DROP TABLE `projects`;
Executing (default): CREATE TABLE IF NOT EXISTS `projects` (`id` UUID UNIQUE PRIMARY KEY, `name` VARCHAR(255) NOT NULL, `description` TEXT NOT NULL, `long_description` TEXT, `image_url` VARCHAR(255) NOT NULL, `image_gallery` JSONB, `goal_amount` DECIMAL(15,2) NOT NULL DEFAULT '0', `raised_amount` DECIMAL(15,2) NOT NULL DEFAULT '0', `location` VARCHAR(255) NOT NULL, `coordinates` JSONB, `category` TEXT NOT NULL, `status` TEXT NOT NULL DEFAULT 'upcoming', `wallet_address` VARCHAR(255) NOT NULL, `milestones` JSONB NOT NULL DEFAULT '[]', `impact_metrics` JSONB NOT NULL DEFAULT '[]', `start_date` DATETIME, `end_date` DATETIME, `partners` JSONB, `tags` JSONB, `is_active` TINYINT(1) DEFAULT 1, `accepting_donations` TINYINT(1) DEFAULT 1, `donor_count` INTEGER DEFAULT '0', `average_rating` DECIMAL(5,2), `view_count` INTEGER DEFAULT '0', `updates` TEXT, `last_update_at` DATETIME, `created_at` DATETIME NOT NULL, `updated_at` DATETIME NOT NULL);
Executing (default): INSERT INTO `projects` SELECT `id`, `name`, `description`, `long_description`, `image_url`, `image_gallery`, `goal_amount`, `raised_amount`, `location`, `coordinates`, `category`, `status`, `wallet_address`, `milestones`, `impact_metrics`, `start_date`, `end_date`, `partners`, `tags`, `is_active`, `accepting_donations`, `donor_count`, `average_rating`, `view_count`, `updates`, `last_update_at`, `created_at`, `updated_at` FROM `projects_backup`;
Executing (default): DROP TABLE `projects_backup`;
Executing (default): PRAGMA TABLE_INFO(`projects`);
Executing (default): PRAGMA INDEX_LIST(`projects`)
Executing (default): PRAGMA INDEX_INFO(`sqlite_autoindex_projects_1`)
Executing (default): PRAGMA foreign_key_list(`projects`)
Executing (default): CREATE TABLE IF NOT EXISTS `projects_backup` (`id` UUID UNIQUE PRIMARY KEY, `name` VARCHAR(255) NOT NULL, `description` TEXT NOT NULL, `long_description` TEXT, `image_url` VARCHAR(255) NOT NULL, `image_gallery` JSONB, `goal_amount` DECIMAL(15,2) NOT NULL DEFAULT '0', `raised_amount` DECIMAL(15,2) NOT NULL DEFAULT '0', `location` VARCHAR(255) NOT NULL, `coordinates` JSONB, `category` TEXT NOT NULL, `status` TEXT NOT NULL DEFAULT 'upcoming', `wallet_address` VARCHAR(255) NOT NULL, `milestones` JSONB NOT NULL DEFAULT '[]', `impact_metrics` JSONB NOT NULL DEFAULT '[]', `start_date` DATETIME, `end_date` DATETIME, `partners` JSONB, `tags` JSONB, `is_active` TINYINT(1) DEFAULT 1, `accepting_donations` TINYINT(1) DEFAULT 1, `donor_count` INTEGER DEFAULT '0', `average_rating` DECIMAL(5,2), `view_count` INTEGER DEFAULT '0', `updates` TEXT, `last_update_at` DATETIME, `created_at` DATETIME NOT NULL, `updated_at` DATETIME NOT NULL);
Executing (default): INSERT INTO `projects_backup` SELECT `id`, `name`, `description`, `long_description`, `image_url`, `image_gallery`, `goal_amount`, `raised_amount`, `location`, `coordinates`, `category`, `status`, `wallet_address`, `milestones`, `impact_metrics`, `start_date`, `end_date`, `partners`, `tags`, `is_active`, `accepting_donations`, `donor_count`, `average_rating`, `view_count`, `updates`, `last_update_at`, `created_at`, `updated_at` FROM `projects`;
Executing (default): DROP TABLE `projects`;
Executing (default): CREATE TABLE IF NOT EXISTS `projects` (`id` UUID UNIQUE PRIMARY KEY, `name` VARCHAR(255) NOT NULL, `description` TEXT NOT NULL, `long_description` TEXT, `image_url` VARCHAR(255) NOT NULL, `image_gallery` JSONB, `goal_amount` DECIMAL(15,2) NOT NULL DEFAULT '0', `raised_amount` DECIMAL(15,2) NOT NULL DEFAULT '0', `location` VARCHAR(255) NOT NULL, `coordinates` JSONB, `category` TEXT NOT NULL, `status` TEXT NOT NULL DEFAULT 'upcoming', `wallet_address` VARCHAR(255) NOT NULL, `milestones` JSONB NOT NULL DEFAULT '[]', `impact_metrics` JSONB NOT NULL DEFAULT '[]', `start_date` DATETIME, `end_date` DATETIME, `partners` JSONB, `tags` JSONB, `is_active` TINYINT(1) DEFAULT 1, `accepting_donations` TINYINT(1) DEFAULT 1, `donor_count` INTEGER DEFAULT '0', `average_rating` DECIMAL(5,2), `view_count` INTEGER DEFAULT '0', `updates` TEXT, `last_update_at` DATETIME, `created_at` DATETIME NOT NULL, `updated_at` DATETIME NOT NULL);
Executing (default): INSERT INTO `projects` SELECT `id`, `name`, `description`, `long_description`, `image_url`, `image_gallery`, `goal_amount`, `raised_amount`, `location`, `coordinates`, `category`, `status`, `wallet_address`, `milestones`, `impact_metrics`, `start_date`, `end_date`, `partners`, `tags`, `is_active`, `accepting_donations`, `donor_count`, `average_rating`, `view_count`, `updates`, `last_update_at`, `created_at`, `updated_at` FROM `projects_backup`;
Executing (default): DROP TABLE `projects_backup`;
Executing (default): PRAGMA TABLE_INFO(`projects`);
Executing (default): PRAGMA INDEX_LIST(`projects`)
Executing (default): PRAGMA INDEX_INFO(`sqlite_autoindex_projects_1`)
Executing (default): PRAGMA foreign_key_list(`projects`)
Executing (default): CREATE TABLE IF NOT EXISTS `projects_backup` (`id` UUID UNIQUE PRIMARY KEY, `name` VARCHAR(255) NOT NULL, `description` TEXT NOT NULL, `long_description` TEXT, `image_url` VARCHAR(255) NOT NULL, `image_gallery` JSONB, `goal_amount` DECIMAL(15,2) NOT NULL DEFAULT '0', `raised_amount` DECIMAL(15,2) NOT NULL DEFAULT '0', `location` VARCHAR(255) NOT NULL, `coordinates` JSONB, `category` TEXT NOT NULL, `status` TEXT NOT NULL DEFAULT 'upcoming', `wallet_address` VARCHAR(255) NOT NULL, `milestones` JSONB NOT NULL DEFAULT '[]', `impact_metrics` JSONB NOT NULL DEFAULT '[]', `start_date` DATETIME, `end_date` DATETIME, `partners` JSONB, `tags` JSONB, `is_active` TINYINT(1) DEFAULT 1, `accepting_donations` TINYINT(1) DEFAULT 1, `donor_count` INTEGER DEFAULT '0', `average_rating` DECIMAL(5,2), `view_count` INTEGER DEFAULT '0', `updates` TEXT, `last_update_at` DATETIME, `created_at` DATETIME NOT NULL, `updated_at` DATETIME NOT NULL);
Executing (default): INSERT INTO `projects_backup` SELECT `id`, `name`, `description`, `long_description`, `image_url`, `image_gallery`, `goal_amount`, `raised_amount`, `location`, `coordinates`, `category`, `status`, `wallet_address`, `milestones`, `impact_metrics`, `start_date`, `end_date`, `partners`, `tags`, `is_active`, `accepting_donations`, `donor_count`, `average_rating`, `view_count`, `updates`, `last_update_at`, `created_at`, `updated_at` FROM `projects`;
Executing (default): DROP TABLE `projects`;
Executing (default): CREATE TABLE IF NOT EXISTS `projects` (`id` UUID UNIQUE PRIMARY KEY, `name` VARCHAR(255) NOT NULL, `description` TEXT NOT NULL, `long_description` TEXT, `image_url` VARCHAR(255) NOT NULL, `image_gallery` JSONB, `goal_amount` DECIMAL(15,2) NOT NULL DEFAULT '0', `raised_amount` DECIMAL(15,2) NOT NULL DEFAULT '0', `location` VARCHAR(255) NOT NULL, `coordinates` JSONB, `category` TEXT NOT NULL, `status` TEXT NOT NULL DEFAULT 'upcoming', `wallet_address` VARCHAR(255) NOT NULL, `milestones` JSONB NOT NULL DEFAULT '[]', `impact_metrics` JSONB NOT NULL DEFAULT '[]', `start_date` DATETIME, `end_date` DATETIME, `partners` JSONB, `tags` JSONB, `is_active` TINYINT(1) DEFAULT 1, `accepting_donations` TINYINT(1) DEFAULT 1, `donor_count` INTEGER DEFAULT '0', `average_rating` DECIMAL(5,2), `view_count` INTEGER DEFAULT '0', `updates` TEXT, `last_update_at` DATETIME, `created_at` DATETIME NOT NULL, `updated_at` DATETIME NOT NULL);
Executing (default): INSERT INTO `projects` SELECT `id`, `name`, `description`, `long_description`, `image_url`, `image_gallery`, `goal_amount`, `raised_amount`, `location`, `coordinates`, `category`, `status`, `wallet_address`, `milestones`, `impact_metrics`, `start_date`, `end_date`, `partners`, `tags`, `is_active`, `accepting_donations`, `donor_count`, `average_rating`, `view_count`, `updates`, `last_update_at`, `created_at`, `updated_at` FROM `projects_backup`;
Executing (default): DROP TABLE `projects_backup`;
Executing (default): PRAGMA TABLE_INFO(`projects`);
Executing (default): PRAGMA INDEX_LIST(`projects`)
Executing (default): PRAGMA INDEX_INFO(`sqlite_autoindex_projects_1`)
Executing (default): PRAGMA foreign_key_list(`projects`)
Executing (default): CREATE TABLE IF NOT EXISTS `projects_backup` (`id` UUID UNIQUE PRIMARY KEY, `name` VARCHAR(255) NOT NULL, `description` TEXT NOT NULL, `long_description` TEXT, `image_url` VARCHAR(255) NOT NULL, `image_gallery` JSONB, `goal_amount` DECIMAL(15,2) NOT NULL DEFAULT '0', `raised_amount` DECIMAL(15,2) NOT NULL DEFAULT '0', `location` VARCHAR(255) NOT NULL, `coordinates` JSONB, `category` TEXT NOT NULL, `status` TEXT NOT NULL DEFAULT 'upcoming', `wallet_address` VARCHAR(255) NOT NULL, `milestones` JSONB NOT NULL DEFAULT '[]', `impact_metrics` JSONB NOT NULL DEFAULT '[]', `start_date` DATETIME, `end_date` DATETIME, `partners` JSONB, `tags` JSONB, `is_active` TINYINT(1) DEFAULT 1, `accepting_donations` TINYINT(1) DEFAULT 1, `donor_count` INTEGER DEFAULT '0', `average_rating` DECIMAL(5,2), `view_count` INTEGER DEFAULT '0', `updates` TEXT, `last_update_at` DATETIME, `created_at` DATETIME NOT NULL, `updated_at` DATETIME NOT NULL);
Executing (default): INSERT INTO `projects_backup` SELECT `id`, `name`, `description`, `long_description`, `image_url`, `image_gallery`, `goal_amount`, `raised_amount`, `location`, `coordinates`, `category`, `status`, `wallet_address`, `milestones`, `impact_metrics`, `start_date`, `end_date`, `partners`, `tags`, `is_active`, `accepting_donations`, `donor_count`, `average_rating`, `view_count`, `updates`, `last_update_at`, `created_at`, `updated_at` FROM `projects`;
Executing (default): DROP TABLE `projects`;
Executing (default): CREATE TABLE IF NOT EXISTS `projects` (`id` UUID UNIQUE PRIMARY KEY, `name` VARCHAR(255) NOT NULL, `description` TEXT NOT NULL, `long_description` TEXT, `image_url` VARCHAR(255) NOT NULL, `image_gallery` JSONB, `goal_amount` DECIMAL(15,2) NOT NULL DEFAULT '0', `raised_amount` DECIMAL(15,2) NOT NULL DEFAULT '0', `location` VARCHAR(255) NOT NULL, `coordinates` JSONB, `category` TEXT NOT NULL, `status` TEXT NOT NULL DEFAULT 'upcoming', `wallet_address` VARCHAR(255) NOT NULL, `milestones` JSONB NOT NULL DEFAULT '[]', `impact_metrics` JSONB NOT NULL DEFAULT '[]', `start_date` DATETIME, `end_date` DATETIME, `partners` JSONB, `tags` JSONB, `is_active` TINYINT(1) DEFAULT 1, `accepting_donations` TINYINT(1) DEFAULT 1, `donor_count` INTEGER DEFAULT '0', `average_rating` DECIMAL(5,2), `view_count` INTEGER DEFAULT '0', `updates` TEXT, `last_update_at` DATETIME, `created_at` DATETIME NOT NULL, `updated_at` DATETIME NOT NULL);
Executing (default): INSERT INTO `projects` SELECT `id`, `name`, `description`, `long_description`, `image_url`, `image_gallery`, `goal_amount`, `raised_amount`, `location`, `coordinates`, `category`, `status`, `wallet_address`, `milestones`, `impact_metrics`, `start_date`, `end_date`, `partners`, `tags`, `is_active`, `accepting_donations`, `donor_count`, `average_rating`, `view_count`, `updates`, `last_update_at`, `created_at`, `updated_at` FROM `projects_backup`;
Executing (default): DROP TABLE `projects_backup`;
Executing (default): PRAGMA TABLE_INFO(`projects`);
Executing (default): PRAGMA INDEX_LIST(`projects`)
Executing (default): PRAGMA INDEX_INFO(`sqlite_autoindex_projects_1`)
Executing (default): PRAGMA foreign_key_list(`projects`)
Executing (default): CREATE TABLE IF NOT EXISTS `projects_backup` (`id` UUID UNIQUE PRIMARY KEY, `name` VARCHAR(255) NOT NULL, `description` TEXT NOT NULL, `long_description` TEXT, `image_url` VARCHAR(255) NOT NULL, `image_gallery` JSONB, `goal_amount` DECIMAL(15,2) NOT NULL DEFAULT '0', `raised_amount` DECIMAL(15,2) NOT NULL DEFAULT '0', `location` VARCHAR(255) NOT NULL, `coordinates` JSONB, `category` TEXT NOT NULL, `status` TEXT NOT NULL DEFAULT 'upcoming', `wallet_address` VARCHAR(255) NOT NULL, `milestones` JSONB NOT NULL DEFAULT '[]', `impact_metrics` JSONB NOT NULL DEFAULT '[]', `start_date` DATETIME, `end_date` DATETIME, `partners` JSONB, `tags` JSONB, `is_active` TINYINT(1) DEFAULT 1, `accepting_donations` TINYINT(1) DEFAULT 1, `donor_count` INTEGER DEFAULT '0', `average_rating` DECIMAL(5,2), `view_count` INTEGER DEFAULT '0', `updates` TEXT, `last_update_at` DATETIME, `created_at` DATETIME NOT NULL, `updated_at` DATETIME NOT NULL);
Executing (default): INSERT INTO `projects_backup` SELECT `id`, `name`, `description`, `long_description`, `image_url`, `image_gallery`, `goal_amount`, `raised_amount`, `location`, `coordinates`, `category`, `status`, `wallet_address`, `milestones`, `impact_metrics`, `start_date`, `end_date`, `partners`, `tags`, `is_active`, `accepting_donations`, `donor_count`, `average_rating`, `view_count`, `updates`, `last_update_at`, `created_at`, `updated_at` FROM `projects`;
Executing (default): DROP TABLE `projects`;
Executing (default): CREATE TABLE IF NOT EXISTS `projects` (`id` UUID UNIQUE PRIMARY KEY, `name` VARCHAR(255) NOT NULL, `description` TEXT NOT NULL, `long_description` TEXT, `image_url` VARCHAR(255) NOT NULL, `image_gallery` JSONB, `goal_amount` DECIMAL(15,2) NOT NULL DEFAULT '0', `raised_amount` DECIMAL(15,2) NOT NULL DEFAULT '0', `location` VARCHAR(255) NOT NULL, `coordinates` JSONB, `category` TEXT NOT NULL, `status` TEXT NOT NULL DEFAULT 'upcoming', `wallet_address` VARCHAR(255) NOT NULL, `milestones` JSONB NOT NULL DEFAULT '[]', `impact_metrics` JSONB NOT NULL DEFAULT '[]', `start_date` DATETIME, `end_date` DATETIME, `partners` JSONB, `tags` JSONB, `is_active` TINYINT(1) DEFAULT 1, `accepting_donations` TINYINT(1) DEFAULT 1, `donor_count` INTEGER DEFAULT '0', `average_rating` DECIMAL(5,2), `view_count` INTEGER DEFAULT '0', `updates` TEXT, `last_update_at` DATETIME, `created_at` DATETIME NOT NULL, `updated_at` DATETIME NOT NULL);
Executing (default): INSERT INTO `projects` SELECT `id`, `name`, `description`, `long_description`, `image_url`, `image_gallery`, `goal_amount`, `raised_amount`, `location`, `coordinates`, `category`, `status`, `wallet_address`, `milestones`, `impact_metrics`, `start_date`, `end_date`, `partners`, `tags`, `is_active`, `accepting_donations`, `donor_count`, `average_rating`, `view_count`, `updates`, `last_update_at`, `created_at`, `updated_at` FROM `projects_backup`;
Executing (default): DROP TABLE `projects_backup`;
Executing (default): PRAGMA TABLE_INFO(`projects`);
Executing (default): PRAGMA INDEX_LIST(`projects`)
Executing (default): PRAGMA INDEX_INFO(`sqlite_autoindex_projects_1`)
Executing (default): PRAGMA foreign_key_list(`projects`)
Executing (default): CREATE TABLE IF NOT EXISTS `projects_backup` (`id` UUID UNIQUE PRIMARY KEY, `name` VARCHAR(255) NOT NULL, `description` TEXT NOT NULL, `long_description` TEXT, `image_url` VARCHAR(255) NOT NULL, `image_gallery` JSONB, `goal_amount` DECIMAL(15,2) NOT NULL DEFAULT '0', `raised_amount` DECIMAL(15,2) NOT NULL DEFAULT '0', `location` VARCHAR(255) NOT NULL, `coordinates` JSONB, `category` TEXT NOT NULL, `status` TEXT NOT NULL DEFAULT 'upcoming', `wallet_address` VARCHAR(255) NOT NULL, `milestones` JSONB NOT NULL DEFAULT '[]', `impact_metrics` JSONB NOT NULL DEFAULT '[]', `start_date` DATETIME, `end_date` DATETIME, `partners` JSONB, `tags` JSONB, `is_active` TINYINT(1) DEFAULT 1, `accepting_donations` TINYINT(1) DEFAULT 1, `donor_count` INTEGER DEFAULT '0', `average_rating` DECIMAL(5,2), `view_count` INTEGER DEFAULT '0', `updates` TEXT, `last_update_at` DATETIME, `created_at` DATETIME NOT NULL, `updated_at` DATETIME NOT NULL);
Executing (default): INSERT INTO `projects_backup` SELECT `id`, `name`, `description`, `long_description`, `image_url`, `image_gallery`, `goal_amount`, `raised_amount`, `location`, `coordinates`, `category`, `status`, `wallet_address`, `milestones`, `impact_metrics`, `start_date`, `end_date`, `partners`, `tags`, `is_active`, `accepting_donations`, `donor_count`, `average_rating`, `view_count`, `updates`, `last_update_at`, `created_at`, `updated_at` FROM `projects`;
Executing (default): DROP TABLE `projects`;
Executing (default): CREATE TABLE IF NOT EXISTS `projects` (`id` UUID UNIQUE PRIMARY KEY, `name` VARCHAR(255) NOT NULL, `description` TEXT NOT NULL, `long_description` TEXT, `image_url` VARCHAR(255) NOT NULL, `image_gallery` JSONB, `goal_amount` DECIMAL(15,2) NOT NULL DEFAULT '0', `raised_amount` DECIMAL(15,2) NOT NULL DEFAULT '0', `location` VARCHAR(255) NOT NULL, `coordinates` JSONB, `category` TEXT NOT NULL, `status` TEXT NOT NULL DEFAULT 'upcoming', `wallet_address` VARCHAR(255) NOT NULL, `milestones` JSONB NOT NULL DEFAULT '[]', `impact_metrics` JSONB NOT NULL DEFAULT '[]', `start_date` DATETIME, `end_date` DATETIME, `partners` JSONB, `tags` JSONB, `is_active` TINYINT(1) DEFAULT 1, `accepting_donations` TINYINT(1) DEFAULT 1, `donor_count` INTEGER DEFAULT '0', `average_rating` DECIMAL(5,2), `view_count` INTEGER DEFAULT '0', `updates` TEXT, `last_update_at` DATETIME, `created_at` DATETIME NOT NULL, `updated_at` DATETIME NOT NULL);
Executing (default): INSERT INTO `projects` SELECT `id`, `name`, `description`, `long_description`, `image_url`, `image_gallery`, `goal_amount`, `raised_amount`, `location`, `coordinates`, `category`, `status`, `wallet_address`, `milestones`, `impact_metrics`, `start_date`, `end_date`, `partners`, `tags`, `is_active`, `accepting_donations`, `donor_count`, `average_rating`, `view_count`, `updates`, `last_update_at`, `created_at`, `updated_at` FROM `projects_backup`;
Executing (default): DROP TABLE `projects_backup`;
Executing (default): PRAGMA TABLE_INFO(`projects`);
Executing (default): PRAGMA INDEX_LIST(`projects`)
Executing (default): PRAGMA INDEX_INFO(`sqlite_autoindex_projects_1`)
Executing (default): PRAGMA foreign_key_list(`projects`)
Executing (default): CREATE TABLE IF NOT EXISTS `projects_backup` (`id` UUID UNIQUE PRIMARY KEY, `name` VARCHAR(255) NOT NULL, `description` TEXT NOT NULL, `long_description` TEXT, `image_url` VARCHAR(255) NOT NULL, `image_gallery` JSONB, `goal_amount` DECIMAL(15,2) NOT NULL DEFAULT '0', `raised_amount` DECIMAL(15,2) NOT NULL DEFAULT '0', `location` VARCHAR(255) NOT NULL, `coordinates` JSONB, `category` TEXT NOT NULL, `status` TEXT NOT NULL DEFAULT 'upcoming', `wallet_address` VARCHAR(255) NOT NULL, `milestones` JSONB NOT NULL DEFAULT '[]', `impact_metrics` JSONB NOT NULL DEFAULT '[]', `start_date` DATETIME, `end_date` DATETIME, `partners` JSONB, `tags` JSONB, `is_active` TINYINT(1) DEFAULT 1, `accepting_donations` TINYINT(1) DEFAULT 1, `donor_count` INTEGER DEFAULT '0', `average_rating` DECIMAL(5,2), `view_count` INTEGER DEFAULT '0', `updates` TEXT, `last_update_at` DATETIME, `created_at` DATETIME NOT NULL, `updated_at` DATETIME NOT NULL);
Executing (default): INSERT INTO `projects_backup` SELECT `id`, `name`, `description`, `long_description`, `image_url`, `image_gallery`, `goal_amount`, `raised_amount`, `location`, `coordinates`, `category`, `status`, `wallet_address`, `milestones`, `impact_metrics`, `start_date`, `end_date`, `partners`, `tags`, `is_active`, `accepting_donations`, `donor_count`, `average_rating`, `view_count`, `updates`, `last_update_at`, `created_at`, `updated_at` FROM `projects`;
Executing (default): DROP TABLE `projects`;
Executing (default): CREATE TABLE IF NOT EXISTS `projects` (`id` UUID UNIQUE PRIMARY KEY, `name` VARCHAR(255) NOT NULL, `description` TEXT NOT NULL, `long_description` TEXT, `image_url` VARCHAR(255) NOT NULL, `image_gallery` JSONB, `goal_amount` DECIMAL(15,2) NOT NULL DEFAULT '0', `raised_amount` DECIMAL(15,2) NOT NULL DEFAULT '0', `location` VARCHAR(255) NOT NULL, `coordinates` JSONB, `category` TEXT NOT NULL, `status` TEXT NOT NULL DEFAULT 'upcoming', `wallet_address` VARCHAR(255) NOT NULL, `milestones` JSONB NOT NULL DEFAULT '[]', `impact_metrics` JSONB NOT NULL DEFAULT '[]', `start_date` DATETIME, `end_date` DATETIME, `partners` JSONB, `tags` JSONB, `is_active` TINYINT(1) DEFAULT 1, `accepting_donations` TINYINT(1) DEFAULT 1, `donor_count` INTEGER DEFAULT '0', `average_rating` DECIMAL(5,2), `view_count` INTEGER DEFAULT '0', `updates` TEXT, `last_update_at` DATETIME, `created_at` DATETIME NOT NULL, `updated_at` DATETIME NOT NULL);
Executing (default): INSERT INTO `projects` SELECT `id`, `name`, `description`, `long_description`, `image_url`, `image_gallery`, `goal_amount`, `raised_amount`, `location`, `coordinates`, `category`, `status`, `wallet_address`, `milestones`, `impact_metrics`, `start_date`, `end_date`, `partners`, `tags`, `is_active`, `accepting_donations`, `donor_count`, `average_rating`, `view_count`, `updates`, `last_update_at`, `created_at`, `updated_at` FROM `projects_backup`;
Executing (default): DROP TABLE `projects_backup`;
Executing (default): PRAGMA TABLE_INFO(`projects`);
Executing (default): PRAGMA INDEX_LIST(`projects`)
Executing (default): PRAGMA INDEX_INFO(`sqlite_autoindex_projects_1`)
Executing (default): PRAGMA foreign_key_list(`projects`)
Executing (default): CREATE TABLE IF NOT EXISTS `projects_backup` (`id` UUID UNIQUE PRIMARY KEY, `name` VARCHAR(255) NOT NULL, `description` TEXT NOT NULL, `long_description` TEXT, `image_url` VARCHAR(255) NOT NULL, `image_gallery` JSONB, `goal_amount` DECIMAL(15,2) NOT NULL DEFAULT '0', `raised_amount` DECIMAL(15,2) NOT NULL DEFAULT '0', `location` VARCHAR(255) NOT NULL, `coordinates` JSONB, `category` TEXT NOT NULL, `status` TEXT NOT NULL DEFAULT 'upcoming', `wallet_address` VARCHAR(255) NOT NULL, `milestones` JSONB NOT NULL DEFAULT '[]', `impact_metrics` JSONB NOT NULL DEFAULT '[]', `start_date` DATETIME, `end_date` DATETIME, `partners` JSONB, `tags` JSONB, `is_active` TINYINT(1) DEFAULT 1, `accepting_donations` TINYINT(1) DEFAULT 1, `donor_count` INTEGER DEFAULT '0', `average_rating` DECIMAL(5,2), `view_count` INTEGER DEFAULT '0', `updates` TEXT, `last_update_at` DATETIME, `created_at` DATETIME NOT NULL, `updated_at` DATETIME NOT NULL);
Executing (default): INSERT INTO `projects_backup` SELECT `id`, `name`, `description`, `long_description`, `image_url`, `image_gallery`, `goal_amount`, `raised_amount`, `location`, `coordinates`, `category`, `status`, `wallet_address`, `milestones`, `impact_metrics`, `start_date`, `end_date`, `partners`, `tags`, `is_active`, `accepting_donations`, `donor_count`, `average_rating`, `view_count`, `updates`, `last_update_at`, `created_at`, `updated_at` FROM `projects`;
Executing (default): DROP TABLE `projects`;
Executing (default): CREATE TABLE IF NOT EXISTS `projects` (`id` UUID UNIQUE PRIMARY KEY, `name` VARCHAR(255) NOT NULL, `description` TEXT NOT NULL, `long_description` TEXT, `image_url` VARCHAR(255) NOT NULL, `image_gallery` JSONB, `goal_amount` DECIMAL(15,2) NOT NULL DEFAULT '0', `raised_amount` DECIMAL(15,2) NOT NULL DEFAULT '0', `location` VARCHAR(255) NOT NULL, `coordinates` JSONB, `category` TEXT NOT NULL, `status` TEXT NOT NULL DEFAULT 'upcoming', `wallet_address` VARCHAR(255) NOT NULL, `milestones` JSONB NOT NULL DEFAULT '[]', `impact_metrics` JSONB NOT NULL DEFAULT '[]', `start_date` DATETIME, `end_date` DATETIME, `partners` JSONB, `tags` JSONB, `is_active` TINYINT(1) DEFAULT 1, `accepting_donations` TINYINT(1) DEFAULT 1, `donor_count` INTEGER DEFAULT '0', `average_rating` DECIMAL(5,2), `view_count` INTEGER DEFAULT '0', `updates` TEXT, `last_update_at` DATETIME, `created_at` DATETIME NOT NULL, `updated_at` DATETIME NOT NULL);
Executing (default): INSERT INTO `projects` SELECT `id`, `name`, `description`, `long_description`, `image_url`, `image_gallery`, `goal_amount`, `raised_amount`, `location`, `coordinates`, `category`, `status`, `wallet_address`, `milestones`, `impact_metrics`, `start_date`, `end_date`, `partners`, `tags`, `is_active`, `accepting_donations`, `donor_count`, `average_rating`, `view_count`, `updates`, `last_update_at`, `created_at`, `updated_at` FROM `projects_backup`;
Executing (default): DROP TABLE `projects_backup`;
Executing (default): PRAGMA TABLE_INFO(`projects`);
Executing (default): PRAGMA INDEX_LIST(`projects`)
Executing (default): PRAGMA INDEX_INFO(`sqlite_autoindex_projects_1`)
Executing (default): PRAGMA foreign_key_list(`projects`)
Executing (default): CREATE TABLE IF NOT EXISTS `projects_backup` (`id` UUID UNIQUE PRIMARY KEY, `name` VARCHAR(255) NOT NULL, `description` TEXT NOT NULL, `long_description` TEXT, `image_url` VARCHAR(255) NOT NULL, `image_gallery` JSONB, `goal_amount` DECIMAL(15,2) NOT NULL DEFAULT '0', `raised_amount` DECIMAL(15,2) NOT NULL DEFAULT '0', `location` VARCHAR(255) NOT NULL, `coordinates` JSONB, `category` TEXT NOT NULL, `status` TEXT NOT NULL DEFAULT 'upcoming', `wallet_address` VARCHAR(255) NOT NULL, `milestones` JSONB NOT NULL DEFAULT '[]', `impact_metrics` JSONB NOT NULL DEFAULT '[]', `start_date` DATETIME, `end_date` DATETIME, `partners` JSONB, `tags` JSONB, `is_active` TINYINT(1) DEFAULT 1, `accepting_donations` TINYINT(1) DEFAULT 1, `donor_count` INTEGER DEFAULT '0', `average_rating` DECIMAL(5,2), `view_count` INTEGER DEFAULT '0', `updates` TEXT, `last_update_at` DATETIME, `created_at` DATETIME NOT NULL, `updated_at` DATETIME NOT NULL);
Executing (default): INSERT INTO `projects_backup` SELECT `id`, `name`, `description`, `long_description`, `image_url`, `image_gallery`, `goal_amount`, `raised_amount`, `location`, `coordinates`, `category`, `status`, `wallet_address`, `milestones`, `impact_metrics`, `start_date`, `end_date`, `partners`, `tags`, `is_active`, `accepting_donations`, `donor_count`, `average_rating`, `view_count`, `updates`, `last_update_at`, `created_at`, `updated_at` FROM `projects`;
Executing (default): DROP TABLE `projects`;
Executing (default): CREATE TABLE IF NOT EXISTS `projects` (`id` UUID UNIQUE PRIMARY KEY, `name` VARCHAR(255) NOT NULL, `description` TEXT NOT NULL, `long_description` TEXT, `image_url` VARCHAR(255) NOT NULL, `image_gallery` JSONB, `goal_amount` DECIMAL(15,2) NOT NULL DEFAULT '0', `raised_amount` DECIMAL(15,2) NOT NULL DEFAULT '0', `location` VARCHAR(255) NOT NULL, `coordinates` JSONB, `category` TEXT NOT NULL, `status` TEXT NOT NULL DEFAULT 'upcoming', `wallet_address` VARCHAR(255) NOT NULL, `milestones` JSONB NOT NULL DEFAULT '[]', `impact_metrics` JSONB NOT NULL DEFAULT '[]', `start_date` DATETIME, `end_date` DATETIME, `partners` JSONB, `tags` JSONB, `is_active` TINYINT(1) DEFAULT 1, `accepting_donations` TINYINT(1) DEFAULT 1, `donor_count` INTEGER DEFAULT '0', `average_rating` DECIMAL(5,2), `view_count` INTEGER DEFAULT '0', `updates` TEXT, `last_update_at` DATETIME, `created_at` DATETIME NOT NULL, `updated_at` DATETIME NOT NULL);
Executing (default): INSERT INTO `projects` SELECT `id`, `name`, `description`, `long_description`, `image_url`, `image_gallery`, `goal_amount`, `raised_amount`, `location`, `coordinates`, `category`, `status`, `wallet_address`, `milestones`, `impact_metrics`, `start_date`, `end_date`, `partners`, `tags`, `is_active`, `accepting_donations`, `donor_count`, `average_rating`, `view_count`, `updates`, `last_update_at`, `created_at`, `updated_at` FROM `projects_backup`;
Executing (default): DROP TABLE `projects_backup`;
Executing (default): PRAGMA TABLE_INFO(`projects`);
Executing (default): PRAGMA INDEX_LIST(`projects`)
Executing (default): PRAGMA INDEX_INFO(`sqlite_autoindex_projects_1`)
Executing (default): PRAGMA foreign_key_list(`projects`)
Executing (default): CREATE TABLE IF NOT EXISTS `projects_backup` (`id` UUID UNIQUE PRIMARY KEY, `name` VARCHAR(255) NOT NULL, `description` TEXT NOT NULL, `long_description` TEXT, `image_url` VARCHAR(255) NOT NULL, `image_gallery` JSONB, `goal_amount` DECIMAL(15,2) NOT NULL DEFAULT '0', `raised_amount` DECIMAL(15,2) NOT NULL DEFAULT '0', `location` VARCHAR(255) NOT NULL, `coordinates` JSONB, `category` TEXT NOT NULL, `status` TEXT NOT NULL DEFAULT 'upcoming', `wallet_address` VARCHAR(255) NOT NULL, `milestones` JSONB NOT NULL DEFAULT '[]', `impact_metrics` JSONB NOT NULL DEFAULT '[]', `start_date` DATETIME, `end_date` DATETIME, `partners` JSONB, `tags` JSONB, `is_active` TINYINT(1) DEFAULT 1, `accepting_donations` TINYINT(1) DEFAULT 1, `donor_count` INTEGER DEFAULT 0, `average_rating` DECIMAL(5,2), `view_count` INTEGER DEFAULT '0', `updates` TEXT, `last_update_at` DATETIME, `created_at` DATETIME NOT NULL, `updated_at` DATETIME NOT NULL);
Executing (default): INSERT INTO `projects_backup` SELECT `id`, `name`, `description`, `long_description`, `image_url`, `image_gallery`, `goal_amount`, `raised_amount`, `location`, `coordinates`, `category`, `status`, `wallet_address`, `milestones`, `impact_metrics`, `start_date`, `end_date`, `partners`, `tags`, `is_active`, `accepting_donations`, `donor_count`, `average_rating`, `view_count`, `updates`, `last_update_at`, `created_at`, `updated_at` FROM `projects`;
Executing (default): DROP TABLE `projects`;
Executing (default): CREATE TABLE IF NOT EXISTS `projects` (`id` UUID UNIQUE PRIMARY KEY, `name` VARCHAR(255) NOT NULL, `description` TEXT NOT NULL, `long_description` TEXT, `image_url` VARCHAR(255) NOT NULL, `image_gallery` JSONB, `goal_amount` DECIMAL(15,2) NOT NULL DEFAULT '0', `raised_amount` DECIMAL(15,2) NOT NULL DEFAULT '0', `location` VARCHAR(255) NOT NULL, `coordinates` JSONB, `category` TEXT NOT NULL, `status` TEXT NOT NULL DEFAULT 'upcoming', `wallet_address` VARCHAR(255) NOT NULL, `milestones` JSONB NOT NULL DEFAULT '[]', `impact_metrics` JSONB NOT NULL DEFAULT '[]', `start_date` DATETIME, `end_date` DATETIME, `partners` JSONB, `tags` JSONB, `is_active` TINYINT(1) DEFAULT 1, `accepting_donations` TINYINT(1) DEFAULT 1, `donor_count` INTEGER DEFAULT 0, `average_rating` DECIMAL(5,2), `view_count` INTEGER DEFAULT '0', `updates` TEXT, `last_update_at` DATETIME, `created_at` DATETIME NOT NULL, `updated_at` DATETIME NOT NULL);
Executing (default): INSERT INTO `projects` SELECT `id`, `name`, `description`, `long_description`, `image_url`, `image_gallery`, `goal_amount`, `raised_amount`, `location`, `coordinates`, `category`, `status`, `wallet_address`, `milestones`, `impact_metrics`, `start_date`, `end_date`, `partners`, `tags`, `is_active`, `accepting_donations`, `donor_count`, `average_rating`, `view_count`, `updates`, `last_update_at`, `created_at`, `updated_at` FROM `projects_backup`;
Executing (default): DROP TABLE `projects_backup`;
Executing (default): PRAGMA TABLE_INFO(`projects`);
Executing (default): PRAGMA INDEX_LIST(`projects`)
Executing (default): PRAGMA INDEX_INFO(`sqlite_autoindex_projects_1`)
Executing (default): PRAGMA foreign_key_list(`projects`)
Executing (default): CREATE TABLE IF NOT EXISTS `projects_backup` (`id` UUID UNIQUE PRIMARY KEY, `name` VARCHAR(255) NOT NULL, `description` TEXT NOT NULL, `long_description` TEXT, `image_url` VARCHAR(255) NOT NULL, `image_gallery` JSONB, `goal_amount` DECIMAL(15,2) NOT NULL DEFAULT '0', `raised_amount` DECIMAL(15,2) NOT NULL DEFAULT '0', `location` VARCHAR(255) NOT NULL, `coordinates` JSONB, `category` TEXT NOT NULL, `status` TEXT NOT NULL DEFAULT 'upcoming', `wallet_address` VARCHAR(255) NOT NULL, `milestones` JSONB NOT NULL DEFAULT '[]', `impact_metrics` JSONB NOT NULL DEFAULT '[]', `start_date` DATETIME, `end_date` DATETIME, `partners` JSONB, `tags` JSONB, `is_active` TINYINT(1) DEFAULT 1, `accepting_donations` TINYINT(1) DEFAULT 1, `donor_count` INTEGER DEFAULT '0', `average_rating` DECIMAL(5,2), `view_count` INTEGER DEFAULT '0', `updates` TEXT, `last_update_at` DATETIME, `created_at` DATETIME NOT NULL, `updated_at` DATETIME NOT NULL);
Executing (default): INSERT INTO `projects_backup` SELECT `id`, `name`, `description`, `long_description`, `image_url`, `image_gallery`, `goal_amount`, `raised_amount`, `location`, `coordinates`, `category`, `status`, `wallet_address`, `milestones`, `impact_metrics`, `start_date`, `end_date`, `partners`, `tags`, `is_active`, `accepting_donations`, `donor_count`, `average_rating`, `view_count`, `updates`, `last_update_at`, `created_at`, `updated_at` FROM `projects`;
Executing (default): DROP TABLE `projects`;
Executing (default): CREATE TABLE IF NOT EXISTS `projects` (`id` UUID UNIQUE PRIMARY KEY, `name` VARCHAR(255) NOT NULL, `description` TEXT NOT NULL, `long_description` TEXT, `image_url` VARCHAR(255) NOT NULL, `image_gallery` JSONB, `goal_amount` DECIMAL(15,2) NOT NULL DEFAULT '0', `raised_amount` DECIMAL(15,2) NOT NULL DEFAULT '0', `location` VARCHAR(255) NOT NULL, `coordinates` JSONB, `category` TEXT NOT NULL, `status` TEXT NOT NULL DEFAULT 'upcoming', `wallet_address` VARCHAR(255) NOT NULL, `milestones` JSONB NOT NULL DEFAULT '[]', `impact_metrics` JSONB NOT NULL DEFAULT '[]', `start_date` DATETIME, `end_date` DATETIME, `partners` JSONB, `tags` JSONB, `is_active` TINYINT(1) DEFAULT 1, `accepting_donations` TINYINT(1) DEFAULT 1, `donor_count` INTEGER DEFAULT '0', `average_rating` DECIMAL(5,2), `view_count` INTEGER DEFAULT '0', `updates` TEXT, `last_update_at` DATETIME, `created_at` DATETIME NOT NULL, `updated_at` DATETIME NOT NULL);
Executing (default): INSERT INTO `projects` SELECT `id`, `name`, `description`, `long_description`, `image_url`, `image_gallery`, `goal_amount`, `raised_amount`, `location`, `coordinates`, `category`, `status`, `wallet_address`, `milestones`, `impact_metrics`, `start_date`, `end_date`, `partners`, `tags`, `is_active`, `accepting_donations`, `donor_count`, `average_rating`, `view_count`, `updates`, `last_update_at`, `created_at`, `updated_at` FROM `projects_backup`;
Executing (default): DROP TABLE `projects_backup`;
Executing (default): PRAGMA TABLE_INFO(`projects`);
Executing (default): PRAGMA INDEX_LIST(`projects`)
Executing (default): PRAGMA INDEX_INFO(`sqlite_autoindex_projects_1`)
Executing (default): PRAGMA foreign_key_list(`projects`)
Executing (default): CREATE TABLE IF NOT EXISTS `projects_backup` (`id` UUID UNIQUE PRIMARY KEY, `name` VARCHAR(255) NOT NULL, `description` TEXT NOT NULL, `long_description` TEXT, `image_url` VARCHAR(255) NOT NULL, `image_gallery` JSONB, `goal_amount` DECIMAL(15,2) NOT NULL DEFAULT '0', `raised_amount` DECIMAL(15,2) NOT NULL DEFAULT '0', `location` VARCHAR(255) NOT NULL, `coordinates` JSONB, `category` TEXT NOT NULL, `status` TEXT NOT NULL DEFAULT 'upcoming', `wallet_address` VARCHAR(255) NOT NULL, `milestones` JSONB NOT NULL DEFAULT '[]', `impact_metrics` JSONB NOT NULL DEFAULT '[]', `start_date` DATETIME, `end_date` DATETIME, `partners` JSONB, `tags` JSONB, `is_active` TINYINT(1) DEFAULT 1, `accepting_donations` TINYINT(1) DEFAULT 1, `donor_count` INTEGER DEFAULT '0', `average_rating` DECIMAL(5,2), `view_count` INTEGER DEFAULT 0, `updates` TEXT, `last_update_at` DATETIME, `created_at` DATETIME NOT NULL, `updated_at` DATETIME NOT NULL);
Executing (default): INSERT INTO `projects_backup` SELECT `id`, `name`, `description`, `long_description`, `image_url`, `image_gallery`, `goal_amount`, `raised_amount`, `location`, `coordinates`, `category`, `status`, `wallet_address`, `milestones`, `impact_metrics`, `start_date`, `end_date`, `partners`, `tags`, `is_active`, `accepting_donations`, `donor_count`, `average_rating`, `view_count`, `updates`, `last_update_at`, `created_at`, `updated_at` FROM `projects`;
Executing (default): DROP TABLE `projects`;
Executing (default): CREATE TABLE IF NOT EXISTS `projects` (`id` UUID UNIQUE PRIMARY KEY, `name` VARCHAR(255) NOT NULL, `description` TEXT NOT NULL, `long_description` TEXT, `image_url` VARCHAR(255) NOT NULL, `image_gallery` JSONB, `goal_amount` DECIMAL(15,2) NOT NULL DEFAULT '0', `raised_amount` DECIMAL(15,2) NOT NULL DEFAULT '0', `location` VARCHAR(255) NOT NULL, `coordinates` JSONB, `category` TEXT NOT NULL, `status` TEXT NOT NULL DEFAULT 'upcoming', `wallet_address` VARCHAR(255) NOT NULL, `milestones` JSONB NOT NULL DEFAULT '[]', `impact_metrics` JSONB NOT NULL DEFAULT '[]', `start_date` DATETIME, `end_date` DATETIME, `partners` JSONB, `tags` JSONB, `is_active` TINYINT(1) DEFAULT 1, `accepting_donations` TINYINT(1) DEFAULT 1, `donor_count` INTEGER DEFAULT '0', `average_rating` DECIMAL(5,2), `view_count` INTEGER DEFAULT 0, `updates` TEXT, `last_update_at` DATETIME, `created_at` DATETIME NOT NULL, `updated_at` DATETIME NOT NULL);
Executing (default): INSERT INTO `projects` SELECT `id`, `name`, `description`, `long_description`, `image_url`, `image_gallery`, `goal_amount`, `raised_amount`, `location`, `coordinates`, `category`, `status`, `wallet_address`, `milestones`, `impact_metrics`, `start_date`, `end_date`, `partners`, `tags`, `is_active`, `accepting_donations`, `donor_count`, `average_rating`, `view_count`, `updates`, `last_update_at`, `created_at`, `updated_at` FROM `projects_backup`;
Executing (default): DROP TABLE `projects_backup`;
Executing (default): PRAGMA TABLE_INFO(`projects`);
Executing (default): PRAGMA INDEX_LIST(`projects`)
Executing (default): PRAGMA INDEX_INFO(`sqlite_autoindex_projects_1`)
Executing (default): PRAGMA foreign_key_list(`projects`)
Executing (default): CREATE TABLE IF NOT EXISTS `projects_backup` (`id` UUID UNIQUE PRIMARY KEY, `name` VARCHAR(255) NOT NULL, `description` TEXT NOT NULL, `long_description` TEXT, `image_url` VARCHAR(255) NOT NULL, `image_gallery` JSONB, `goal_amount` DECIMAL(15,2) NOT NULL DEFAULT '0', `raised_amount` DECIMAL(15,2) NOT NULL DEFAULT '0', `location` VARCHAR(255) NOT NULL, `coordinates` JSONB, `category` TEXT NOT NULL, `status` TEXT NOT NULL DEFAULT 'upcoming', `wallet_address` VARCHAR(255) NOT NULL, `milestones` JSONB NOT NULL DEFAULT '[]', `impact_metrics` JSONB NOT NULL DEFAULT '[]', `start_date` DATETIME, `end_date` DATETIME, `partners` JSONB, `tags` JSONB, `is_active` TINYINT(1) DEFAULT 1, `accepting_donations` TINYINT(1) DEFAULT 1, `donor_count` INTEGER DEFAULT '0', `average_rating` DECIMAL(5,2), `view_count` INTEGER DEFAULT '0', `updates` TEXT, `last_update_at` DATETIME, `created_at` DATETIME NOT NULL, `updated_at` DATETIME NOT NULL);
Executing (default): INSERT INTO `projects_backup` SELECT `id`, `name`, `description`, `long_description`, `image_url`, `image_gallery`, `goal_amount`, `raised_amount`, `location`, `coordinates`, `category`, `status`, `wallet_address`, `milestones`, `impact_metrics`, `start_date`, `end_date`, `partners`, `tags`, `is_active`, `accepting_donations`, `donor_count`, `average_rating`, `view_count`, `updates`, `last_update_at`, `created_at`, `updated_at` FROM `projects`;
Executing (default): DROP TABLE `projects`;
Executing (default): CREATE TABLE IF NOT EXISTS `projects` (`id` UUID UNIQUE PRIMARY KEY, `name` VARCHAR(255) NOT NULL, `description` TEXT NOT NULL, `long_description` TEXT, `image_url` VARCHAR(255) NOT NULL, `image_gallery` JSONB, `goal_amount` DECIMAL(15,2) NOT NULL DEFAULT '0', `raised_amount` DECIMAL(15,2) NOT NULL DEFAULT '0', `location` VARCHAR(255) NOT NULL, `coordinates` JSONB, `category` TEXT NOT NULL, `status` TEXT NOT NULL DEFAULT 'upcoming', `wallet_address` VARCHAR(255) NOT NULL, `milestones` JSONB NOT NULL DEFAULT '[]', `impact_metrics` JSONB NOT NULL DEFAULT '[]', `start_date` DATETIME, `end_date` DATETIME, `partners` JSONB, `tags` JSONB, `is_active` TINYINT(1) DEFAULT 1, `accepting_donations` TINYINT(1) DEFAULT 1, `donor_count` INTEGER DEFAULT '0', `average_rating` DECIMAL(5,2), `view_count` INTEGER DEFAULT '0', `updates` TEXT, `last_update_at` DATETIME, `created_at` DATETIME NOT NULL, `updated_at` DATETIME NOT NULL);
Executing (default): INSERT INTO `projects` SELECT `id`, `name`, `description`, `long_description`, `image_url`, `image_gallery`, `goal_amount`, `raised_amount`, `location`, `coordinates`, `category`, `status`, `wallet_address`, `milestones`, `impact_metrics`, `start_date`, `end_date`, `partners`, `tags`, `is_active`, `accepting_donations`, `donor_count`, `average_rating`, `view_count`, `updates`, `last_update_at`, `created_at`, `updated_at` FROM `projects_backup`;
Executing (default): DROP TABLE `projects_backup`;
Executing (default): PRAGMA TABLE_INFO(`projects`);
Executing (default): PRAGMA INDEX_LIST(`projects`)
Executing (default): PRAGMA INDEX_INFO(`sqlite_autoindex_projects_1`)
Executing (default): PRAGMA foreign_key_list(`projects`)
Executing (default): CREATE TABLE IF NOT EXISTS `projects_backup` (`id` UUID UNIQUE PRIMARY KEY, `name` VARCHAR(255) NOT NULL, `description` TEXT NOT NULL, `long_description` TEXT, `image_url` VARCHAR(255) NOT NULL, `image_gallery` JSONB, `goal_amount` DECIMAL(15,2) NOT NULL DEFAULT '0', `raised_amount` DECIMAL(15,2) NOT NULL DEFAULT '0', `location` VARCHAR(255) NOT NULL, `coordinates` JSONB, `category` TEXT NOT NULL, `status` TEXT NOT NULL DEFAULT 'upcoming', `wallet_address` VARCHAR(255) NOT NULL, `milestones` JSONB NOT NULL DEFAULT '[]', `impact_metrics` JSONB NOT NULL DEFAULT '[]', `start_date` DATETIME, `end_date` DATETIME, `partners` JSONB, `tags` JSONB, `is_active` TINYINT(1) DEFAULT 1, `accepting_donations` TINYINT(1) DEFAULT 1, `donor_count` INTEGER DEFAULT '0', `average_rating` DECIMAL(5,2), `view_count` INTEGER DEFAULT '0', `updates` TEXT, `last_update_at` DATETIME, `created_at` DATETIME NOT NULL, `updated_at` DATETIME NOT NULL);
Executing (default): INSERT INTO `projects_backup` SELECT `id`, `name`, `description`, `long_description`, `image_url`, `image_gallery`, `goal_amount`, `raised_amount`, `location`, `coordinates`, `category`, `status`, `wallet_address`, `milestones`, `impact_metrics`, `start_date`, `end_date`, `partners`, `tags`, `is_active`, `accepting_donations`, `donor_count`, `average_rating`, `view_count`, `updates`, `last_update_at`, `created_at`, `updated_at` FROM `projects`;
Executing (default): DROP TABLE `projects`;
Executing (default): CREATE TABLE IF NOT EXISTS `projects` (`id` UUID UNIQUE PRIMARY KEY, `name` VARCHAR(255) NOT NULL, `description` TEXT NOT NULL, `long_description` TEXT, `image_url` VARCHAR(255) NOT NULL, `image_gallery` JSONB, `goal_amount` DECIMAL(15,2) NOT NULL DEFAULT '0', `raised_amount` DECIMAL(15,2) NOT NULL DEFAULT '0', `location` VARCHAR(255) NOT NULL, `coordinates` JSONB, `category` TEXT NOT NULL, `status` TEXT NOT NULL DEFAULT 'upcoming', `wallet_address` VARCHAR(255) NOT NULL, `milestones` JSONB NOT NULL DEFAULT '[]', `impact_metrics` JSONB NOT NULL DEFAULT '[]', `start_date` DATETIME, `end_date` DATETIME, `partners` JSONB, `tags` JSONB, `is_active` TINYINT(1) DEFAULT 1, `accepting_donations` TINYINT(1) DEFAULT 1, `donor_count` INTEGER DEFAULT '0', `average_rating` DECIMAL(5,2), `view_count` INTEGER DEFAULT '0', `updates` TEXT, `last_update_at` DATETIME, `created_at` DATETIME NOT NULL, `updated_at` DATETIME NOT NULL);
Executing (default): INSERT INTO `projects` SELECT `id`, `name`, `description`, `long_description`, `image_url`, `image_gallery`, `goal_amount`, `raised_amount`, `location`, `coordinates`, `category`, `status`, `wallet_address`, `milestones`, `impact_metrics`, `start_date`, `end_date`, `partners`, `tags`, `is_active`, `accepting_donations`, `donor_count`, `average_rating`, `view_count`, `updates`, `last_update_at`, `created_at`, `updated_at` FROM `projects_backup`;
Executing (default): DROP TABLE `projects_backup`;
Executing (default): PRAGMA TABLE_INFO(`projects`);
Executing (default): PRAGMA INDEX_LIST(`projects`)
Executing (default): PRAGMA INDEX_INFO(`sqlite_autoindex_projects_1`)
Executing (default): PRAGMA foreign_key_list(`projects`)
Executing (default): CREATE TABLE IF NOT EXISTS `projects_backup` (`id` UUID UNIQUE PRIMARY KEY, `name` VARCHAR(255) NOT NULL, `description` TEXT NOT NULL, `long_description` TEXT, `image_url` VARCHAR(255) NOT NULL, `image_gallery` JSONB, `goal_amount` DECIMAL(15,2) NOT NULL DEFAULT '0', `raised_amount` DECIMAL(15,2) NOT NULL DEFAULT '0', `location` VARCHAR(255) NOT NULL, `coordinates` JSONB, `category` TEXT NOT NULL, `status` TEXT NOT NULL DEFAULT 'upcoming', `wallet_address` VARCHAR(255) NOT NULL, `milestones` JSONB NOT NULL DEFAULT '[]', `impact_metrics` JSONB NOT NULL DEFAULT '[]', `start_date` DATETIME, `end_date` DATETIME, `partners` JSONB, `tags` JSONB, `is_active` TINYINT(1) DEFAULT 1, `accepting_donations` TINYINT(1) DEFAULT 1, `donor_count` INTEGER DEFAULT '0', `average_rating` DECIMAL(5,2), `view_count` INTEGER DEFAULT '0', `updates` TEXT, `last_update_at` DATETIME, `created_at` DATETIME NOT NULL, `updated_at` DATETIME NOT NULL);
Executing (default): INSERT INTO `projects_backup` SELECT `id`, `name`, `description`, `long_description`, `image_url`, `image_gallery`, `goal_amount`, `raised_amount`, `location`, `coordinates`, `category`, `status`, `wallet_address`, `milestones`, `impact_metrics`, `start_date`, `end_date`, `partners`, `tags`, `is_active`, `accepting_donations`, `donor_count`, `average_rating`, `view_count`, `updates`, `last_update_at`, `created_at`, `updated_at` FROM `projects`;
Executing (default): DROP TABLE `projects`;
Executing (default): CREATE TABLE IF NOT EXISTS `projects` (`id` UUID UNIQUE PRIMARY KEY, `name` VARCHAR(255) NOT NULL, `description` TEXT NOT NULL, `long_description` TEXT, `image_url` VARCHAR(255) NOT NULL, `image_gallery` JSONB, `goal_amount` DECIMAL(15,2) NOT NULL DEFAULT '0', `raised_amount` DECIMAL(15,2) NOT NULL DEFAULT '0', `location` VARCHAR(255) NOT NULL, `coordinates` JSONB, `category` TEXT NOT NULL, `status` TEXT NOT NULL DEFAULT 'upcoming', `wallet_address` VARCHAR(255) NOT NULL, `milestones` JSONB NOT NULL DEFAULT '[]', `impact_metrics` JSONB NOT NULL DEFAULT '[]', `start_date` DATETIME, `end_date` DATETIME, `partners` JSONB, `tags` JSONB, `is_active` TINYINT(1) DEFAULT 1, `accepting_donations` TINYINT(1) DEFAULT 1, `donor_count` INTEGER DEFAULT '0', `average_rating` DECIMAL(5,2), `view_count` INTEGER DEFAULT '0', `updates` TEXT, `last_update_at` DATETIME, `created_at` DATETIME NOT NULL, `updated_at` DATETIME NOT NULL);
Executing (default): INSERT INTO `projects` SELECT `id`, `name`, `description`, `long_description`, `image_url`, `image_gallery`, `goal_amount`, `raised_amount`, `location`, `coordinates`, `category`, `status`, `wallet_address`, `milestones`, `impact_metrics`, `start_date`, `end_date`, `partners`, `tags`, `is_active`, `accepting_donations`, `donor_count`, `average_rating`, `view_count`, `updates`, `last_update_at`, `created_at`, `updated_at` FROM `projects_backup`;
Executing (default): DROP TABLE `projects_backup`;
Executing (default): PRAGMA TABLE_INFO(`projects`);
Executing (default): PRAGMA INDEX_LIST(`projects`)
Executing (default): PRAGMA INDEX_INFO(`sqlite_autoindex_projects_1`)
Executing (default): PRAGMA foreign_key_list(`projects`)
Executing (default): CREATE TABLE IF NOT EXISTS `projects_backup` (`id` UUID UNIQUE PRIMARY KEY, `name` VARCHAR(255) NOT NULL, `description` TEXT NOT NULL, `long_description` TEXT, `image_url` VARCHAR(255) NOT NULL, `image_gallery` JSONB, `goal_amount` DECIMAL(15,2) NOT NULL DEFAULT '0', `raised_amount` DECIMAL(15,2) NOT NULL DEFAULT '0', `location` VARCHAR(255) NOT NULL, `coordinates` JSONB, `category` TEXT NOT NULL, `status` TEXT NOT NULL DEFAULT 'upcoming', `wallet_address` VARCHAR(255) NOT NULL, `milestones` JSONB NOT NULL DEFAULT '[]', `impact_metrics` JSONB NOT NULL DEFAULT '[]', `start_date` DATETIME, `end_date` DATETIME, `partners` JSONB, `tags` JSONB, `is_active` TINYINT(1) DEFAULT 1, `accepting_donations` TINYINT(1) DEFAULT 1, `donor_count` INTEGER DEFAULT '0', `average_rating` DECIMAL(5,2), `view_count` INTEGER DEFAULT '0', `updates` TEXT, `last_update_at` DATETIME, `created_at` DATETIME NOT NULL, `updated_at` DATETIME NOT NULL);
Executing (default): INSERT INTO `projects_backup` SELECT `id`, `name`, `description`, `long_description`, `image_url`, `image_gallery`, `goal_amount`, `raised_amount`, `location`, `coordinates`, `category`, `status`, `wallet_address`, `milestones`, `impact_metrics`, `start_date`, `end_date`, `partners`, `tags`, `is_active`, `accepting_donations`, `donor_count`, `average_rating`, `view_count`, `updates`, `last_update_at`, `created_at`, `updated_at` FROM `projects`;
Executing (default): DROP TABLE `projects`;
Executing (default): CREATE TABLE IF NOT EXISTS `projects` (`id` UUID UNIQUE PRIMARY KEY, `name` VARCHAR(255) NOT NULL, `description` TEXT NOT NULL, `long_description` TEXT, `image_url` VARCHAR(255) NOT NULL, `image_gallery` JSONB, `goal_amount` DECIMAL(15,2) NOT NULL DEFAULT '0', `raised_amount` DECIMAL(15,2) NOT NULL DEFAULT '0', `location` VARCHAR(255) NOT NULL, `coordinates` JSONB, `category` TEXT NOT NULL, `status` TEXT NOT NULL DEFAULT 'upcoming', `wallet_address` VARCHAR(255) NOT NULL, `milestones` JSONB NOT NULL DEFAULT '[]', `impact_metrics` JSONB NOT NULL DEFAULT '[]', `start_date` DATETIME, `end_date` DATETIME, `partners` JSONB, `tags` JSONB, `is_active` TINYINT(1) DEFAULT 1, `accepting_donations` TINYINT(1) DEFAULT 1, `donor_count` INTEGER DEFAULT '0', `average_rating` DECIMAL(5,2), `view_count` INTEGER DEFAULT '0', `updates` TEXT, `last_update_at` DATETIME, `created_at` DATETIME NOT NULL, `updated_at` DATETIME NOT NULL);
Executing (default): INSERT INTO `projects` SELECT `id`, `name`, `description`, `long_description`, `image_url`, `image_gallery`, `goal_amount`, `raised_amount`, `location`, `coordinates`, `category`, `status`, `wallet_address`, `milestones`, `impact_metrics`, `start_date`, `end_date`, `partners`, `tags`, `is_active`, `accepting_donations`, `donor_count`, `average_rating`, `view_count`, `updates`, `last_update_at`, `created_at`, `updated_at` FROM `projects_backup`;
Executing (default): DROP TABLE `projects_backup`;
Executing (default): PRAGMA INDEX_LIST(`projects`)
Executing (default): PRAGMA INDEX_INFO(`sqlite_autoindex_projects_1`)
Executing (default): CREATE INDEX `projects_status` ON `projects` (`status`)
Executing (default): CREATE INDEX `projects_category` ON `projects` (`category`)
Executing (default): CREATE INDEX `projects_location` ON `projects` (`location`)
Executing (default): CREATE INDEX `projects_created_at` ON `projects` (`created_at`)
Executing (default): SELECT name FROM sqlite_master WHERE type='table' AND name='donations';
Executing (default): PRAGMA TABLE_INFO(`donations`);
Executing (default): PRAGMA foreign_key_list(`donations`)
Executing (default): PRAGMA INDEX_LIST(`donations`)
Executing (default): PRAGMA INDEX_INFO(`sqlite_autoindex_donations_1`)
Executing (default): PRAGMA INDEX_INFO(`donations_user_id`)
Executing (default): PRAGMA INDEX_INFO(`donations_project_id`)
Executing (default): PRAGMA INDEX_INFO(`donations_status`)
Executing (default): PRAGMA INDEX_INFO(`donations_created_at`)
Executing (default): PRAGMA INDEX_INFO(`donations_stripe_payment_id`)
Executing (default): PRAGMA INDEX_INFO(`donations_blockchain_tx_hash`)
Executing (default): PRAGMA foreign_key_list(`donations`)
Executing (default): PRAGMA TABLE_INFO(`donations`);
Executing (default): PRAGMA INDEX_LIST(`donations`)
Executing (default): PRAGMA INDEX_INFO(`sqlite_autoindex_donations_1`)
Executing (default): PRAGMA INDEX_INFO(`donations_user_id`)
Executing (default): PRAGMA INDEX_INFO(`donations_project_id`)
Executing (default): PRAGMA INDEX_INFO(`donations_status`)
Executing (default): PRAGMA INDEX_INFO(`donations_created_at`)
Executing (default): PRAGMA INDEX_INFO(`donations_stripe_payment_id`)
Executing (default): PRAGMA INDEX_INFO(`donations_blockchain_tx_hash`)
Executing (default): PRAGMA foreign_key_list(`donations`)
Executing (default): CREATE TABLE IF NOT EXISTS `donations_backup` (`id` UUID UNIQUE PRIMARY KEY, `user_id` UUID NOT NULL REFERENCES `users` (`id`) ON DELETE NO ACTION ON UPDATE CASCADE, `project_id` UUID NOT NULL REFERENCES `projects` (`id`), `amount` DECIMAL(15,2) NOT NULL, `currency` TEXT NOT NULL DEFAULT 'nzd', `exchange_rate` DECIMAL(15,2), `usd_amount` DECIMAL(15,2), `status` TEXT NOT NULL DEFAULT 'pending', `stripe_payment_id` VARCHAR(255), `stripe_payment_intent_id` VARCHAR(255), `blockchain_tx_hash` VARCHAR(255), `blockchain_confirmations` INTEGER DEFAULT '0', `blockchain_status` VARCHAR(255), `tax_deductible` TINYINT(1) DEFAULT 1, `message` TEXT, `is_anonymous` TINYINT(1) DEFAULT 0, `completed_at` DATETIME, `refunded_at` DATETIME, `refund_reason` VARCHAR(255), `platform_fee` DECIMAL(5,2) DEFAULT '0', `stripe_fee` DECIMAL(5,2) DEFAULT '0', `blockchain_fee` DECIMAL(5,2) DEFAULT '0', `net_amount` DECIMAL(15,2), `metadata` JSONB, `failure_reason` VARCHAR(255), `created_at` DATETIME NOT NULL, `updated_at` DATETIME NOT NULL);
Executing (default): INSERT INTO `donations_backup` SELECT `id`, `user_id`, `project_id`, `amount`, `currency`, `exchange_rate`, `usd_amount`, `status`, `stripe_payment_id`, `stripe_payment_intent_id`, `blockchain_tx_hash`, `blockchain_confirmations`, `blockchain_status`, `tax_deductible`, `message`, `is_anonymous`, `completed_at`, `refunded_at`, `refund_reason`, `platform_fee`, `stripe_fee`, `blockchain_fee`, `net_amount`, `metadata`, `failure_reason`, `created_at`, `updated_at` FROM `donations`;
Executing (default): DROP TABLE `donations`;
Executing (default): CREATE TABLE IF NOT EXISTS `donations` (`id` UUID UNIQUE PRIMARY KEY, `user_id` UUID NOT NULL REFERENCES `users` (`id`) ON DELETE NO ACTION ON UPDATE CASCADE, `project_id` UUID NOT NULL REFERENCES `projects` (`id`), `amount` DECIMAL(15,2) NOT NULL, `currency` TEXT NOT NULL DEFAULT 'nzd', `exchange_rate` DECIMAL(15,2), `usd_amount` DECIMAL(15,2), `status` TEXT NOT NULL DEFAULT 'pending', `stripe_payment_id` VARCHAR(255), `stripe_payment_intent_id` VARCHAR(255), `blockchain_tx_hash` VARCHAR(255), `blockchain_confirmations` INTEGER DEFAULT '0', `blockchain_status` VARCHAR(255), `tax_deductible` TINYINT(1) DEFAULT 1, `message` TEXT, `is_anonymous` TINYINT(1) DEFAULT 0, `completed_at` DATETIME, `refunded_at` DATETIME, `refund_reason` VARCHAR(255), `platform_fee` DECIMAL(5,2) DEFAULT '0', `stripe_fee` DECIMAL(5,2) DEFAULT '0', `blockchain_fee` DECIMAL(5,2) DEFAULT '0', `net_amount` DECIMAL(15,2), `metadata` JSONB, `failure_reason` VARCHAR(255), `created_at` DATETIME NOT NULL, `updated_at` DATETIME NOT NULL);
Executing (default): INSERT INTO `donations` SELECT `id`, `user_id`, `project_id`, `amount`, `currency`, `exchange_rate`, `usd_amount`, `status`, `stripe_payment_id`, `stripe_payment_intent_id`, `blockchain_tx_hash`, `blockchain_confirmations`, `blockchain_status`, `tax_deductible`, `message`, `is_anonymous`, `completed_at`, `refunded_at`, `refund_reason`, `platform_fee`, `stripe_fee`, `blockchain_fee`, `net_amount`, `metadata`, `failure_reason`, `created_at`, `updated_at` FROM `donations_backup`;
Executing (default): DROP TABLE `donations_backup`;
Executing (default): PRAGMA TABLE_INFO(`donations`);
Executing (default): PRAGMA INDEX_LIST(`donations`)
Executing (default): PRAGMA INDEX_INFO(`sqlite_autoindex_donations_1`)
Executing (default): PRAGMA foreign_key_list(`donations`)
Executing (default): CREATE TABLE IF NOT EXISTS `donations_backup` (`id` UUID UNIQUE PRIMARY KEY, `user_id` UUID NOT NULL REFERENCES `users` (`id`), `project_id` UUID NOT NULL REFERENCES `projects` (`id`) ON DELETE NO ACTION ON UPDATE CASCADE, `amount` DECIMAL(15,2) NOT NULL, `currency` TEXT NOT NULL DEFAULT 'nzd', `exchange_rate` DECIMAL(15,2), `usd_amount` DECIMAL(15,2), `status` TEXT NOT NULL DEFAULT 'pending', `stripe_payment_id` VARCHAR(255), `stripe_payment_intent_id` VARCHAR(255), `blockchain_tx_hash` VARCHAR(255), `blockchain_confirmations` INTEGER DEFAULT '0', `blockchain_status` VARCHAR(255), `tax_deductible` TINYINT(1) DEFAULT 1, `message` TEXT, `is_anonymous` TINYINT(1) DEFAULT 0, `completed_at` DATETIME, `refunded_at` DATETIME, `refund_reason` VARCHAR(255), `platform_fee` DECIMAL(5,2) DEFAULT '0', `stripe_fee` DECIMAL(5,2) DEFAULT '0', `blockchain_fee` DECIMAL(5,2) DEFAULT '0', `net_amount` DECIMAL(15,2), `metadata` JSONB, `failure_reason` VARCHAR(255), `created_at` DATETIME NOT NULL, `updated_at` DATETIME NOT NULL);
Executing (default): INSERT INTO `donations_backup` SELECT `id`, `user_id`, `project_id`, `amount`, `currency`, `exchange_rate`, `usd_amount`, `status`, `stripe_payment_id`, `stripe_payment_intent_id`, `blockchain_tx_hash`, `blockchain_confirmations`, `blockchain_status`, `tax_deductible`, `message`, `is_anonymous`, `completed_at`, `refunded_at`, `refund_reason`, `platform_fee`, `stripe_fee`, `blockchain_fee`, `net_amount`, `metadata`, `failure_reason`, `created_at`, `updated_at` FROM `donations`;
Executing (default): DROP TABLE `donations`;
Executing (default): CREATE TABLE IF NOT EXISTS `donations` (`id` UUID UNIQUE PRIMARY KEY, `user_id` UUID NOT NULL REFERENCES `users` (`id`), `project_id` UUID NOT NULL REFERENCES `projects` (`id`) ON DELETE NO ACTION ON UPDATE CASCADE, `amount` DECIMAL(15,2) NOT NULL, `currency` TEXT NOT NULL DEFAULT 'nzd', `exchange_rate` DECIMAL(15,2), `usd_amount` DECIMAL(15,2), `status` TEXT NOT NULL DEFAULT 'pending', `stripe_payment_id` VARCHAR(255), `stripe_payment_intent_id` VARCHAR(255), `blockchain_tx_hash` VARCHAR(255), `blockchain_confirmations` INTEGER DEFAULT '0', `blockchain_status` VARCHAR(255), `tax_deductible` TINYINT(1) DEFAULT 1, `message` TEXT, `is_anonymous` TINYINT(1) DEFAULT 0, `completed_at` DATETIME, `refunded_at` DATETIME, `refund_reason` VARCHAR(255), `platform_fee` DECIMAL(5,2) DEFAULT '0', `stripe_fee` DECIMAL(5,2) DEFAULT '0', `blockchain_fee` DECIMAL(5,2) DEFAULT '0', `net_amount` DECIMAL(15,2), `metadata` JSONB, `failure_reason` VARCHAR(255), `created_at` DATETIME NOT NULL, `updated_at` DATETIME NOT NULL);
Executing (default): INSERT INTO `donations` SELECT `id`, `user_id`, `project_id`, `amount`, `currency`, `exchange_rate`, `usd_amount`, `status`, `stripe_payment_id`, `stripe_payment_intent_id`, `blockchain_tx_hash`, `blockchain_confirmations`, `blockchain_status`, `tax_deductible`, `message`, `is_anonymous`, `completed_at`, `refunded_at`, `refund_reason`, `platform_fee`, `stripe_fee`, `blockchain_fee`, `net_amount`, `metadata`, `failure_reason`, `created_at`, `updated_at` FROM `donations_backup`;
Executing (default): DROP TABLE `donations_backup`;
Executing (default): PRAGMA TABLE_INFO(`donations`);
Executing (default): PRAGMA INDEX_LIST(`donations`)
Executing (default): PRAGMA INDEX_INFO(`sqlite_autoindex_donations_1`)
Executing (default): PRAGMA foreign_key_list(`donations`)
Executing (default): CREATE TABLE IF NOT EXISTS `donations_backup` (`id` UUID UNIQUE PRIMARY KEY, `user_id` UUID NOT NULL REFERENCES `users` (`id`), `project_id` UUID NOT NULL REFERENCES `projects` (`id`), `amount` DECIMAL(15,2) NOT NULL, `currency` TEXT NOT NULL DEFAULT 'nzd', `exchange_rate` DECIMAL(15,2), `usd_amount` DECIMAL(15,2), `status` TEXT NOT NULL DEFAULT 'pending', `stripe_payment_id` VARCHAR(255), `stripe_payment_intent_id` VARCHAR(255), `blockchain_tx_hash` VARCHAR(255), `blockchain_confirmations` INTEGER DEFAULT '0', `blockchain_status` VARCHAR(255), `tax_deductible` TINYINT(1) DEFAULT 1, `message` TEXT, `is_anonymous` TINYINT(1) DEFAULT 0, `completed_at` DATETIME, `refunded_at` DATETIME, `refund_reason` VARCHAR(255), `platform_fee` DECIMAL(5,2) DEFAULT '0', `stripe_fee` DECIMAL(5,2) DEFAULT '0', `blockchain_fee` DECIMAL(5,2) DEFAULT '0', `net_amount` DECIMAL(15,2), `metadata` JSONB, `failure_reason` VARCHAR(255), `created_at` DATETIME NOT NULL, `updated_at` DATETIME NOT NULL);
Executing (default): INSERT INTO `donations_backup` SELECT `id`, `user_id`, `project_id`, `amount`, `currency`, `exchange_rate`, `usd_amount`, `status`, `stripe_payment_id`, `stripe_payment_intent_id`, `blockchain_tx_hash`, `blockchain_confirmations`, `blockchain_status`, `tax_deductible`, `message`, `is_anonymous`, `completed_at`, `refunded_at`, `refund_reason`, `platform_fee`, `stripe_fee`, `blockchain_fee`, `net_amount`, `metadata`, `failure_reason`, `created_at`, `updated_at` FROM `donations`;
Executing (default): DROP TABLE `donations`;
Executing (default): CREATE TABLE IF NOT EXISTS `donations` (`id` UUID UNIQUE PRIMARY KEY, `user_id` UUID NOT NULL REFERENCES `users` (`id`), `project_id` UUID NOT NULL REFERENCES `projects` (`id`), `amount` DECIMAL(15,2) NOT NULL, `currency` TEXT NOT NULL DEFAULT 'nzd', `exchange_rate` DECIMAL(15,2), `usd_amount` DECIMAL(15,2), `status` TEXT NOT NULL DEFAULT 'pending', `stripe_payment_id` VARCHAR(255), `stripe_payment_intent_id` VARCHAR(255), `blockchain_tx_hash` VARCHAR(255), `blockchain_confirmations` INTEGER DEFAULT '0', `blockchain_status` VARCHAR(255), `tax_deductible` TINYINT(1) DEFAULT 1, `message` TEXT, `is_anonymous` TINYINT(1) DEFAULT 0, `completed_at` DATETIME, `refunded_at` DATETIME, `refund_reason` VARCHAR(255), `platform_fee` DECIMAL(5,2) DEFAULT '0', `stripe_fee` DECIMAL(5,2) DEFAULT '0', `blockchain_fee` DECIMAL(5,2) DEFAULT '0', `net_amount` DECIMAL(15,2), `metadata` JSONB, `failure_reason` VARCHAR(255), `created_at` DATETIME NOT NULL, `updated_at` DATETIME NOT NULL);
Executing (default): INSERT INTO `donations` SELECT `id`, `user_id`, `project_id`, `amount`, `currency`, `exchange_rate`, `usd_amount`, `status`, `stripe_payment_id`, `stripe_payment_intent_id`, `blockchain_tx_hash`, `blockchain_confirmations`, `blockchain_status`, `tax_deductible`, `message`, `is_anonymous`, `completed_at`, `refunded_at`, `refund_reason`, `platform_fee`, `stripe_fee`, `blockchain_fee`, `net_amount`, `metadata`, `failure_reason`, `created_at`, `updated_at` FROM `donations_backup`;
Executing (default): DROP TABLE `donations_backup`;
Executing (default): PRAGMA TABLE_INFO(`donations`);
Executing (default): PRAGMA INDEX_LIST(`donations`)
Executing (default): PRAGMA INDEX_INFO(`sqlite_autoindex_donations_1`)
Executing (default): PRAGMA foreign_key_list(`donations`)
Executing (default): CREATE TABLE IF NOT EXISTS `donations_backup` (`id` UUID UNIQUE PRIMARY KEY, `user_id` UUID NOT NULL REFERENCES `users` (`id`), `project_id` UUID NOT NULL REFERENCES `projects` (`id`), `amount` DECIMAL(15,2) NOT NULL, `currency` TEXT NOT NULL DEFAULT 'nzd', `exchange_rate` DECIMAL(15,2), `usd_amount` DECIMAL(15,2), `status` TEXT NOT NULL DEFAULT 'pending', `stripe_payment_id` VARCHAR(255), `stripe_payment_intent_id` VARCHAR(255), `blockchain_tx_hash` VARCHAR(255), `blockchain_confirmations` INTEGER DEFAULT '0', `blockchain_status` VARCHAR(255), `tax_deductible` TINYINT(1) DEFAULT 1, `message` TEXT, `is_anonymous` TINYINT(1) DEFAULT 0, `completed_at` DATETIME, `refunded_at` DATETIME, `refund_reason` VARCHAR(255), `platform_fee` DECIMAL(5,2) DEFAULT '0', `stripe_fee` DECIMAL(5,2) DEFAULT '0', `blockchain_fee` DECIMAL(5,2) DEFAULT '0', `net_amount` DECIMAL(15,2), `metadata` JSONB, `failure_reason` VARCHAR(255), `created_at` DATETIME NOT NULL, `updated_at` DATETIME NOT NULL);
Executing (default): INSERT INTO `donations_backup` SELECT `id`, `user_id`, `project_id`, `amount`, `currency`, `exchange_rate`, `usd_amount`, `status`, `stripe_payment_id`, `stripe_payment_intent_id`, `blockchain_tx_hash`, `blockchain_confirmations`, `blockchain_status`, `tax_deductible`, `message`, `is_anonymous`, `completed_at`, `refunded_at`, `refund_reason`, `platform_fee`, `stripe_fee`, `blockchain_fee`, `net_amount`, `metadata`, `failure_reason`, `created_at`, `updated_at` FROM `donations`;
Executing (default): DROP TABLE `donations`;
Executing (default): CREATE TABLE IF NOT EXISTS `donations` (`id` UUID UNIQUE PRIMARY KEY, `user_id` UUID NOT NULL REFERENCES `users` (`id`), `project_id` UUID NOT NULL REFERENCES `projects` (`id`), `amount` DECIMAL(15,2) NOT NULL, `currency` TEXT NOT NULL DEFAULT 'nzd', `exchange_rate` DECIMAL(15,2), `usd_amount` DECIMAL(15,2), `status` TEXT NOT NULL DEFAULT 'pending', `stripe_payment_id` VARCHAR(255), `stripe_payment_intent_id` VARCHAR(255), `blockchain_tx_hash` VARCHAR(255), `blockchain_confirmations` INTEGER DEFAULT '0', `blockchain_status` VARCHAR(255), `tax_deductible` TINYINT(1) DEFAULT 1, `message` TEXT, `is_anonymous` TINYINT(1) DEFAULT 0, `completed_at` DATETIME, `refunded_at` DATETIME, `refund_reason` VARCHAR(255), `platform_fee` DECIMAL(5,2) DEFAULT '0', `stripe_fee` DECIMAL(5,2) DEFAULT '0', `blockchain_fee` DECIMAL(5,2) DEFAULT '0', `net_amount` DECIMAL(15,2), `metadata` JSONB, `failure_reason` VARCHAR(255), `created_at` DATETIME NOT NULL, `updated_at` DATETIME NOT NULL);
Executing (default): INSERT INTO `donations` SELECT `id`, `user_id`, `project_id`, `amount`, `currency`, `exchange_rate`, `usd_amount`, `status`, `stripe_payment_id`, `stripe_payment_intent_id`, `blockchain_tx_hash`, `blockchain_confirmations`, `blockchain_status`, `tax_deductible`, `message`, `is_anonymous`, `completed_at`, `refunded_at`, `refund_reason`, `platform_fee`, `stripe_fee`, `blockchain_fee`, `net_amount`, `metadata`, `failure_reason`, `created_at`, `updated_at` FROM `donations_backup`;
Executing (default): DROP TABLE `donations_backup`;
Executing (default): PRAGMA TABLE_INFO(`donations`);
Executing (default): PRAGMA INDEX_LIST(`donations`)
Executing (default): PRAGMA INDEX_INFO(`sqlite_autoindex_donations_1`)
Executing (default): PRAGMA foreign_key_list(`donations`)
Executing (default): CREATE TABLE IF NOT EXISTS `donations_backup` (`id` UUID UNIQUE PRIMARY KEY, `user_id` UUID NOT NULL REFERENCES `users` (`id`), `project_id` UUID NOT NULL REFERENCES `projects` (`id`), `amount` DECIMAL(15,2) NOT NULL, `currency` TEXT NOT NULL DEFAULT 'nzd', `exchange_rate` DECIMAL(15,2), `usd_amount` DECIMAL(15,2), `status` TEXT NOT NULL DEFAULT 'pending', `stripe_payment_id` VARCHAR(255), `stripe_payment_intent_id` VARCHAR(255), `blockchain_tx_hash` VARCHAR(255), `blockchain_confirmations` INTEGER DEFAULT '0', `blockchain_status` VARCHAR(255), `tax_deductible` TINYINT(1) DEFAULT 1, `message` TEXT, `is_anonymous` TINYINT(1) DEFAULT 0, `completed_at` DATETIME, `refunded_at` DATETIME, `refund_reason` VARCHAR(255), `platform_fee` DECIMAL(5,2) DEFAULT '0', `stripe_fee` DECIMAL(5,2) DEFAULT '0', `blockchain_fee` DECIMAL(5,2) DEFAULT '0', `net_amount` DECIMAL(15,2), `metadata` JSONB, `failure_reason` VARCHAR(255), `created_at` DATETIME NOT NULL, `updated_at` DATETIME NOT NULL);
Executing (default): INSERT INTO `donations_backup` SELECT `id`, `user_id`, `project_id`, `amount`, `currency`, `exchange_rate`, `usd_amount`, `status`, `stripe_payment_id`, `stripe_payment_intent_id`, `blockchain_tx_hash`, `blockchain_confirmations`, `blockchain_status`, `tax_deductible`, `message`, `is_anonymous`, `completed_at`, `refunded_at`, `refund_reason`, `platform_fee`, `stripe_fee`, `blockchain_fee`, `net_amount`, `metadata`, `failure_reason`, `created_at`, `updated_at` FROM `donations`;
Executing (default): DROP TABLE `donations`;
Executing (default): CREATE TABLE IF NOT EXISTS `donations` (`id` UUID UNIQUE PRIMARY KEY, `user_id` UUID NOT NULL REFERENCES `users` (`id`), `project_id` UUID NOT NULL REFERENCES `projects` (`id`), `amount` DECIMAL(15,2) NOT NULL, `currency` TEXT NOT NULL DEFAULT 'nzd', `exchange_rate` DECIMAL(15,2), `usd_amount` DECIMAL(15,2), `status` TEXT NOT NULL DEFAULT 'pending', `stripe_payment_id` VARCHAR(255), `stripe_payment_intent_id` VARCHAR(255), `blockchain_tx_hash` VARCHAR(255), `blockchain_confirmations` INTEGER DEFAULT '0', `blockchain_status` VARCHAR(255), `tax_deductible` TINYINT(1) DEFAULT 1, `message` TEXT, `is_anonymous` TINYINT(1) DEFAULT 0, `completed_at` DATETIME, `refunded_at` DATETIME, `refund_reason` VARCHAR(255), `platform_fee` DECIMAL(5,2) DEFAULT '0', `stripe_fee` DECIMAL(5,2) DEFAULT '0', `blockchain_fee` DECIMAL(5,2) DEFAULT '0', `net_amount` DECIMAL(15,2), `metadata` JSONB, `failure_reason` VARCHAR(255), `created_at` DATETIME NOT NULL, `updated_at` DATETIME NOT NULL);
Executing (default): INSERT INTO `donations` SELECT `id`, `user_id`, `project_id`, `amount`, `currency`, `exchange_rate`, `usd_amount`, `status`, `stripe_payment_id`, `stripe_payment_intent_id`, `blockchain_tx_hash`, `blockchain_confirmations`, `blockchain_status`, `tax_deductible`, `message`, `is_anonymous`, `completed_at`, `refunded_at`, `refund_reason`, `platform_fee`, `stripe_fee`, `blockchain_fee`, `net_amount`, `metadata`, `failure_reason`, `created_at`, `updated_at` FROM `donations_backup`;
Executing (default): DROP TABLE `donations_backup`;
Executing (default): PRAGMA TABLE_INFO(`donations`);
Executing (default): PRAGMA INDEX_LIST(`donations`)
Executing (default): PRAGMA INDEX_INFO(`sqlite_autoindex_donations_1`)
Executing (default): PRAGMA foreign_key_list(`donations`)
Executing (default): CREATE TABLE IF NOT EXISTS `donations_backup` (`id` UUID UNIQUE PRIMARY KEY, `user_id` UUID NOT NULL REFERENCES `users` (`id`), `project_id` UUID NOT NULL REFERENCES `projects` (`id`), `amount` DECIMAL(15,2) NOT NULL, `currency` TEXT NOT NULL DEFAULT 'nzd', `exchange_rate` DECIMAL(15,2), `usd_amount` DECIMAL(15,2), `status` TEXT NOT NULL DEFAULT 'pending', `stripe_payment_id` VARCHAR(255), `stripe_payment_intent_id` VARCHAR(255), `blockchain_tx_hash` VARCHAR(255), `blockchain_confirmations` INTEGER DEFAULT '0', `blockchain_status` VARCHAR(255), `tax_deductible` TINYINT(1) DEFAULT 1, `message` TEXT, `is_anonymous` TINYINT(1) DEFAULT 0, `completed_at` DATETIME, `refunded_at` DATETIME, `refund_reason` VARCHAR(255), `platform_fee` DECIMAL(5,2) DEFAULT '0', `stripe_fee` DECIMAL(5,2) DEFAULT '0', `blockchain_fee` DECIMAL(5,2) DEFAULT '0', `net_amount` DECIMAL(15,2), `metadata` JSONB, `failure_reason` VARCHAR(255), `created_at` DATETIME NOT NULL, `updated_at` DATETIME NOT NULL);
Executing (default): INSERT INTO `donations_backup` SELECT `id`, `user_id`, `project_id`, `amount`, `currency`, `exchange_rate`, `usd_amount`, `status`, `stripe_payment_id`, `stripe_payment_intent_id`, `blockchain_tx_hash`, `blockchain_confirmations`, `blockchain_status`, `tax_deductible`, `message`, `is_anonymous`, `completed_at`, `refunded_at`, `refund_reason`, `platform_fee`, `stripe_fee`, `blockchain_fee`, `net_amount`, `metadata`, `failure_reason`, `created_at`, `updated_at` FROM `donations`;
Executing (default): DROP TABLE `donations`;
Executing (default): CREATE TABLE IF NOT EXISTS `donations` (`id` UUID UNIQUE PRIMARY KEY, `user_id` UUID NOT NULL REFERENCES `users` (`id`), `project_id` UUID NOT NULL REFERENCES `projects` (`id`), `amount` DECIMAL(15,2) NOT NULL, `currency` TEXT NOT NULL DEFAULT 'nzd', `exchange_rate` DECIMAL(15,2), `usd_amount` DECIMAL(15,2), `status` TEXT NOT NULL DEFAULT 'pending', `stripe_payment_id` VARCHAR(255), `stripe_payment_intent_id` VARCHAR(255), `blockchain_tx_hash` VARCHAR(255), `blockchain_confirmations` INTEGER DEFAULT '0', `blockchain_status` VARCHAR(255), `tax_deductible` TINYINT(1) DEFAULT 1, `message` TEXT, `is_anonymous` TINYINT(1) DEFAULT 0, `completed_at` DATETIME, `refunded_at` DATETIME, `refund_reason` VARCHAR(255), `platform_fee` DECIMAL(5,2) DEFAULT '0', `stripe_fee` DECIMAL(5,2) DEFAULT '0', `blockchain_fee` DECIMAL(5,2) DEFAULT '0', `net_amount` DECIMAL(15,2), `metadata` JSONB, `failure_reason` VARCHAR(255), `created_at` DATETIME NOT NULL, `updated_at` DATETIME NOT NULL);
Executing (default): INSERT INTO `donations` SELECT `id`, `user_id`, `project_id`, `amount`, `currency`, `exchange_rate`, `usd_amount`, `status`, `stripe_payment_id`, `stripe_payment_intent_id`, `blockchain_tx_hash`, `blockchain_confirmations`, `blockchain_status`, `tax_deductible`, `message`, `is_anonymous`, `completed_at`, `refunded_at`, `refund_reason`, `platform_fee`, `stripe_fee`, `blockchain_fee`, `net_amount`, `metadata`, `failure_reason`, `created_at`, `updated_at` FROM `donations_backup`;
Executing (default): DROP TABLE `donations_backup`;
Executing (default): PRAGMA TABLE_INFO(`donations`);
Executing (default): PRAGMA INDEX_LIST(`donations`)
Executing (default): PRAGMA INDEX_INFO(`sqlite_autoindex_donations_1`)
Executing (default): PRAGMA foreign_key_list(`donations`)
Executing (default): CREATE TABLE IF NOT EXISTS `donations_backup` (`id` UUID UNIQUE PRIMARY KEY, `user_id` UUID NOT NULL REFERENCES `users` (`id`), `project_id` UUID NOT NULL REFERENCES `projects` (`id`), `amount` DECIMAL(15,2) NOT NULL, `currency` TEXT NOT NULL DEFAULT 'nzd', `exchange_rate` DECIMAL(15,2), `usd_amount` DECIMAL(15,2), `status` TEXT NOT NULL DEFAULT 'pending', `stripe_payment_id` VARCHAR(255), `stripe_payment_intent_id` VARCHAR(255), `blockchain_tx_hash` VARCHAR(255), `blockchain_confirmations` INTEGER DEFAULT '0', `blockchain_status` VARCHAR(255), `tax_deductible` TINYINT(1) DEFAULT 1, `message` TEXT, `is_anonymous` TINYINT(1) DEFAULT 0, `completed_at` DATETIME, `refunded_at` DATETIME, `refund_reason` VARCHAR(255), `platform_fee` DECIMAL(5,2) DEFAULT '0', `stripe_fee` DECIMAL(5,2) DEFAULT '0', `blockchain_fee` DECIMAL(5,2) DEFAULT '0', `net_amount` DECIMAL(15,2), `metadata` JSONB, `failure_reason` VARCHAR(255), `created_at` DATETIME NOT NULL, `updated_at` DATETIME NOT NULL);
Executing (default): INSERT INTO `donations_backup` SELECT `id`, `user_id`, `project_id`, `amount`, `currency`, `exchange_rate`, `usd_amount`, `status`, `stripe_payment_id`, `stripe_payment_intent_id`, `blockchain_tx_hash`, `blockchain_confirmations`, `blockchain_status`, `tax_deductible`, `message`, `is_anonymous`, `completed_at`, `refunded_at`, `refund_reason`, `platform_fee`, `stripe_fee`, `blockchain_fee`, `net_amount`, `metadata`, `failure_reason`, `created_at`, `updated_at` FROM `donations`;
Executing (default): DROP TABLE `donations`;
Executing (default): CREATE TABLE IF NOT EXISTS `donations` (`id` UUID UNIQUE PRIMARY KEY, `user_id` UUID NOT NULL REFERENCES `users` (`id`), `project_id` UUID NOT NULL REFERENCES `projects` (`id`), `amount` DECIMAL(15,2) NOT NULL, `currency` TEXT NOT NULL DEFAULT 'nzd', `exchange_rate` DECIMAL(15,2), `usd_amount` DECIMAL(15,2), `status` TEXT NOT NULL DEFAULT 'pending', `stripe_payment_id` VARCHAR(255), `stripe_payment_intent_id` VARCHAR(255), `blockchain_tx_hash` VARCHAR(255), `blockchain_confirmations` INTEGER DEFAULT '0', `blockchain_status` VARCHAR(255), `tax_deductible` TINYINT(1) DEFAULT 1, `message` TEXT, `is_anonymous` TINYINT(1) DEFAULT 0, `completed_at` DATETIME, `refunded_at` DATETIME, `refund_reason` VARCHAR(255), `platform_fee` DECIMAL(5,2) DEFAULT '0', `stripe_fee` DECIMAL(5,2) DEFAULT '0', `blockchain_fee` DECIMAL(5,2) DEFAULT '0', `net_amount` DECIMAL(15,2), `metadata` JSONB, `failure_reason` VARCHAR(255), `created_at` DATETIME NOT NULL, `updated_at` DATETIME NOT NULL);
Executing (default): INSERT INTO `donations` SELECT `id`, `user_id`, `project_id`, `amount`, `currency`, `exchange_rate`, `usd_amount`, `status`, `stripe_payment_id`, `stripe_payment_intent_id`, `blockchain_tx_hash`, `blockchain_confirmations`, `blockchain_status`, `tax_deductible`, `message`, `is_anonymous`, `completed_at`, `refunded_at`, `refund_reason`, `platform_fee`, `stripe_fee`, `blockchain_fee`, `net_amount`, `metadata`, `failure_reason`, `created_at`, `updated_at` FROM `donations_backup`;
Executing (default): DROP TABLE `donations_backup`;
Executing (default): PRAGMA TABLE_INFO(`donations`);
Executing (default): PRAGMA INDEX_LIST(`donations`)
Executing (default): PRAGMA INDEX_INFO(`sqlite_autoindex_donations_1`)
Executing (default): PRAGMA foreign_key_list(`donations`)
Executing (default): CREATE TABLE IF NOT EXISTS `donations_backup` (`id` UUID UNIQUE PRIMARY KEY, `user_id` UUID NOT NULL REFERENCES `users` (`id`), `project_id` UUID NOT NULL REFERENCES `projects` (`id`), `amount` DECIMAL(15,2) NOT NULL, `currency` TEXT NOT NULL DEFAULT 'nzd', `exchange_rate` DECIMAL(15,2), `usd_amount` DECIMAL(15,2), `status` TEXT NOT NULL DEFAULT 'pending', `stripe_payment_id` VARCHAR(255), `stripe_payment_intent_id` VARCHAR(255), `blockchain_tx_hash` VARCHAR(255), `blockchain_confirmations` INTEGER DEFAULT '0', `blockchain_status` VARCHAR(255), `tax_deductible` TINYINT(1) DEFAULT 1, `message` TEXT, `is_anonymous` TINYINT(1) DEFAULT 0, `completed_at` DATETIME, `refunded_at` DATETIME, `refund_reason` VARCHAR(255), `platform_fee` DECIMAL(5,2) DEFAULT '0', `stripe_fee` DECIMAL(5,2) DEFAULT '0', `blockchain_fee` DECIMAL(5,2) DEFAULT '0', `net_amount` DECIMAL(15,2), `metadata` JSONB, `failure_reason` VARCHAR(255), `created_at` DATETIME NOT NULL, `updated_at` DATETIME NOT NULL);
Executing (default): INSERT INTO `donations_backup` SELECT `id`, `user_id`, `project_id`, `amount`, `currency`, `exchange_rate`, `usd_amount`, `status`, `stripe_payment_id`, `stripe_payment_intent_id`, `blockchain_tx_hash`, `blockchain_confirmations`, `blockchain_status`, `tax_deductible`, `message`, `is_anonymous`, `completed_at`, `refunded_at`, `refund_reason`, `platform_fee`, `stripe_fee`, `blockchain_fee`, `net_amount`, `metadata`, `failure_reason`, `created_at`, `updated_at` FROM `donations`;
Executing (default): DROP TABLE `donations`;
Executing (default): CREATE TABLE IF NOT EXISTS `donations` (`id` UUID UNIQUE PRIMARY KEY, `user_id` UUID NOT NULL REFERENCES `users` (`id`), `project_id` UUID NOT NULL REFERENCES `projects` (`id`), `amount` DECIMAL(15,2) NOT NULL, `currency` TEXT NOT NULL DEFAULT 'nzd', `exchange_rate` DECIMAL(15,2), `usd_amount` DECIMAL(15,2), `status` TEXT NOT NULL DEFAULT 'pending', `stripe_payment_id` VARCHAR(255), `stripe_payment_intent_id` VARCHAR(255), `blockchain_tx_hash` VARCHAR(255), `blockchain_confirmations` INTEGER DEFAULT '0', `blockchain_status` VARCHAR(255), `tax_deductible` TINYINT(1) DEFAULT 1, `message` TEXT, `is_anonymous` TINYINT(1) DEFAULT 0, `completed_at` DATETIME, `refunded_at` DATETIME, `refund_reason` VARCHAR(255), `platform_fee` DECIMAL(5,2) DEFAULT '0', `stripe_fee` DECIMAL(5,2) DEFAULT '0', `blockchain_fee` DECIMAL(5,2) DEFAULT '0', `net_amount` DECIMAL(15,2), `metadata` JSONB, `failure_reason` VARCHAR(255), `created_at` DATETIME NOT NULL, `updated_at` DATETIME NOT NULL);
Executing (default): INSERT INTO `donations` SELECT `id`, `user_id`, `project_id`, `amount`, `currency`, `exchange_rate`, `usd_amount`, `status`, `stripe_payment_id`, `stripe_payment_intent_id`, `blockchain_tx_hash`, `blockchain_confirmations`, `blockchain_status`, `tax_deductible`, `message`, `is_anonymous`, `completed_at`, `refunded_at`, `refund_reason`, `platform_fee`, `stripe_fee`, `blockchain_fee`, `net_amount`, `metadata`, `failure_reason`, `created_at`, `updated_at` FROM `donations_backup`;
Executing (default): DROP TABLE `donations_backup`;
Executing (default): PRAGMA TABLE_INFO(`donations`);
Executing (default): PRAGMA INDEX_LIST(`donations`)
Executing (default): PRAGMA INDEX_INFO(`sqlite_autoindex_donations_1`)
Executing (default): PRAGMA foreign_key_list(`donations`)
Executing (default): CREATE TABLE IF NOT EXISTS `donations_backup` (`id` UUID UNIQUE PRIMARY KEY, `user_id` UUID NOT NULL REFERENCES `users` (`id`), `project_id` UUID NOT NULL REFERENCES `projects` (`id`), `amount` DECIMAL(15,2) NOT NULL, `currency` TEXT NOT NULL DEFAULT 'nzd', `exchange_rate` DECIMAL(15,2), `usd_amount` DECIMAL(15,2), `status` TEXT NOT NULL DEFAULT 'pending', `stripe_payment_id` VARCHAR(255), `stripe_payment_intent_id` VARCHAR(255), `blockchain_tx_hash` VARCHAR(255), `blockchain_confirmations` INTEGER DEFAULT '0', `blockchain_status` VARCHAR(255), `tax_deductible` TINYINT(1) DEFAULT 1, `message` TEXT, `is_anonymous` TINYINT(1) DEFAULT 0, `completed_at` DATETIME, `refunded_at` DATETIME, `refund_reason` VARCHAR(255), `platform_fee` DECIMAL(5,2) DEFAULT '0', `stripe_fee` DECIMAL(5,2) DEFAULT '0', `blockchain_fee` DECIMAL(5,2) DEFAULT '0', `net_amount` DECIMAL(15,2), `metadata` JSONB, `failure_reason` VARCHAR(255), `created_at` DATETIME NOT NULL, `updated_at` DATETIME NOT NULL);
Executing (default): INSERT INTO `donations_backup` SELECT `id`, `user_id`, `project_id`, `amount`, `currency`, `exchange_rate`, `usd_amount`, `status`, `stripe_payment_id`, `stripe_payment_intent_id`, `blockchain_tx_hash`, `blockchain_confirmations`, `blockchain_status`, `tax_deductible`, `message`, `is_anonymous`, `completed_at`, `refunded_at`, `refund_reason`, `platform_fee`, `stripe_fee`, `blockchain_fee`, `net_amount`, `metadata`, `failure_reason`, `created_at`, `updated_at` FROM `donations`;
Executing (default): DROP TABLE `donations`;
Executing (default): CREATE TABLE IF NOT EXISTS `donations` (`id` UUID UNIQUE PRIMARY KEY, `user_id` UUID NOT NULL REFERENCES `users` (`id`), `project_id` UUID NOT NULL REFERENCES `projects` (`id`), `amount` DECIMAL(15,2) NOT NULL, `currency` TEXT NOT NULL DEFAULT 'nzd', `exchange_rate` DECIMAL(15,2), `usd_amount` DECIMAL(15,2), `status` TEXT NOT NULL DEFAULT 'pending', `stripe_payment_id` VARCHAR(255), `stripe_payment_intent_id` VARCHAR(255), `blockchain_tx_hash` VARCHAR(255), `blockchain_confirmations` INTEGER DEFAULT '0', `blockchain_status` VARCHAR(255), `tax_deductible` TINYINT(1) DEFAULT 1, `message` TEXT, `is_anonymous` TINYINT(1) DEFAULT 0, `completed_at` DATETIME, `refunded_at` DATETIME, `refund_reason` VARCHAR(255), `platform_fee` DECIMAL(5,2) DEFAULT '0', `stripe_fee` DECIMAL(5,2) DEFAULT '0', `blockchain_fee` DECIMAL(5,2) DEFAULT '0', `net_amount` DECIMAL(15,2), `metadata` JSONB, `failure_reason` VARCHAR(255), `created_at` DATETIME NOT NULL, `updated_at` DATETIME NOT NULL);
Executing (default): INSERT INTO `donations` SELECT `id`, `user_id`, `project_id`, `amount`, `currency`, `exchange_rate`, `usd_amount`, `status`, `stripe_payment_id`, `stripe_payment_intent_id`, `blockchain_tx_hash`, `blockchain_confirmations`, `blockchain_status`, `tax_deductible`, `message`, `is_anonymous`, `completed_at`, `refunded_at`, `refund_reason`, `platform_fee`, `stripe_fee`, `blockchain_fee`, `net_amount`, `metadata`, `failure_reason`, `created_at`, `updated_at` FROM `donations_backup`;
Executing (default): DROP TABLE `donations_backup`;
Executing (default): PRAGMA TABLE_INFO(`donations`);
Executing (default): PRAGMA INDEX_LIST(`donations`)
Executing (default): PRAGMA INDEX_INFO(`sqlite_autoindex_donations_1`)
Executing (default): PRAGMA foreign_key_list(`donations`)
Executing (default): CREATE TABLE IF NOT EXISTS `donations_backup` (`id` UUID UNIQUE PRIMARY KEY, `user_id` UUID NOT NULL REFERENCES `users` (`id`), `project_id` UUID NOT NULL REFERENCES `projects` (`id`), `amount` DECIMAL(15,2) NOT NULL, `currency` TEXT NOT NULL DEFAULT 'nzd', `exchange_rate` DECIMAL(15,2), `usd_amount` DECIMAL(15,2), `status` TEXT NOT NULL DEFAULT 'pending', `stripe_payment_id` VARCHAR(255), `stripe_payment_intent_id` VARCHAR(255), `blockchain_tx_hash` VARCHAR(255), `blockchain_confirmations` INTEGER DEFAULT '0', `blockchain_status` VARCHAR(255), `tax_deductible` TINYINT(1) DEFAULT 1, `message` TEXT, `is_anonymous` TINYINT(1) DEFAULT 0, `completed_at` DATETIME, `refunded_at` DATETIME, `refund_reason` VARCHAR(255), `platform_fee` DECIMAL(5,2) DEFAULT '0', `stripe_fee` DECIMAL(5,2) DEFAULT '0', `blockchain_fee` DECIMAL(5,2) DEFAULT '0', `net_amount` DECIMAL(15,2), `metadata` JSONB, `failure_reason` VARCHAR(255), `created_at` DATETIME NOT NULL, `updated_at` DATETIME NOT NULL);
Executing (default): INSERT INTO `donations_backup` SELECT `id`, `user_id`, `project_id`, `amount`, `currency`, `exchange_rate`, `usd_amount`, `status`, `stripe_payment_id`, `stripe_payment_intent_id`, `blockchain_tx_hash`, `blockchain_confirmations`, `blockchain_status`, `tax_deductible`, `message`, `is_anonymous`, `completed_at`, `refunded_at`, `refund_reason`, `platform_fee`, `stripe_fee`, `blockchain_fee`, `net_amount`, `metadata`, `failure_reason`, `created_at`, `updated_at` FROM `donations`;
Executing (default): DROP TABLE `donations`;
Executing (default): CREATE TABLE IF NOT EXISTS `donations` (`id` UUID UNIQUE PRIMARY KEY, `user_id` UUID NOT NULL REFERENCES `users` (`id`), `project_id` UUID NOT NULL REFERENCES `projects` (`id`), `amount` DECIMAL(15,2) NOT NULL, `currency` TEXT NOT NULL DEFAULT 'nzd', `exchange_rate` DECIMAL(15,2), `usd_amount` DECIMAL(15,2), `status` TEXT NOT NULL DEFAULT 'pending', `stripe_payment_id` VARCHAR(255), `stripe_payment_intent_id` VARCHAR(255), `blockchain_tx_hash` VARCHAR(255), `blockchain_confirmations` INTEGER DEFAULT '0', `blockchain_status` VARCHAR(255), `tax_deductible` TINYINT(1) DEFAULT 1, `message` TEXT, `is_anonymous` TINYINT(1) DEFAULT 0, `completed_at` DATETIME, `refunded_at` DATETIME, `refund_reason` VARCHAR(255), `platform_fee` DECIMAL(5,2) DEFAULT '0', `stripe_fee` DECIMAL(5,2) DEFAULT '0', `blockchain_fee` DECIMAL(5,2) DEFAULT '0', `net_amount` DECIMAL(15,2), `metadata` JSONB, `failure_reason` VARCHAR(255), `created_at` DATETIME NOT NULL, `updated_at` DATETIME NOT NULL);
Executing (default): INSERT INTO `donations` SELECT `id`, `user_id`, `project_id`, `amount`, `currency`, `exchange_rate`, `usd_amount`, `status`, `stripe_payment_id`, `stripe_payment_intent_id`, `blockchain_tx_hash`, `blockchain_confirmations`, `blockchain_status`, `tax_deductible`, `message`, `is_anonymous`, `completed_at`, `refunded_at`, `refund_reason`, `platform_fee`, `stripe_fee`, `blockchain_fee`, `net_amount`, `metadata`, `failure_reason`, `created_at`, `updated_at` FROM `donations_backup`;
Executing (default): DROP TABLE `donations_backup`;
Executing (default): PRAGMA TABLE_INFO(`donations`);
Executing (default): PRAGMA INDEX_LIST(`donations`)
Executing (default): PRAGMA INDEX_INFO(`sqlite_autoindex_donations_1`)
Executing (default): PRAGMA foreign_key_list(`donations`)
Executing (default): CREATE TABLE IF NOT EXISTS `donations_backup` (`id` UUID UNIQUE PRIMARY KEY, `user_id` UUID NOT NULL REFERENCES `users` (`id`), `project_id` UUID NOT NULL REFERENCES `projects` (`id`), `amount` DECIMAL(15,2) NOT NULL, `currency` TEXT NOT NULL DEFAULT 'nzd', `exchange_rate` DECIMAL(15,2), `usd_amount` DECIMAL(15,2), `status` TEXT NOT NULL DEFAULT 'pending', `stripe_payment_id` VARCHAR(255), `stripe_payment_intent_id` VARCHAR(255), `blockchain_tx_hash` VARCHAR(255), `blockchain_confirmations` INTEGER DEFAULT 0, `blockchain_status` VARCHAR(255), `tax_deductible` TINYINT(1) DEFAULT 1, `message` TEXT, `is_anonymous` TINYINT(1) DEFAULT 0, `completed_at` DATETIME, `refunded_at` DATETIME, `refund_reason` VARCHAR(255), `platform_fee` DECIMAL(5,2) DEFAULT '0', `stripe_fee` DECIMAL(5,2) DEFAULT '0', `blockchain_fee` DECIMAL(5,2) DEFAULT '0', `net_amount` DECIMAL(15,2), `metadata` JSONB, `failure_reason` VARCHAR(255), `created_at` DATETIME NOT NULL, `updated_at` DATETIME NOT NULL);
Executing (default): INSERT INTO `donations_backup` SELECT `id`, `user_id`, `project_id`, `amount`, `currency`, `exchange_rate`, `usd_amount`, `status`, `stripe_payment_id`, `stripe_payment_intent_id`, `blockchain_tx_hash`, `blockchain_confirmations`, `blockchain_status`, `tax_deductible`, `message`, `is_anonymous`, `completed_at`, `refunded_at`, `refund_reason`, `platform_fee`, `stripe_fee`, `blockchain_fee`, `net_amount`, `metadata`, `failure_reason`, `created_at`, `updated_at` FROM `donations`;
Executing (default): DROP TABLE `donations`;
Executing (default): CREATE TABLE IF NOT EXISTS `donations` (`id` UUID UNIQUE PRIMARY KEY, `user_id` UUID NOT NULL REFERENCES `users` (`id`), `project_id` UUID NOT NULL REFERENCES `projects` (`id`), `amount` DECIMAL(15,2) NOT NULL, `currency` TEXT NOT NULL DEFAULT 'nzd', `exchange_rate` DECIMAL(15,2), `usd_amount` DECIMAL(15,2), `status` TEXT NOT NULL DEFAULT 'pending', `stripe_payment_id` VARCHAR(255), `stripe_payment_intent_id` VARCHAR(255), `blockchain_tx_hash` VARCHAR(255), `blockchain_confirmations` INTEGER DEFAULT 0, `blockchain_status` VARCHAR(255), `tax_deductible` TINYINT(1) DEFAULT 1, `message` TEXT, `is_anonymous` TINYINT(1) DEFAULT 0, `completed_at` DATETIME, `refunded_at` DATETIME, `refund_reason` VARCHAR(255), `platform_fee` DECIMAL(5,2) DEFAULT '0', `stripe_fee` DECIMAL(5,2) DEFAULT '0', `blockchain_fee` DECIMAL(5,2) DEFAULT '0', `net_amount` DECIMAL(15,2), `metadata` JSONB, `failure_reason` VARCHAR(255), `created_at` DATETIME NOT NULL, `updated_at` DATETIME NOT NULL);
Executing (default): INSERT INTO `donations` SELECT `id`, `user_id`, `project_id`, `amount`, `currency`, `exchange_rate`, `usd_amount`, `status`, `stripe_payment_id`, `stripe_payment_intent_id`, `blockchain_tx_hash`, `blockchain_confirmations`, `blockchain_status`, `tax_deductible`, `message`, `is_anonymous`, `completed_at`, `refunded_at`, `refund_reason`, `platform_fee`, `stripe_fee`, `blockchain_fee`, `net_amount`, `metadata`, `failure_reason`, `created_at`, `updated_at` FROM `donations_backup`;
Executing (default): DROP TABLE `donations_backup`;
Executing (default): PRAGMA TABLE_INFO(`donations`);
Executing (default): PRAGMA INDEX_LIST(`donations`)
Executing (default): PRAGMA INDEX_INFO(`sqlite_autoindex_donations_1`)
Executing (default): PRAGMA foreign_key_list(`donations`)
Executing (default): CREATE TABLE IF NOT EXISTS `donations_backup` (`id` UUID UNIQUE PRIMARY KEY, `user_id` UUID NOT NULL REFERENCES `users` (`id`), `project_id` UUID NOT NULL REFERENCES `projects` (`id`), `amount` DECIMAL(15,2) NOT NULL, `currency` TEXT NOT NULL DEFAULT 'nzd', `exchange_rate` DECIMAL(15,2), `usd_amount` DECIMAL(15,2), `status` TEXT NOT NULL DEFAULT 'pending', `stripe_payment_id` VARCHAR(255), `stripe_payment_intent_id` VARCHAR(255), `blockchain_tx_hash` VARCHAR(255), `blockchain_confirmations` INTEGER DEFAULT '0', `blockchain_status` VARCHAR(255), `tax_deductible` TINYINT(1) DEFAULT 1, `message` TEXT, `is_anonymous` TINYINT(1) DEFAULT 0, `completed_at` DATETIME, `refunded_at` DATETIME, `refund_reason` VARCHAR(255), `platform_fee` DECIMAL(5,2) DEFAULT '0', `stripe_fee` DECIMAL(5,2) DEFAULT '0', `blockchain_fee` DECIMAL(5,2) DEFAULT '0', `net_amount` DECIMAL(15,2), `metadata` JSONB, `failure_reason` VARCHAR(255), `created_at` DATETIME NOT NULL, `updated_at` DATETIME NOT NULL);
Executing (default): INSERT INTO `donations_backup` SELECT `id`, `user_id`, `project_id`, `amount`, `currency`, `exchange_rate`, `usd_amount`, `status`, `stripe_payment_id`, `stripe_payment_intent_id`, `blockchain_tx_hash`, `blockchain_confirmations`, `blockchain_status`, `tax_deductible`, `message`, `is_anonymous`, `completed_at`, `refunded_at`, `refund_reason`, `platform_fee`, `stripe_fee`, `blockchain_fee`, `net_amount`, `metadata`, `failure_reason`, `created_at`, `updated_at` FROM `donations`;
Executing (default): DROP TABLE `donations`;
Executing (default): CREATE TABLE IF NOT EXISTS `donations` (`id` UUID UNIQUE PRIMARY KEY, `user_id` UUID NOT NULL REFERENCES `users` (`id`), `project_id` UUID NOT NULL REFERENCES `projects` (`id`), `amount` DECIMAL(15,2) NOT NULL, `currency` TEXT NOT NULL DEFAULT 'nzd', `exchange_rate` DECIMAL(15,2), `usd_amount` DECIMAL(15,2), `status` TEXT NOT NULL DEFAULT 'pending', `stripe_payment_id` VARCHAR(255), `stripe_payment_intent_id` VARCHAR(255), `blockchain_tx_hash` VARCHAR(255), `blockchain_confirmations` INTEGER DEFAULT '0', `blockchain_status` VARCHAR(255), `tax_deductible` TINYINT(1) DEFAULT 1, `message` TEXT, `is_anonymous` TINYINT(1) DEFAULT 0, `completed_at` DATETIME, `refunded_at` DATETIME, `refund_reason` VARCHAR(255), `platform_fee` DECIMAL(5,2) DEFAULT '0', `stripe_fee` DECIMAL(5,2) DEFAULT '0', `blockchain_fee` DECIMAL(5,2) DEFAULT '0', `net_amount` DECIMAL(15,2), `metadata` JSONB, `failure_reason` VARCHAR(255), `created_at` DATETIME NOT NULL, `updated_at` DATETIME NOT NULL);
Executing (default): INSERT INTO `donations` SELECT `id`, `user_id`, `project_id`, `amount`, `currency`, `exchange_rate`, `usd_amount`, `status`, `stripe_payment_id`, `stripe_payment_intent_id`, `blockchain_tx_hash`, `blockchain_confirmations`, `blockchain_status`, `tax_deductible`, `message`, `is_anonymous`, `completed_at`, `refunded_at`, `refund_reason`, `platform_fee`, `stripe_fee`, `blockchain_fee`, `net_amount`, `metadata`, `failure_reason`, `created_at`, `updated_at` FROM `donations_backup`;
Executing (default): DROP TABLE `donations_backup`;
Executing (default): PRAGMA TABLE_INFO(`donations`);
Executing (default): PRAGMA INDEX_LIST(`donations`)
Executing (default): PRAGMA INDEX_INFO(`sqlite_autoindex_donations_1`)
Executing (default): PRAGMA foreign_key_list(`donations`)
Executing (default): CREATE TABLE IF NOT EXISTS `donations_backup` (`id` UUID UNIQUE PRIMARY KEY, `user_id` UUID NOT NULL REFERENCES `users` (`id`), `project_id` UUID NOT NULL REFERENCES `projects` (`id`), `amount` DECIMAL(15,2) NOT NULL, `currency` TEXT NOT NULL DEFAULT 'nzd', `exchange_rate` DECIMAL(15,2), `usd_amount` DECIMAL(15,2), `status` TEXT NOT NULL DEFAULT 'pending', `stripe_payment_id` VARCHAR(255), `stripe_payment_intent_id` VARCHAR(255), `blockchain_tx_hash` VARCHAR(255), `blockchain_confirmations` INTEGER DEFAULT '0', `blockchain_status` VARCHAR(255), `tax_deductible` TINYINT(1) DEFAULT 1, `message` TEXT, `is_anonymous` TINYINT(1) DEFAULT 0, `completed_at` DATETIME, `refunded_at` DATETIME, `refund_reason` VARCHAR(255), `platform_fee` DECIMAL(5,2) DEFAULT '0', `stripe_fee` DECIMAL(5,2) DEFAULT '0', `blockchain_fee` DECIMAL(5,2) DEFAULT '0', `net_amount` DECIMAL(15,2), `metadata` JSONB, `failure_reason` VARCHAR(255), `created_at` DATETIME NOT NULL, `updated_at` DATETIME NOT NULL);
Executing (default): INSERT INTO `donations_backup` SELECT `id`, `user_id`, `project_id`, `amount`, `currency`, `exchange_rate`, `usd_amount`, `status`, `stripe_payment_id`, `stripe_payment_intent_id`, `blockchain_tx_hash`, `blockchain_confirmations`, `blockchain_status`, `tax_deductible`, `message`, `is_anonymous`, `completed_at`, `refunded_at`, `refund_reason`, `platform_fee`, `stripe_fee`, `blockchain_fee`, `net_amount`, `metadata`, `failure_reason`, `created_at`, `updated_at` FROM `donations`;
Executing (default): DROP TABLE `donations`;
Executing (default): CREATE TABLE IF NOT EXISTS `donations` (`id` UUID UNIQUE PRIMARY KEY, `user_id` UUID NOT NULL REFERENCES `users` (`id`), `project_id` UUID NOT NULL REFERENCES `projects` (`id`), `amount` DECIMAL(15,2) NOT NULL, `currency` TEXT NOT NULL DEFAULT 'nzd', `exchange_rate` DECIMAL(15,2), `usd_amount` DECIMAL(15,2), `status` TEXT NOT NULL DEFAULT 'pending', `stripe_payment_id` VARCHAR(255), `stripe_payment_intent_id` VARCHAR(255), `blockchain_tx_hash` VARCHAR(255), `blockchain_confirmations` INTEGER DEFAULT '0', `blockchain_status` VARCHAR(255), `tax_deductible` TINYINT(1) DEFAULT 1, `message` TEXT, `is_anonymous` TINYINT(1) DEFAULT 0, `completed_at` DATETIME, `refunded_at` DATETIME, `refund_reason` VARCHAR(255), `platform_fee` DECIMAL(5,2) DEFAULT '0', `stripe_fee` DECIMAL(5,2) DEFAULT '0', `blockchain_fee` DECIMAL(5,2) DEFAULT '0', `net_amount` DECIMAL(15,2), `metadata` JSONB, `failure_reason` VARCHAR(255), `created_at` DATETIME NOT NULL, `updated_at` DATETIME NOT NULL);
Executing (default): INSERT INTO `donations` SELECT `id`, `user_id`, `project_id`, `amount`, `currency`, `exchange_rate`, `usd_amount`, `status`, `stripe_payment_id`, `stripe_payment_intent_id`, `blockchain_tx_hash`, `blockchain_confirmations`, `blockchain_status`, `tax_deductible`, `message`, `is_anonymous`, `completed_at`, `refunded_at`, `refund_reason`, `platform_fee`, `stripe_fee`, `blockchain_fee`, `net_amount`, `metadata`, `failure_reason`, `created_at`, `updated_at` FROM `donations_backup`;
Executing (default): DROP TABLE `donations_backup`;
Executing (default): PRAGMA TABLE_INFO(`donations`);
Executing (default): PRAGMA INDEX_LIST(`donations`)
Executing (default): PRAGMA INDEX_INFO(`sqlite_autoindex_donations_1`)
Executing (default): PRAGMA foreign_key_list(`donations`)
Executing (default): CREATE TABLE IF NOT EXISTS `donations_backup` (`id` UUID UNIQUE PRIMARY KEY, `user_id` UUID NOT NULL REFERENCES `users` (`id`), `project_id` UUID NOT NULL REFERENCES `projects` (`id`), `amount` DECIMAL(15,2) NOT NULL, `currency` TEXT NOT NULL DEFAULT 'nzd', `exchange_rate` DECIMAL(15,2), `usd_amount` DECIMAL(15,2), `status` TEXT NOT NULL DEFAULT 'pending', `stripe_payment_id` VARCHAR(255), `stripe_payment_intent_id` VARCHAR(255), `blockchain_tx_hash` VARCHAR(255), `blockchain_confirmations` INTEGER DEFAULT '0', `blockchain_status` VARCHAR(255), `tax_deductible` TINYINT(1) DEFAULT 1, `message` TEXT, `is_anonymous` TINYINT(1) DEFAULT 0, `completed_at` DATETIME, `refunded_at` DATETIME, `refund_reason` VARCHAR(255), `platform_fee` DECIMAL(5,2) DEFAULT '0', `stripe_fee` DECIMAL(5,2) DEFAULT '0', `blockchain_fee` DECIMAL(5,2) DEFAULT '0', `net_amount` DECIMAL(15,2), `metadata` JSONB, `failure_reason` VARCHAR(255), `created_at` DATETIME NOT NULL, `updated_at` DATETIME NOT NULL);
Executing (default): INSERT INTO `donations_backup` SELECT `id`, `user_id`, `project_id`, `amount`, `currency`, `exchange_rate`, `usd_amount`, `status`, `stripe_payment_id`, `stripe_payment_intent_id`, `blockchain_tx_hash`, `blockchain_confirmations`, `blockchain_status`, `tax_deductible`, `message`, `is_anonymous`, `completed_at`, `refunded_at`, `refund_reason`, `platform_fee`, `stripe_fee`, `blockchain_fee`, `net_amount`, `metadata`, `failure_reason`, `created_at`, `updated_at` FROM `donations`;
Executing (default): DROP TABLE `donations`;
Executing (default): CREATE TABLE IF NOT EXISTS `donations` (`id` UUID UNIQUE PRIMARY KEY, `user_id` UUID NOT NULL REFERENCES `users` (`id`), `project_id` UUID NOT NULL REFERENCES `projects` (`id`), `amount` DECIMAL(15,2) NOT NULL, `currency` TEXT NOT NULL DEFAULT 'nzd', `exchange_rate` DECIMAL(15,2), `usd_amount` DECIMAL(15,2), `status` TEXT NOT NULL DEFAULT 'pending', `stripe_payment_id` VARCHAR(255), `stripe_payment_intent_id` VARCHAR(255), `blockchain_tx_hash` VARCHAR(255), `blockchain_confirmations` INTEGER DEFAULT '0', `blockchain_status` VARCHAR(255), `tax_deductible` TINYINT(1) DEFAULT 1, `message` TEXT, `is_anonymous` TINYINT(1) DEFAULT 0, `completed_at` DATETIME, `refunded_at` DATETIME, `refund_reason` VARCHAR(255), `platform_fee` DECIMAL(5,2) DEFAULT '0', `stripe_fee` DECIMAL(5,2) DEFAULT '0', `blockchain_fee` DECIMAL(5,2) DEFAULT '0', `net_amount` DECIMAL(15,2), `metadata` JSONB, `failure_reason` VARCHAR(255), `created_at` DATETIME NOT NULL, `updated_at` DATETIME NOT NULL);
Executing (default): INSERT INTO `donations` SELECT `id`, `user_id`, `project_id`, `amount`, `currency`, `exchange_rate`, `usd_amount`, `status`, `stripe_payment_id`, `stripe_payment_intent_id`, `blockchain_tx_hash`, `blockchain_confirmations`, `blockchain_status`, `tax_deductible`, `message`, `is_anonymous`, `completed_at`, `refunded_at`, `refund_reason`, `platform_fee`, `stripe_fee`, `blockchain_fee`, `net_amount`, `metadata`, `failure_reason`, `created_at`, `updated_at` FROM `donations_backup`;
Executing (default): DROP TABLE `donations_backup`;
Executing (default): PRAGMA TABLE_INFO(`donations`);
Executing (default): PRAGMA INDEX_LIST(`donations`)
Executing (default): PRAGMA INDEX_INFO(`sqlite_autoindex_donations_1`)
Executing (default): PRAGMA foreign_key_list(`donations`)
Executing (default): CREATE TABLE IF NOT EXISTS `donations_backup` (`id` UUID UNIQUE PRIMARY KEY, `user_id` UUID NOT NULL REFERENCES `users` (`id`), `project_id` UUID NOT NULL REFERENCES `projects` (`id`), `amount` DECIMAL(15,2) NOT NULL, `currency` TEXT NOT NULL DEFAULT 'nzd', `exchange_rate` DECIMAL(15,2), `usd_amount` DECIMAL(15,2), `status` TEXT NOT NULL DEFAULT 'pending', `stripe_payment_id` VARCHAR(255), `stripe_payment_intent_id` VARCHAR(255), `blockchain_tx_hash` VARCHAR(255), `blockchain_confirmations` INTEGER DEFAULT '0', `blockchain_status` VARCHAR(255), `tax_deductible` TINYINT(1) DEFAULT 1, `message` TEXT, `is_anonymous` TINYINT(1) DEFAULT 0, `completed_at` DATETIME, `refunded_at` DATETIME, `refund_reason` VARCHAR(255), `platform_fee` DECIMAL(5,2) DEFAULT '0', `stripe_fee` DECIMAL(5,2) DEFAULT '0', `blockchain_fee` DECIMAL(5,2) DEFAULT '0', `net_amount` DECIMAL(15,2), `metadata` JSONB, `failure_reason` VARCHAR(255), `created_at` DATETIME NOT NULL, `updated_at` DATETIME NOT NULL);
Executing (default): INSERT INTO `donations_backup` SELECT `id`, `user_id`, `project_id`, `amount`, `currency`, `exchange_rate`, `usd_amount`, `status`, `stripe_payment_id`, `stripe_payment_intent_id`, `blockchain_tx_hash`, `blockchain_confirmations`, `blockchain_status`, `tax_deductible`, `message`, `is_anonymous`, `completed_at`, `refunded_at`, `refund_reason`, `platform_fee`, `stripe_fee`, `blockchain_fee`, `net_amount`, `metadata`, `failure_reason`, `created_at`, `updated_at` FROM `donations`;
Executing (default): DROP TABLE `donations`;
Executing (default): CREATE TABLE IF NOT EXISTS `donations` (`id` UUID UNIQUE PRIMARY KEY, `user_id` UUID NOT NULL REFERENCES `users` (`id`), `project_id` UUID NOT NULL REFERENCES `projects` (`id`), `amount` DECIMAL(15,2) NOT NULL, `currency` TEXT NOT NULL DEFAULT 'nzd', `exchange_rate` DECIMAL(15,2), `usd_amount` DECIMAL(15,2), `status` TEXT NOT NULL DEFAULT 'pending', `stripe_payment_id` VARCHAR(255), `stripe_payment_intent_id` VARCHAR(255), `blockchain_tx_hash` VARCHAR(255), `blockchain_confirmations` INTEGER DEFAULT '0', `blockchain_status` VARCHAR(255), `tax_deductible` TINYINT(1) DEFAULT 1, `message` TEXT, `is_anonymous` TINYINT(1) DEFAULT 0, `completed_at` DATETIME, `refunded_at` DATETIME, `refund_reason` VARCHAR(255), `platform_fee` DECIMAL(5,2) DEFAULT '0', `stripe_fee` DECIMAL(5,2) DEFAULT '0', `blockchain_fee` DECIMAL(5,2) DEFAULT '0', `net_amount` DECIMAL(15,2), `metadata` JSONB, `failure_reason` VARCHAR(255), `created_at` DATETIME NOT NULL, `updated_at` DATETIME NOT NULL);
Executing (default): INSERT INTO `donations` SELECT `id`, `user_id`, `project_id`, `amount`, `currency`, `exchange_rate`, `usd_amount`, `status`, `stripe_payment_id`, `stripe_payment_intent_id`, `blockchain_tx_hash`, `blockchain_confirmations`, `blockchain_status`, `tax_deductible`, `message`, `is_anonymous`, `completed_at`, `refunded_at`, `refund_reason`, `platform_fee`, `stripe_fee`, `blockchain_fee`, `net_amount`, `metadata`, `failure_reason`, `created_at`, `updated_at` FROM `donations_backup`;
Executing (default): DROP TABLE `donations_backup`;
Executing (default): PRAGMA TABLE_INFO(`donations`);
Executing (default): PRAGMA INDEX_LIST(`donations`)
Executing (default): PRAGMA INDEX_INFO(`sqlite_autoindex_donations_1`)
Executing (default): PRAGMA foreign_key_list(`donations`)
Executing (default): CREATE TABLE IF NOT EXISTS `donations_backup` (`id` UUID UNIQUE PRIMARY KEY, `user_id` UUID NOT NULL REFERENCES `users` (`id`), `project_id` UUID NOT NULL REFERENCES `projects` (`id`), `amount` DECIMAL(15,2) NOT NULL, `currency` TEXT NOT NULL DEFAULT 'nzd', `exchange_rate` DECIMAL(15,2), `usd_amount` DECIMAL(15,2), `status` TEXT NOT NULL DEFAULT 'pending', `stripe_payment_id` VARCHAR(255), `stripe_payment_intent_id` VARCHAR(255), `blockchain_tx_hash` VARCHAR(255), `blockchain_confirmations` INTEGER DEFAULT '0', `blockchain_status` VARCHAR(255), `tax_deductible` TINYINT(1) DEFAULT 1, `message` TEXT, `is_anonymous` TINYINT(1) DEFAULT 0, `completed_at` DATETIME, `refunded_at` DATETIME, `refund_reason` VARCHAR(255), `platform_fee` DECIMAL(5,2) DEFAULT '0', `stripe_fee` DECIMAL(5,2) DEFAULT '0', `blockchain_fee` DECIMAL(5,2) DEFAULT '0', `net_amount` DECIMAL(15,2), `metadata` JSONB, `failure_reason` VARCHAR(255), `created_at` DATETIME NOT NULL, `updated_at` DATETIME NOT NULL);
Executing (default): INSERT INTO `donations_backup` SELECT `id`, `user_id`, `project_id`, `amount`, `currency`, `exchange_rate`, `usd_amount`, `status`, `stripe_payment_id`, `stripe_payment_intent_id`, `blockchain_tx_hash`, `blockchain_confirmations`, `blockchain_status`, `tax_deductible`, `message`, `is_anonymous`, `completed_at`, `refunded_at`, `refund_reason`, `platform_fee`, `stripe_fee`, `blockchain_fee`, `net_amount`, `metadata`, `failure_reason`, `created_at`, `updated_at` FROM `donations`;
Executing (default): DROP TABLE `donations`;
Executing (default): CREATE TABLE IF NOT EXISTS `donations` (`id` UUID UNIQUE PRIMARY KEY, `user_id` UUID NOT NULL REFERENCES `users` (`id`), `project_id` UUID NOT NULL REFERENCES `projects` (`id`), `amount` DECIMAL(15,2) NOT NULL, `currency` TEXT NOT NULL DEFAULT 'nzd', `exchange_rate` DECIMAL(15,2), `usd_amount` DECIMAL(15,2), `status` TEXT NOT NULL DEFAULT 'pending', `stripe_payment_id` VARCHAR(255), `stripe_payment_intent_id` VARCHAR(255), `blockchain_tx_hash` VARCHAR(255), `blockchain_confirmations` INTEGER DEFAULT '0', `blockchain_status` VARCHAR(255), `tax_deductible` TINYINT(1) DEFAULT 1, `message` TEXT, `is_anonymous` TINYINT(1) DEFAULT 0, `completed_at` DATETIME, `refunded_at` DATETIME, `refund_reason` VARCHAR(255), `platform_fee` DECIMAL(5,2) DEFAULT '0', `stripe_fee` DECIMAL(5,2) DEFAULT '0', `blockchain_fee` DECIMAL(5,2) DEFAULT '0', `net_amount` DECIMAL(15,2), `metadata` JSONB, `failure_reason` VARCHAR(255), `created_at` DATETIME NOT NULL, `updated_at` DATETIME NOT NULL);
Executing (default): INSERT INTO `donations` SELECT `id`, `user_id`, `project_id`, `amount`, `currency`, `exchange_rate`, `usd_amount`, `status`, `stripe_payment_id`, `stripe_payment_intent_id`, `blockchain_tx_hash`, `blockchain_confirmations`, `blockchain_status`, `tax_deductible`, `message`, `is_anonymous`, `completed_at`, `refunded_at`, `refund_reason`, `platform_fee`, `stripe_fee`, `blockchain_fee`, `net_amount`, `metadata`, `failure_reason`, `created_at`, `updated_at` FROM `donations_backup`;
Executing (default): DROP TABLE `donations_backup`;
Executing (default): PRAGMA TABLE_INFO(`donations`);
Executing (default): PRAGMA INDEX_LIST(`donations`)
Executing (default): PRAGMA INDEX_INFO(`sqlite_autoindex_donations_1`)
Executing (default): PRAGMA foreign_key_list(`donations`)
Executing (default): CREATE TABLE IF NOT EXISTS `donations_backup` (`id` UUID UNIQUE PRIMARY KEY, `user_id` UUID NOT NULL REFERENCES `users` (`id`), `project_id` UUID NOT NULL REFERENCES `projects` (`id`), `amount` DECIMAL(15,2) NOT NULL, `currency` TEXT NOT NULL DEFAULT 'nzd', `exchange_rate` DECIMAL(15,2), `usd_amount` DECIMAL(15,2), `status` TEXT NOT NULL DEFAULT 'pending', `stripe_payment_id` VARCHAR(255), `stripe_payment_intent_id` VARCHAR(255), `blockchain_tx_hash` VARCHAR(255), `blockchain_confirmations` INTEGER DEFAULT '0', `blockchain_status` VARCHAR(255), `tax_deductible` TINYINT(1) DEFAULT 1, `message` TEXT, `is_anonymous` TINYINT(1) DEFAULT 0, `completed_at` DATETIME, `refunded_at` DATETIME, `refund_reason` VARCHAR(255), `platform_fee` DECIMAL(5,2) DEFAULT '0', `stripe_fee` DECIMAL(5,2) DEFAULT '0', `blockchain_fee` DECIMAL(5,2) DEFAULT '0', `net_amount` DECIMAL(15,2), `metadata` JSONB, `failure_reason` VARCHAR(255), `created_at` DATETIME NOT NULL, `updated_at` DATETIME NOT NULL);
Executing (default): INSERT INTO `donations_backup` SELECT `id`, `user_id`, `project_id`, `amount`, `currency`, `exchange_rate`, `usd_amount`, `status`, `stripe_payment_id`, `stripe_payment_intent_id`, `blockchain_tx_hash`, `blockchain_confirmations`, `blockchain_status`, `tax_deductible`, `message`, `is_anonymous`, `completed_at`, `refunded_at`, `refund_reason`, `platform_fee`, `stripe_fee`, `blockchain_fee`, `net_amount`, `metadata`, `failure_reason`, `created_at`, `updated_at` FROM `donations`;
Executing (default): DROP TABLE `donations`;
Executing (default): CREATE TABLE IF NOT EXISTS `donations` (`id` UUID UNIQUE PRIMARY KEY, `user_id` UUID NOT NULL REFERENCES `users` (`id`), `project_id` UUID NOT NULL REFERENCES `projects` (`id`), `amount` DECIMAL(15,2) NOT NULL, `currency` TEXT NOT NULL DEFAULT 'nzd', `exchange_rate` DECIMAL(15,2), `usd_amount` DECIMAL(15,2), `status` TEXT NOT NULL DEFAULT 'pending', `stripe_payment_id` VARCHAR(255), `stripe_payment_intent_id` VARCHAR(255), `blockchain_tx_hash` VARCHAR(255), `blockchain_confirmations` INTEGER DEFAULT '0', `blockchain_status` VARCHAR(255), `tax_deductible` TINYINT(1) DEFAULT 1, `message` TEXT, `is_anonymous` TINYINT(1) DEFAULT 0, `completed_at` DATETIME, `refunded_at` DATETIME, `refund_reason` VARCHAR(255), `platform_fee` DECIMAL(5,2) DEFAULT '0', `stripe_fee` DECIMAL(5,2) DEFAULT '0', `blockchain_fee` DECIMAL(5,2) DEFAULT '0', `net_amount` DECIMAL(15,2), `metadata` JSONB, `failure_reason` VARCHAR(255), `created_at` DATETIME NOT NULL, `updated_at` DATETIME NOT NULL);
Executing (default): INSERT INTO `donations` SELECT `id`, `user_id`, `project_id`, `amount`, `currency`, `exchange_rate`, `usd_amount`, `status`, `stripe_payment_id`, `stripe_payment_intent_id`, `blockchain_tx_hash`, `blockchain_confirmations`, `blockchain_status`, `tax_deductible`, `message`, `is_anonymous`, `completed_at`, `refunded_at`, `refund_reason`, `platform_fee`, `stripe_fee`, `blockchain_fee`, `net_amount`, `metadata`, `failure_reason`, `created_at`, `updated_at` FROM `donations_backup`;
Executing (default): DROP TABLE `donations_backup`;
Executing (default): PRAGMA TABLE_INFO(`donations`);
Executing (default): PRAGMA INDEX_LIST(`donations`)
Executing (default): PRAGMA INDEX_INFO(`sqlite_autoindex_donations_1`)
Executing (default): PRAGMA foreign_key_list(`donations`)
Executing (default): CREATE TABLE IF NOT EXISTS `donations_backup` (`id` UUID UNIQUE PRIMARY KEY, `user_id` UUID NOT NULL REFERENCES `users` (`id`), `project_id` UUID NOT NULL REFERENCES `projects` (`id`), `amount` DECIMAL(15,2) NOT NULL, `currency` TEXT NOT NULL DEFAULT 'nzd', `exchange_rate` DECIMAL(15,2), `usd_amount` DECIMAL(15,2), `status` TEXT NOT NULL DEFAULT 'pending', `stripe_payment_id` VARCHAR(255), `stripe_payment_intent_id` VARCHAR(255), `blockchain_tx_hash` VARCHAR(255), `blockchain_confirmations` INTEGER DEFAULT '0', `blockchain_status` VARCHAR(255), `tax_deductible` TINYINT(1) DEFAULT 1, `message` TEXT, `is_anonymous` TINYINT(1) DEFAULT 0, `completed_at` DATETIME, `refunded_at` DATETIME, `refund_reason` VARCHAR(255), `platform_fee` DECIMAL(5,2) DEFAULT '0', `stripe_fee` DECIMAL(5,2) DEFAULT '0', `blockchain_fee` DECIMAL(5,2) DEFAULT '0', `net_amount` DECIMAL(15,2), `metadata` JSONB, `failure_reason` VARCHAR(255), `created_at` DATETIME NOT NULL, `updated_at` DATETIME NOT NULL);
Executing (default): INSERT INTO `donations_backup` SELECT `id`, `user_id`, `project_id`, `amount`, `currency`, `exchange_rate`, `usd_amount`, `status`, `stripe_payment_id`, `stripe_payment_intent_id`, `blockchain_tx_hash`, `blockchain_confirmations`, `blockchain_status`, `tax_deductible`, `message`, `is_anonymous`, `completed_at`, `refunded_at`, `refund_reason`, `platform_fee`, `stripe_fee`, `blockchain_fee`, `net_amount`, `metadata`, `failure_reason`, `created_at`, `updated_at` FROM `donations`;
Executing (default): DROP TABLE `donations`;
Executing (default): CREATE TABLE IF NOT EXISTS `donations` (`id` UUID UNIQUE PRIMARY KEY, `user_id` UUID NOT NULL REFERENCES `users` (`id`), `project_id` UUID NOT NULL REFERENCES `projects` (`id`), `amount` DECIMAL(15,2) NOT NULL, `currency` TEXT NOT NULL DEFAULT 'nzd', `exchange_rate` DECIMAL(15,2), `usd_amount` DECIMAL(15,2), `status` TEXT NOT NULL DEFAULT 'pending', `stripe_payment_id` VARCHAR(255), `stripe_payment_intent_id` VARCHAR(255), `blockchain_tx_hash` VARCHAR(255), `blockchain_confirmations` INTEGER DEFAULT '0', `blockchain_status` VARCHAR(255), `tax_deductible` TINYINT(1) DEFAULT 1, `message` TEXT, `is_anonymous` TINYINT(1) DEFAULT 0, `completed_at` DATETIME, `refunded_at` DATETIME, `refund_reason` VARCHAR(255), `platform_fee` DECIMAL(5,2) DEFAULT '0', `stripe_fee` DECIMAL(5,2) DEFAULT '0', `blockchain_fee` DECIMAL(5,2) DEFAULT '0', `net_amount` DECIMAL(15,2), `metadata` JSONB, `failure_reason` VARCHAR(255), `created_at` DATETIME NOT NULL, `updated_at` DATETIME NOT NULL);
Executing (default): INSERT INTO `donations` SELECT `id`, `user_id`, `project_id`, `amount`, `currency`, `exchange_rate`, `usd_amount`, `status`, `stripe_payment_id`, `stripe_payment_intent_id`, `blockchain_tx_hash`, `blockchain_confirmations`, `blockchain_status`, `tax_deductible`, `message`, `is_anonymous`, `completed_at`, `refunded_at`, `refund_reason`, `platform_fee`, `stripe_fee`, `blockchain_fee`, `net_amount`, `metadata`, `failure_reason`, `created_at`, `updated_at` FROM `donations_backup`;
Executing (default): DROP TABLE `donations_backup`;
Executing (default): PRAGMA TABLE_INFO(`donations`);
Executing (default): PRAGMA INDEX_LIST(`donations`)
Executing (default): PRAGMA INDEX_INFO(`sqlite_autoindex_donations_1`)
Executing (default): PRAGMA foreign_key_list(`donations`)
Executing (default): CREATE TABLE IF NOT EXISTS `donations_backup` (`id` UUID UNIQUE PRIMARY KEY, `user_id` UUID NOT NULL REFERENCES `users` (`id`), `project_id` UUID NOT NULL REFERENCES `projects` (`id`), `amount` DECIMAL(15,2) NOT NULL, `currency` TEXT NOT NULL DEFAULT 'nzd', `exchange_rate` DECIMAL(15,2), `usd_amount` DECIMAL(15,2), `status` TEXT NOT NULL DEFAULT 'pending', `stripe_payment_id` VARCHAR(255), `stripe_payment_intent_id` VARCHAR(255), `blockchain_tx_hash` VARCHAR(255), `blockchain_confirmations` INTEGER DEFAULT '0', `blockchain_status` VARCHAR(255), `tax_deductible` TINYINT(1) DEFAULT 1, `message` TEXT, `is_anonymous` TINYINT(1) DEFAULT 0, `completed_at` DATETIME, `refunded_at` DATETIME, `refund_reason` VARCHAR(255), `platform_fee` DECIMAL(5,2) DEFAULT 0, `stripe_fee` DECIMAL(5,2) DEFAULT '0', `blockchain_fee` DECIMAL(5,2) DEFAULT '0', `net_amount` DECIMAL(15,2), `metadata` JSONB, `failure_reason` VARCHAR(255), `created_at` DATETIME NOT NULL, `updated_at` DATETIME NOT NULL);
Executing (default): INSERT INTO `donations_backup` SELECT `id`, `user_id`, `project_id`, `amount`, `currency`, `exchange_rate`, `usd_amount`, `status`, `stripe_payment_id`, `stripe_payment_intent_id`, `blockchain_tx_hash`, `blockchain_confirmations`, `blockchain_status`, `tax_deductible`, `message`, `is_anonymous`, `completed_at`, `refunded_at`, `refund_reason`, `platform_fee`, `stripe_fee`, `blockchain_fee`, `net_amount`, `metadata`, `failure_reason`, `created_at`, `updated_at` FROM `donations`;
Executing (default): DROP TABLE `donations`;
Executing (default): CREATE TABLE IF NOT EXISTS `donations` (`id` UUID UNIQUE PRIMARY KEY, `user_id` UUID NOT NULL REFERENCES `users` (`id`), `project_id` UUID NOT NULL REFERENCES `projects` (`id`), `amount` DECIMAL(15,2) NOT NULL, `currency` TEXT NOT NULL DEFAULT 'nzd', `exchange_rate` DECIMAL(15,2), `usd_amount` DECIMAL(15,2), `status` TEXT NOT NULL DEFAULT 'pending', `stripe_payment_id` VARCHAR(255), `stripe_payment_intent_id` VARCHAR(255), `blockchain_tx_hash` VARCHAR(255), `blockchain_confirmations` INTEGER DEFAULT '0', `blockchain_status` VARCHAR(255), `tax_deductible` TINYINT(1) DEFAULT 1, `message` TEXT, `is_anonymous` TINYINT(1) DEFAULT 0, `completed_at` DATETIME, `refunded_at` DATETIME, `refund_reason` VARCHAR(255), `platform_fee` DECIMAL(5,2) DEFAULT 0, `stripe_fee` DECIMAL(5,2) DEFAULT '0', `blockchain_fee` DECIMAL(5,2) DEFAULT '0', `net_amount` DECIMAL(15,2), `metadata` JSONB, `failure_reason` VARCHAR(255), `created_at` DATETIME NOT NULL, `updated_at` DATETIME NOT NULL);
Executing (default): INSERT INTO `donations` SELECT `id`, `user_id`, `project_id`, `amount`, `currency`, `exchange_rate`, `usd_amount`, `status`, `stripe_payment_id`, `stripe_payment_intent_id`, `blockchain_tx_hash`, `blockchain_confirmations`, `blockchain_status`, `tax_deductible`, `message`, `is_anonymous`, `completed_at`, `refunded_at`, `refund_reason`, `platform_fee`, `stripe_fee`, `blockchain_fee`, `net_amount`, `metadata`, `failure_reason`, `created_at`, `updated_at` FROM `donations_backup`;
Executing (default): DROP TABLE `donations_backup`;
Executing (default): PRAGMA TABLE_INFO(`donations`);
Executing (default): PRAGMA INDEX_LIST(`donations`)
Executing (default): PRAGMA INDEX_INFO(`sqlite_autoindex_donations_1`)
Executing (default): PRAGMA foreign_key_list(`donations`)
Executing (default): CREATE TABLE IF NOT EXISTS `donations_backup` (`id` UUID UNIQUE PRIMARY KEY, `user_id` UUID NOT NULL REFERENCES `users` (`id`), `project_id` UUID NOT NULL REFERENCES `projects` (`id`), `amount` DECIMAL(15,2) NOT NULL, `currency` TEXT NOT NULL DEFAULT 'nzd', `exchange_rate` DECIMAL(15,2), `usd_amount` DECIMAL(15,2), `status` TEXT NOT NULL DEFAULT 'pending', `stripe_payment_id` VARCHAR(255), `stripe_payment_intent_id` VARCHAR(255), `blockchain_tx_hash` VARCHAR(255), `blockchain_confirmations` INTEGER DEFAULT '0', `blockchain_status` VARCHAR(255), `tax_deductible` TINYINT(1) DEFAULT 1, `message` TEXT, `is_anonymous` TINYINT(1) DEFAULT 0, `completed_at` DATETIME, `refunded_at` DATETIME, `refund_reason` VARCHAR(255), `platform_fee` DECIMAL(5,2) DEFAULT '0', `stripe_fee` DECIMAL(5,2) DEFAULT 0, `blockchain_fee` DECIMAL(5,2) DEFAULT '0', `net_amount` DECIMAL(15,2), `metadata` JSONB, `failure_reason` VARCHAR(255), `created_at` DATETIME NOT NULL, `updated_at` DATETIME NOT NULL);
Executing (default): INSERT INTO `donations_backup` SELECT `id`, `user_id`, `project_id`, `amount`, `currency`, `exchange_rate`, `usd_amount`, `status`, `stripe_payment_id`, `stripe_payment_intent_id`, `blockchain_tx_hash`, `blockchain_confirmations`, `blockchain_status`, `tax_deductible`, `message`, `is_anonymous`, `completed_at`, `refunded_at`, `refund_reason`, `platform_fee`, `stripe_fee`, `blockchain_fee`, `net_amount`, `metadata`, `failure_reason`, `created_at`, `updated_at` FROM `donations`;
Executing (default): DROP TABLE `donations`;
Executing (default): CREATE TABLE IF NOT EXISTS `donations` (`id` UUID UNIQUE PRIMARY KEY, `user_id` UUID NOT NULL REFERENCES `users` (`id`), `project_id` UUID NOT NULL REFERENCES `projects` (`id`), `amount` DECIMAL(15,2) NOT NULL, `currency` TEXT NOT NULL DEFAULT 'nzd', `exchange_rate` DECIMAL(15,2), `usd_amount` DECIMAL(15,2), `status` TEXT NOT NULL DEFAULT 'pending', `stripe_payment_id` VARCHAR(255), `stripe_payment_intent_id` VARCHAR(255), `blockchain_tx_hash` VARCHAR(255), `blockchain_confirmations` INTEGER DEFAULT '0', `blockchain_status` VARCHAR(255), `tax_deductible` TINYINT(1) DEFAULT 1, `message` TEXT, `is_anonymous` TINYINT(1) DEFAULT 0, `completed_at` DATETIME, `refunded_at` DATETIME, `refund_reason` VARCHAR(255), `platform_fee` DECIMAL(5,2) DEFAULT '0', `stripe_fee` DECIMAL(5,2) DEFAULT 0, `blockchain_fee` DECIMAL(5,2) DEFAULT '0', `net_amount` DECIMAL(15,2), `metadata` JSONB, `failure_reason` VARCHAR(255), `created_at` DATETIME NOT NULL, `updated_at` DATETIME NOT NULL);
Executing (default): INSERT INTO `donations` SELECT `id`, `user_id`, `project_id`, `amount`, `currency`, `exchange_rate`, `usd_amount`, `status`, `stripe_payment_id`, `stripe_payment_intent_id`, `blockchain_tx_hash`, `blockchain_confirmations`, `blockchain_status`, `tax_deductible`, `message`, `is_anonymous`, `completed_at`, `refunded_at`, `refund_reason`, `platform_fee`, `stripe_fee`, `blockchain_fee`, `net_amount`, `metadata`, `failure_reason`, `created_at`, `updated_at` FROM `donations_backup`;
Executing (default): DROP TABLE `donations_backup`;
Executing (default): PRAGMA TABLE_INFO(`donations`);
Executing (default): PRAGMA INDEX_LIST(`donations`)
Executing (default): PRAGMA INDEX_INFO(`sqlite_autoindex_donations_1`)
Executing (default): PRAGMA foreign_key_list(`donations`)
Executing (default): CREATE TABLE IF NOT EXISTS `donations_backup` (`id` UUID UNIQUE PRIMARY KEY, `user_id` UUID NOT NULL REFERENCES `users` (`id`), `project_id` UUID NOT NULL REFERENCES `projects` (`id`), `amount` DECIMAL(15,2) NOT NULL, `currency` TEXT NOT NULL DEFAULT 'nzd', `exchange_rate` DECIMAL(15,2), `usd_amount` DECIMAL(15,2), `status` TEXT NOT NULL DEFAULT 'pending', `stripe_payment_id` VARCHAR(255), `stripe_payment_intent_id` VARCHAR(255), `blockchain_tx_hash` VARCHAR(255), `blockchain_confirmations` INTEGER DEFAULT '0', `blockchain_status` VARCHAR(255), `tax_deductible` TINYINT(1) DEFAULT 1, `message` TEXT, `is_anonymous` TINYINT(1) DEFAULT 0, `completed_at` DATETIME, `refunded_at` DATETIME, `refund_reason` VARCHAR(255), `platform_fee` DECIMAL(5,2) DEFAULT '0', `stripe_fee` DECIMAL(5,2) DEFAULT '0', `blockchain_fee` DECIMAL(5,2) DEFAULT 0, `net_amount` DECIMAL(15,2), `metadata` JSONB, `failure_reason` VARCHAR(255), `created_at` DATETIME NOT NULL, `updated_at` DATETIME NOT NULL);
Executing (default): INSERT INTO `donations_backup` SELECT `id`, `user_id`, `project_id`, `amount`, `currency`, `exchange_rate`, `usd_amount`, `status`, `stripe_payment_id`, `stripe_payment_intent_id`, `blockchain_tx_hash`, `blockchain_confirmations`, `blockchain_status`, `tax_deductible`, `message`, `is_anonymous`, `completed_at`, `refunded_at`, `refund_reason`, `platform_fee`, `stripe_fee`, `blockchain_fee`, `net_amount`, `metadata`, `failure_reason`, `created_at`, `updated_at` FROM `donations`;
Executing (default): DROP TABLE `donations`;
Executing (default): CREATE TABLE IF NOT EXISTS `donations` (`id` UUID UNIQUE PRIMARY KEY, `user_id` UUID NOT NULL REFERENCES `users` (`id`), `project_id` UUID NOT NULL REFERENCES `projects` (`id`), `amount` DECIMAL(15,2) NOT NULL, `currency` TEXT NOT NULL DEFAULT 'nzd', `exchange_rate` DECIMAL(15,2), `usd_amount` DECIMAL(15,2), `status` TEXT NOT NULL DEFAULT 'pending', `stripe_payment_id` VARCHAR(255), `stripe_payment_intent_id` VARCHAR(255), `blockchain_tx_hash` VARCHAR(255), `blockchain_confirmations` INTEGER DEFAULT '0', `blockchain_status` VARCHAR(255), `tax_deductible` TINYINT(1) DEFAULT 1, `message` TEXT, `is_anonymous` TINYINT(1) DEFAULT 0, `completed_at` DATETIME, `refunded_at` DATETIME, `refund_reason` VARCHAR(255), `platform_fee` DECIMAL(5,2) DEFAULT '0', `stripe_fee` DECIMAL(5,2) DEFAULT '0', `blockchain_fee` DECIMAL(5,2) DEFAULT 0, `net_amount` DECIMAL(15,2), `metadata` JSONB, `failure_reason` VARCHAR(255), `created_at` DATETIME NOT NULL, `updated_at` DATETIME NOT NULL);
Executing (default): INSERT INTO `donations` SELECT `id`, `user_id`, `project_id`, `amount`, `currency`, `exchange_rate`, `usd_amount`, `status`, `stripe_payment_id`, `stripe_payment_intent_id`, `blockchain_tx_hash`, `blockchain_confirmations`, `blockchain_status`, `tax_deductible`, `message`, `is_anonymous`, `completed_at`, `refunded_at`, `refund_reason`, `platform_fee`, `stripe_fee`, `blockchain_fee`, `net_amount`, `metadata`, `failure_reason`, `created_at`, `updated_at` FROM `donations_backup`;
Executing (default): DROP TABLE `donations_backup`;
Executing (default): PRAGMA TABLE_INFO(`donations`);
Executing (default): PRAGMA INDEX_LIST(`donations`)
Executing (default): PRAGMA INDEX_INFO(`sqlite_autoindex_donations_1`)
Executing (default): PRAGMA foreign_key_list(`donations`)
Executing (default): CREATE TABLE IF NOT EXISTS `donations_backup` (`id` UUID UNIQUE PRIMARY KEY, `user_id` UUID NOT NULL REFERENCES `users` (`id`), `project_id` UUID NOT NULL REFERENCES `projects` (`id`), `amount` DECIMAL(15,2) NOT NULL, `currency` TEXT NOT NULL DEFAULT 'nzd', `exchange_rate` DECIMAL(15,2), `usd_amount` DECIMAL(15,2), `status` TEXT NOT NULL DEFAULT 'pending', `stripe_payment_id` VARCHAR(255), `stripe_payment_intent_id` VARCHAR(255), `blockchain_tx_hash` VARCHAR(255), `blockchain_confirmations` INTEGER DEFAULT '0', `blockchain_status` VARCHAR(255), `tax_deductible` TINYINT(1) DEFAULT 1, `message` TEXT, `is_anonymous` TINYINT(1) DEFAULT 0, `completed_at` DATETIME, `refunded_at` DATETIME, `refund_reason` VARCHAR(255), `platform_fee` DECIMAL(5,2) DEFAULT '0', `stripe_fee` DECIMAL(5,2) DEFAULT '0', `blockchain_fee` DECIMAL(5,2) DEFAULT '0', `net_amount` DECIMAL(15,2), `metadata` JSONB, `failure_reason` VARCHAR(255), `created_at` DATETIME NOT NULL, `updated_at` DATETIME NOT NULL);
Executing (default): INSERT INTO `donations_backup` SELECT `id`, `user_id`, `project_id`, `amount`, `currency`, `exchange_rate`, `usd_amount`, `status`, `stripe_payment_id`, `stripe_payment_intent_id`, `blockchain_tx_hash`, `blockchain_confirmations`, `blockchain_status`, `tax_deductible`, `message`, `is_anonymous`, `completed_at`, `refunded_at`, `refund_reason`, `platform_fee`, `stripe_fee`, `blockchain_fee`, `net_amount`, `metadata`, `failure_reason`, `created_at`, `updated_at` FROM `donations`;
Executing (default): DROP TABLE `donations`;
Executing (default): CREATE TABLE IF NOT EXISTS `donations` (`id` UUID UNIQUE PRIMARY KEY, `user_id` UUID NOT NULL REFERENCES `users` (`id`), `project_id` UUID NOT NULL REFERENCES `projects` (`id`), `amount` DECIMAL(15,2) NOT NULL, `currency` TEXT NOT NULL DEFAULT 'nzd', `exchange_rate` DECIMAL(15,2), `usd_amount` DECIMAL(15,2), `status` TEXT NOT NULL DEFAULT 'pending', `stripe_payment_id` VARCHAR(255), `stripe_payment_intent_id` VARCHAR(255), `blockchain_tx_hash` VARCHAR(255), `blockchain_confirmations` INTEGER DEFAULT '0', `blockchain_status` VARCHAR(255), `tax_deductible` TINYINT(1) DEFAULT 1, `message` TEXT, `is_anonymous` TINYINT(1) DEFAULT 0, `completed_at` DATETIME, `refunded_at` DATETIME, `refund_reason` VARCHAR(255), `platform_fee` DECIMAL(5,2) DEFAULT '0', `stripe_fee` DECIMAL(5,2) DEFAULT '0', `blockchain_fee` DECIMAL(5,2) DEFAULT '0', `net_amount` DECIMAL(15,2), `metadata` JSONB, `failure_reason` VARCHAR(255), `created_at` DATETIME NOT NULL, `updated_at` DATETIME NOT NULL);
Executing (default): INSERT INTO `donations` SELECT `id`, `user_id`, `project_id`, `amount`, `currency`, `exchange_rate`, `usd_amount`, `status`, `stripe_payment_id`, `stripe_payment_intent_id`, `blockchain_tx_hash`, `blockchain_confirmations`, `blockchain_status`, `tax_deductible`, `message`, `is_anonymous`, `completed_at`, `refunded_at`, `refund_reason`, `platform_fee`, `stripe_fee`, `blockchain_fee`, `net_amount`, `metadata`, `failure_reason`, `created_at`, `updated_at` FROM `donations_backup`;
Executing (default): DROP TABLE `donations_backup`;
Executing (default): PRAGMA TABLE_INFO(`donations`);
Executing (default): PRAGMA INDEX_LIST(`donations`)
Executing (default): PRAGMA INDEX_INFO(`sqlite_autoindex_donations_1`)
Executing (default): PRAGMA foreign_key_list(`donations`)
Executing (default): CREATE TABLE IF NOT EXISTS `donations_backup` (`id` UUID UNIQUE PRIMARY KEY, `user_id` UUID NOT NULL REFERENCES `users` (`id`), `project_id` UUID NOT NULL REFERENCES `projects` (`id`), `amount` DECIMAL(15,2) NOT NULL, `currency` TEXT NOT NULL DEFAULT 'nzd', `exchange_rate` DECIMAL(15,2), `usd_amount` DECIMAL(15,2), `status` TEXT NOT NULL DEFAULT 'pending', `stripe_payment_id` VARCHAR(255), `stripe_payment_intent_id` VARCHAR(255), `blockchain_tx_hash` VARCHAR(255), `blockchain_confirmations` INTEGER DEFAULT '0', `blockchain_status` VARCHAR(255), `tax_deductible` TINYINT(1) DEFAULT 1, `message` TEXT, `is_anonymous` TINYINT(1) DEFAULT 0, `completed_at` DATETIME, `refunded_at` DATETIME, `refund_reason` VARCHAR(255), `platform_fee` DECIMAL(5,2) DEFAULT '0', `stripe_fee` DECIMAL(5,2) DEFAULT '0', `blockchain_fee` DECIMAL(5,2) DEFAULT '0', `net_amount` DECIMAL(15,2), `metadata` JSONB, `failure_reason` VARCHAR(255), `created_at` DATETIME NOT NULL, `updated_at` DATETIME NOT NULL);
Executing (default): INSERT INTO `donations_backup` SELECT `id`, `user_id`, `project_id`, `amount`, `currency`, `exchange_rate`, `usd_amount`, `status`, `stripe_payment_id`, `stripe_payment_intent_id`, `blockchain_tx_hash`, `blockchain_confirmations`, `blockchain_status`, `tax_deductible`, `message`, `is_anonymous`, `completed_at`, `refunded_at`, `refund_reason`, `platform_fee`, `stripe_fee`, `blockchain_fee`, `net_amount`, `metadata`, `failure_reason`, `created_at`, `updated_at` FROM `donations`;
Executing (default): DROP TABLE `donations`;
Executing (default): CREATE TABLE IF NOT EXISTS `donations` (`id` UUID UNIQUE PRIMARY KEY, `user_id` UUID NOT NULL REFERENCES `users` (`id`), `project_id` UUID NOT NULL REFERENCES `projects` (`id`), `amount` DECIMAL(15,2) NOT NULL, `currency` TEXT NOT NULL DEFAULT 'nzd', `exchange_rate` DECIMAL(15,2), `usd_amount` DECIMAL(15,2), `status` TEXT NOT NULL DEFAULT 'pending', `stripe_payment_id` VARCHAR(255), `stripe_payment_intent_id` VARCHAR(255), `blockchain_tx_hash` VARCHAR(255), `blockchain_confirmations` INTEGER DEFAULT '0', `blockchain_status` VARCHAR(255), `tax_deductible` TINYINT(1) DEFAULT 1, `message` TEXT, `is_anonymous` TINYINT(1) DEFAULT 0, `completed_at` DATETIME, `refunded_at` DATETIME, `refund_reason` VARCHAR(255), `platform_fee` DECIMAL(5,2) DEFAULT '0', `stripe_fee` DECIMAL(5,2) DEFAULT '0', `blockchain_fee` DECIMAL(5,2) DEFAULT '0', `net_amount` DECIMAL(15,2), `metadata` JSONB, `failure_reason` VARCHAR(255), `created_at` DATETIME NOT NULL, `updated_at` DATETIME NOT NULL);
Executing (default): INSERT INTO `donations` SELECT `id`, `user_id`, `project_id`, `amount`, `currency`, `exchange_rate`, `usd_amount`, `status`, `stripe_payment_id`, `stripe_payment_intent_id`, `blockchain_tx_hash`, `blockchain_confirmations`, `blockchain_status`, `tax_deductible`, `message`, `is_anonymous`, `completed_at`, `refunded_at`, `refund_reason`, `platform_fee`, `stripe_fee`, `blockchain_fee`, `net_amount`, `metadata`, `failure_reason`, `created_at`, `updated_at` FROM `donations_backup`;
Executing (default): DROP TABLE `donations_backup`;
Executing (default): PRAGMA TABLE_INFO(`donations`);
Executing (default): PRAGMA INDEX_LIST(`donations`)
Executing (default): PRAGMA INDEX_INFO(`sqlite_autoindex_donations_1`)
Executing (default): PRAGMA foreign_key_list(`donations`)
Executing (default): CREATE TABLE IF NOT EXISTS `donations_backup` (`id` UUID UNIQUE PRIMARY KEY, `user_id` UUID NOT NULL REFERENCES `users` (`id`), `project_id` UUID NOT NULL REFERENCES `projects` (`id`), `amount` DECIMAL(15,2) NOT NULL, `currency` TEXT NOT NULL DEFAULT 'nzd', `exchange_rate` DECIMAL(15,2), `usd_amount` DECIMAL(15,2), `status` TEXT NOT NULL DEFAULT 'pending', `stripe_payment_id` VARCHAR(255), `stripe_payment_intent_id` VARCHAR(255), `blockchain_tx_hash` VARCHAR(255), `blockchain_confirmations` INTEGER DEFAULT '0', `blockchain_status` VARCHAR(255), `tax_deductible` TINYINT(1) DEFAULT 1, `message` TEXT, `is_anonymous` TINYINT(1) DEFAULT 0, `completed_at` DATETIME, `refunded_at` DATETIME, `refund_reason` VARCHAR(255), `platform_fee` DECIMAL(5,2) DEFAULT '0', `stripe_fee` DECIMAL(5,2) DEFAULT '0', `blockchain_fee` DECIMAL(5,2) DEFAULT '0', `net_amount` DECIMAL(15,2), `metadata` JSONB, `failure_reason` VARCHAR(255), `created_at` DATETIME NOT NULL, `updated_at` DATETIME NOT NULL);
Executing (default): INSERT INTO `donations_backup` SELECT `id`, `user_id`, `project_id`, `amount`, `currency`, `exchange_rate`, `usd_amount`, `status`, `stripe_payment_id`, `stripe_payment_intent_id`, `blockchain_tx_hash`, `blockchain_confirmations`, `blockchain_status`, `tax_deductible`, `message`, `is_anonymous`, `completed_at`, `refunded_at`, `refund_reason`, `platform_fee`, `stripe_fee`, `blockchain_fee`, `net_amount`, `metadata`, `failure_reason`, `created_at`, `updated_at` FROM `donations`;
Executing (default): DROP TABLE `donations`;
Executing (default): CREATE TABLE IF NOT EXISTS `donations` (`id` UUID UNIQUE PRIMARY KEY, `user_id` UUID NOT NULL REFERENCES `users` (`id`), `project_id` UUID NOT NULL REFERENCES `projects` (`id`), `amount` DECIMAL(15,2) NOT NULL, `currency` TEXT NOT NULL DEFAULT 'nzd', `exchange_rate` DECIMAL(15,2), `usd_amount` DECIMAL(15,2), `status` TEXT NOT NULL DEFAULT 'pending', `stripe_payment_id` VARCHAR(255), `stripe_payment_intent_id` VARCHAR(255), `blockchain_tx_hash` VARCHAR(255), `blockchain_confirmations` INTEGER DEFAULT '0', `blockchain_status` VARCHAR(255), `tax_deductible` TINYINT(1) DEFAULT 1, `message` TEXT, `is_anonymous` TINYINT(1) DEFAULT 0, `completed_at` DATETIME, `refunded_at` DATETIME, `refund_reason` VARCHAR(255), `platform_fee` DECIMAL(5,2) DEFAULT '0', `stripe_fee` DECIMAL(5,2) DEFAULT '0', `blockchain_fee` DECIMAL(5,2) DEFAULT '0', `net_amount` DECIMAL(15,2), `metadata` JSONB, `failure_reason` VARCHAR(255), `created_at` DATETIME NOT NULL, `updated_at` DATETIME NOT NULL);
Executing (default): INSERT INTO `donations` SELECT `id`, `user_id`, `project_id`, `amount`, `currency`, `exchange_rate`, `usd_amount`, `status`, `stripe_payment_id`, `stripe_payment_intent_id`, `blockchain_tx_hash`, `blockchain_confirmations`, `blockchain_status`, `tax_deductible`, `message`, `is_anonymous`, `completed_at`, `refunded_at`, `refund_reason`, `platform_fee`, `stripe_fee`, `blockchain_fee`, `net_amount`, `metadata`, `failure_reason`, `created_at`, `updated_at` FROM `donations_backup`;
Executing (default): DROP TABLE `donations_backup`;
Executing (default): PRAGMA TABLE_INFO(`donations`);
Executing (default): PRAGMA INDEX_LIST(`donations`)
Executing (default): PRAGMA INDEX_INFO(`sqlite_autoindex_donations_1`)
Executing (default): PRAGMA foreign_key_list(`donations`)
Executing (default): CREATE TABLE IF NOT EXISTS `donations_backup` (`id` UUID UNIQUE PRIMARY KEY, `user_id` UUID NOT NULL REFERENCES `users` (`id`), `project_id` UUID NOT NULL REFERENCES `projects` (`id`), `amount` DECIMAL(15,2) NOT NULL, `currency` TEXT NOT NULL DEFAULT 'nzd', `exchange_rate` DECIMAL(15,2), `usd_amount` DECIMAL(15,2), `status` TEXT NOT NULL DEFAULT 'pending', `stripe_payment_id` VARCHAR(255), `stripe_payment_intent_id` VARCHAR(255), `blockchain_tx_hash` VARCHAR(255), `blockchain_confirmations` INTEGER DEFAULT '0', `blockchain_status` VARCHAR(255), `tax_deductible` TINYINT(1) DEFAULT 1, `message` TEXT, `is_anonymous` TINYINT(1) DEFAULT 0, `completed_at` DATETIME, `refunded_at` DATETIME, `refund_reason` VARCHAR(255), `platform_fee` DECIMAL(5,2) DEFAULT '0', `stripe_fee` DECIMAL(5,2) DEFAULT '0', `blockchain_fee` DECIMAL(5,2) DEFAULT '0', `net_amount` DECIMAL(15,2), `metadata` JSONB, `failure_reason` VARCHAR(255), `created_at` DATETIME NOT NULL, `updated_at` DATETIME NOT NULL);
Executing (default): INSERT INTO `donations_backup` SELECT `id`, `user_id`, `project_id`, `amount`, `currency`, `exchange_rate`, `usd_amount`, `status`, `stripe_payment_id`, `stripe_payment_intent_id`, `blockchain_tx_hash`, `blockchain_confirmations`, `blockchain_status`, `tax_deductible`, `message`, `is_anonymous`, `completed_at`, `refunded_at`, `refund_reason`, `platform_fee`, `stripe_fee`, `blockchain_fee`, `net_amount`, `metadata`, `failure_reason`, `created_at`, `updated_at` FROM `donations`;
Executing (default): DROP TABLE `donations`;
Executing (default): CREATE TABLE IF NOT EXISTS `donations` (`id` UUID UNIQUE PRIMARY KEY, `user_id` UUID NOT NULL REFERENCES `users` (`id`), `project_id` UUID NOT NULL REFERENCES `projects` (`id`), `amount` DECIMAL(15,2) NOT NULL, `currency` TEXT NOT NULL DEFAULT 'nzd', `exchange_rate` DECIMAL(15,2), `usd_amount` DECIMAL(15,2), `status` TEXT NOT NULL DEFAULT 'pending', `stripe_payment_id` VARCHAR(255), `stripe_payment_intent_id` VARCHAR(255), `blockchain_tx_hash` VARCHAR(255), `blockchain_confirmations` INTEGER DEFAULT '0', `blockchain_status` VARCHAR(255), `tax_deductible` TINYINT(1) DEFAULT 1, `message` TEXT, `is_anonymous` TINYINT(1) DEFAULT 0, `completed_at` DATETIME, `refunded_at` DATETIME, `refund_reason` VARCHAR(255), `platform_fee` DECIMAL(5,2) DEFAULT '0', `stripe_fee` DECIMAL(5,2) DEFAULT '0', `blockchain_fee` DECIMAL(5,2) DEFAULT '0', `net_amount` DECIMAL(15,2), `metadata` JSONB, `failure_reason` VARCHAR(255), `created_at` DATETIME NOT NULL, `updated_at` DATETIME NOT NULL);
Executing (default): INSERT INTO `donations` SELECT `id`, `user_id`, `project_id`, `amount`, `currency`, `exchange_rate`, `usd_amount`, `status`, `stripe_payment_id`, `stripe_payment_intent_id`, `blockchain_tx_hash`, `blockchain_confirmations`, `blockchain_status`, `tax_deductible`, `message`, `is_anonymous`, `completed_at`, `refunded_at`, `refund_reason`, `platform_fee`, `stripe_fee`, `blockchain_fee`, `net_amount`, `metadata`, `failure_reason`, `created_at`, `updated_at` FROM `donations_backup`;
Executing (default): DROP TABLE `donations_backup`;
Executing (default): PRAGMA TABLE_INFO(`donations`);
Executing (default): PRAGMA INDEX_LIST(`donations`)
Executing (default): PRAGMA INDEX_INFO(`sqlite_autoindex_donations_1`)
Executing (default): PRAGMA foreign_key_list(`donations`)
Executing (default): CREATE TABLE IF NOT EXISTS `donations_backup` (`id` UUID UNIQUE PRIMARY KEY, `user_id` UUID NOT NULL REFERENCES `users` (`id`), `project_id` UUID NOT NULL REFERENCES `projects` (`id`), `amount` DECIMAL(15,2) NOT NULL, `currency` TEXT NOT NULL DEFAULT 'nzd', `exchange_rate` DECIMAL(15,2), `usd_amount` DECIMAL(15,2), `status` TEXT NOT NULL DEFAULT 'pending', `stripe_payment_id` VARCHAR(255), `stripe_payment_intent_id` VARCHAR(255), `blockchain_tx_hash` VARCHAR(255), `blockchain_confirmations` INTEGER DEFAULT '0', `blockchain_status` VARCHAR(255), `tax_deductible` TINYINT(1) DEFAULT 1, `message` TEXT, `is_anonymous` TINYINT(1) DEFAULT 0, `completed_at` DATETIME, `refunded_at` DATETIME, `refund_reason` VARCHAR(255), `platform_fee` DECIMAL(5,2) DEFAULT '0', `stripe_fee` DECIMAL(5,2) DEFAULT '0', `blockchain_fee` DECIMAL(5,2) DEFAULT '0', `net_amount` DECIMAL(15,2), `metadata` JSONB, `failure_reason` VARCHAR(255), `created_at` DATETIME NOT NULL, `updated_at` DATETIME NOT NULL);
Executing (default): INSERT INTO `donations_backup` SELECT `id`, `user_id`, `project_id`, `amount`, `currency`, `exchange_rate`, `usd_amount`, `status`, `stripe_payment_id`, `stripe_payment_intent_id`, `blockchain_tx_hash`, `blockchain_confirmations`, `blockchain_status`, `tax_deductible`, `message`, `is_anonymous`, `completed_at`, `refunded_at`, `refund_reason`, `platform_fee`, `stripe_fee`, `blockchain_fee`, `net_amount`, `metadata`, `failure_reason`, `created_at`, `updated_at` FROM `donations`;
Executing (default): DROP TABLE `donations`;
Executing (default): CREATE TABLE IF NOT EXISTS `donations` (`id` UUID UNIQUE PRIMARY KEY, `user_id` UUID NOT NULL REFERENCES `users` (`id`), `project_id` UUID NOT NULL REFERENCES `projects` (`id`), `amount` DECIMAL(15,2) NOT NULL, `currency` TEXT NOT NULL DEFAULT 'nzd', `exchange_rate` DECIMAL(15,2), `usd_amount` DECIMAL(15,2), `status` TEXT NOT NULL DEFAULT 'pending', `stripe_payment_id` VARCHAR(255), `stripe_payment_intent_id` VARCHAR(255), `blockchain_tx_hash` VARCHAR(255), `blockchain_confirmations` INTEGER DEFAULT '0', `blockchain_status` VARCHAR(255), `tax_deductible` TINYINT(1) DEFAULT 1, `message` TEXT, `is_anonymous` TINYINT(1) DEFAULT 0, `completed_at` DATETIME, `refunded_at` DATETIME, `refund_reason` VARCHAR(255), `platform_fee` DECIMAL(5,2) DEFAULT '0', `stripe_fee` DECIMAL(5,2) DEFAULT '0', `blockchain_fee` DECIMAL(5,2) DEFAULT '0', `net_amount` DECIMAL(15,2), `metadata` JSONB, `failure_reason` VARCHAR(255), `created_at` DATETIME NOT NULL, `updated_at` DATETIME NOT NULL);
Executing (default): INSERT INTO `donations` SELECT `id`, `user_id`, `project_id`, `amount`, `currency`, `exchange_rate`, `usd_amount`, `status`, `stripe_payment_id`, `stripe_payment_intent_id`, `blockchain_tx_hash`, `blockchain_confirmations`, `blockchain_status`, `tax_deductible`, `message`, `is_anonymous`, `completed_at`, `refunded_at`, `refund_reason`, `platform_fee`, `stripe_fee`, `blockchain_fee`, `net_amount`, `metadata`, `failure_reason`, `created_at`, `updated_at` FROM `donations_backup`;
Executing (default): DROP TABLE `donations_backup`;
Executing (default): PRAGMA INDEX_LIST(`donations`)
Executing (default): PRAGMA INDEX_INFO(`sqlite_autoindex_donations_1`)
Executing (default): CREATE INDEX `donations_user_id` ON `donations` (`user_id`)
Executing (default): CREATE INDEX `donations_project_id` ON `donations` (`project_id`)
Executing (default): CREATE INDEX `donations_status` ON `donations` (`status`)
Executing (default): CREATE INDEX `donations_created_at` ON `donations` (`created_at`)
Executing (default): CREATE INDEX `donations_stripe_payment_id` ON `donations` (`stripe_payment_id`)
Executing (default): CREATE INDEX `donations_blockchain_tx_hash` ON `donations` (`blockchain_tx_hash`)
Executing (default): SELECT name FROM sqlite_master WHERE type='table' AND name='blockchain_transactions';
Executing (default): PRAGMA TABLE_INFO(`blockchain_transactions`);
Executing (default): PRAGMA foreign_key_list(`blockchain_transactions`)
Executing (default): PRAGMA INDEX_LIST(`blockchain_transactions`)
Executing (default): PRAGMA INDEX_INFO(`sqlite_autoindex_blockchain_transactions_1`)
Executing (default): PRAGMA INDEX_INFO(`sqlite_autoindex_blockchain_transactions_2`)
Executing (default): PRAGMA INDEX_INFO(`blockchain_transactions_tx_hash`)
Executing (default): PRAGMA INDEX_INFO(`blockchain_transactions_donation_id`)
Executing (default): PRAGMA INDEX_INFO(`blockchain_transactions_status`)
Executing (default): PRAGMA INDEX_INFO(`blockchain_transactions_type`)
Executing (default): PRAGMA INDEX_INFO(`blockchain_transactions_created_at`)
Executing (default): PRAGMA foreign_key_list(`blockchain_transactions`)
Executing (default): PRAGMA TABLE_INFO(`blockchain_transactions`);
Executing (default): PRAGMA INDEX_LIST(`blockchain_transactions`)
Executing (default): PRAGMA INDEX_INFO(`sqlite_autoindex_blockchain_transactions_1`)
Executing (default): PRAGMA INDEX_INFO(`sqlite_autoindex_blockchain_transactions_2`)
Executing (default): PRAGMA INDEX_INFO(`blockchain_transactions_tx_hash`)
Executing (default): PRAGMA INDEX_INFO(`blockchain_transactions_donation_id`)
Executing (default): PRAGMA INDEX_INFO(`blockchain_transactions_status`)
Executing (default): PRAGMA INDEX_INFO(`blockchain_transactions_type`)
Executing (default): PRAGMA INDEX_INFO(`blockchain_transactions_created_at`)
Executing (default): PRAGMA foreign_key_list(`blockchain_transactions`)
Executing (default): CREATE TABLE IF NOT EXISTS `blockchain_transactions_backup` (`id` UUID UNIQUE PRIMARY KEY, `tx_hash` VARCHAR(255) NOT NULL UNIQUE, `donation_id` UUID REFERENCES `donations` (`id`), `type` TEXT NOT NULL, `block_number` INTEGER, `from_address` VARCHAR(255) NOT NULL, `to_address` VARCHAR(255) NOT NULL, `value` VARCHAR(255) NOT NULL, `gas_limit` VARCHAR(255), `gas_used` VARCHAR(255), `gas_price` VARCHAR(255), `gas_fee` VARCHAR(255), `status` TEXT NOT NULL DEFAULT 'pending', `confirmations` INTEGER DEFAULT '0', `block_timestamp` DATETIME, `nonce` VARCHAR(255), `input` TEXT, `logs` JSONB, `error_message` VARCHAR(255), `metadata` JSONB, `confirmed_at` DATETIME, `retry_count` INTEGER DEFAULT '0', `last_retry_at` DATETIME, `created_at` DATETIME NOT NULL, `updated_at` DATETIME NOT NULL);
Executing (default): INSERT INTO `blockchain_transactions_backup` SELECT `id`, `tx_hash`, `donation_id`, `type`, `block_number`, `from_address`, `to_address`, `value`, `gas_limit`, `gas_used`, `gas_price`, `gas_fee`, `status`, `confirmations`, `block_timestamp`, `nonce`, `input`, `logs`, `error_message`, `metadata`, `confirmed_at`, `retry_count`, `last_retry_at`, `created_at`, `updated_at` FROM `blockchain_transactions`;
Executing (default): DROP TABLE `blockchain_transactions`;
Executing (default): CREATE TABLE IF NOT EXISTS `blockchain_transactions` (`id` UUID UNIQUE PRIMARY KEY, `tx_hash` VARCHAR(255) NOT NULL UNIQUE, `donation_id` UUID REFERENCES `donations` (`id`), `type` TEXT NOT NULL, `block_number` INTEGER, `from_address` VARCHAR(255) NOT NULL, `to_address` VARCHAR(255) NOT NULL, `value` VARCHAR(255) NOT NULL, `gas_limit` VARCHAR(255), `gas_used` VARCHAR(255), `gas_price` VARCHAR(255), `gas_fee` VARCHAR(255), `status` TEXT NOT NULL DEFAULT 'pending', `confirmations` INTEGER DEFAULT '0', `block_timestamp` DATETIME, `nonce` VARCHAR(255), `input` TEXT, `logs` JSONB, `error_message` VARCHAR(255), `metadata` JSONB, `confirmed_at` DATETIME, `retry_count` INTEGER DEFAULT '0', `last_retry_at` DATETIME, `created_at` DATETIME NOT NULL, `updated_at` DATETIME NOT NULL);
Executing (default): INSERT INTO `blockchain_transactions` SELECT `id`, `tx_hash`, `donation_id`, `type`, `block_number`, `from_address`, `to_address`, `value`, `gas_limit`, `gas_used`, `gas_price`, `gas_fee`, `status`, `confirmations`, `block_timestamp`, `nonce`, `input`, `logs`, `error_message`, `metadata`, `confirmed_at`, `retry_count`, `last_retry_at`, `created_at`, `updated_at` FROM `blockchain_transactions_backup`;
Executing (default): DROP TABLE `blockchain_transactions_backup`;
Executing (default): PRAGMA TABLE_INFO(`blockchain_transactions`);
Executing (default): PRAGMA INDEX_LIST(`blockchain_transactions`)
Executing (default): PRAGMA INDEX_INFO(`sqlite_autoindex_blockchain_transactions_1`)
Executing (default): PRAGMA INDEX_INFO(`sqlite_autoindex_blockchain_transactions_2`)
Executing (default): PRAGMA foreign_key_list(`blockchain_transactions`)
Executing (default): CREATE TABLE IF NOT EXISTS `blockchain_transactions_backup` (`id` UUID UNIQUE PRIMARY KEY, `tx_hash` VARCHAR(255) NOT NULL UNIQUE, `donation_id` UUID REFERENCES `donations` (`id`) ON DELETE SET NULL ON UPDATE CASCADE, `type` TEXT NOT NULL, `block_number` INTEGER, `from_address` VARCHAR(255) NOT NULL, `to_address` VARCHAR(255) NOT NULL, `value` VARCHAR(255) NOT NULL, `gas_limit` VARCHAR(255), `gas_used` VARCHAR(255), `gas_price` VARCHAR(255), `gas_fee` VARCHAR(255), `status` TEXT NOT NULL DEFAULT 'pending', `confirmations` INTEGER DEFAULT '0', `block_timestamp` DATETIME, `nonce` VARCHAR(255), `input` TEXT, `logs` JSONB, `error_message` VARCHAR(255), `metadata` JSONB, `confirmed_at` DATETIME, `retry_count` INTEGER DEFAULT '0', `last_retry_at` DATETIME, `created_at` DATETIME NOT NULL, `updated_at` DATETIME NOT NULL);
Executing (default): INSERT INTO `blockchain_transactions_backup` SELECT `id`, `tx_hash`, `donation_id`, `type`, `block_number`, `from_address`, `to_address`, `value`, `gas_limit`, `gas_used`, `gas_price`, `gas_fee`, `status`, `confirmations`, `block_timestamp`, `nonce`, `input`, `logs`, `error_message`, `metadata`, `confirmed_at`, `retry_count`, `last_retry_at`, `created_at`, `updated_at` FROM `blockchain_transactions`;
Executing (default): DROP TABLE `blockchain_transactions`;
Executing (default): CREATE TABLE IF NOT EXISTS `blockchain_transactions` (`id` UUID UNIQUE PRIMARY KEY, `tx_hash` VARCHAR(255) NOT NULL UNIQUE, `donation_id` UUID REFERENCES `donations` (`id`) ON DELETE SET NULL ON UPDATE CASCADE, `type` TEXT NOT NULL, `block_number` INTEGER, `from_address` VARCHAR(255) NOT NULL, `to_address` VARCHAR(255) NOT NULL, `value` VARCHAR(255) NOT NULL, `gas_limit` VARCHAR(255), `gas_used` VARCHAR(255), `gas_price` VARCHAR(255), `gas_fee` VARCHAR(255), `status` TEXT NOT NULL DEFAULT 'pending', `confirmations` INTEGER DEFAULT '0', `block_timestamp` DATETIME, `nonce` VARCHAR(255), `input` TEXT, `logs` JSONB, `error_message` VARCHAR(255), `metadata` JSONB, `confirmed_at` DATETIME, `retry_count` INTEGER DEFAULT '0', `last_retry_at` DATETIME, `created_at` DATETIME NOT NULL, `updated_at` DATETIME NOT NULL);
Executing (default): INSERT INTO `blockchain_transactions` SELECT `id`, `tx_hash`, `donation_id`, `type`, `block_number`, `from_address`, `to_address`, `value`, `gas_limit`, `gas_used`, `gas_price`, `gas_fee`, `status`, `confirmations`, `block_timestamp`, `nonce`, `input`, `logs`, `error_message`, `metadata`, `confirmed_at`, `retry_count`, `last_retry_at`, `created_at`, `updated_at` FROM `blockchain_transactions_backup`;
Executing (default): DROP TABLE `blockchain_transactions_backup`;
Executing (default): PRAGMA TABLE_INFO(`blockchain_transactions`);
Executing (default): PRAGMA INDEX_LIST(`blockchain_transactions`)
Executing (default): PRAGMA INDEX_INFO(`sqlite_autoindex_blockchain_transactions_1`)
Executing (default): PRAGMA INDEX_INFO(`sqlite_autoindex_blockchain_transactions_2`)
Executing (default): PRAGMA foreign_key_list(`blockchain_transactions`)
Executing (default): CREATE TABLE IF NOT EXISTS `blockchain_transactions_backup` (`id` UUID UNIQUE PRIMARY KEY, `tx_hash` VARCHAR(255) NOT NULL UNIQUE, `donation_id` UUID REFERENCES `donations` (`id`), `type` TEXT NOT NULL, `block_number` INTEGER, `from_address` VARCHAR(255) NOT NULL, `to_address` VARCHAR(255) NOT NULL, `value` VARCHAR(255) NOT NULL, `gas_limit` VARCHAR(255), `gas_used` VARCHAR(255), `gas_price` VARCHAR(255), `gas_fee` VARCHAR(255), `status` TEXT NOT NULL DEFAULT 'pending', `confirmations` INTEGER DEFAULT '0', `block_timestamp` DATETIME, `nonce` VARCHAR(255), `input` TEXT, `logs` JSONB, `error_message` VARCHAR(255), `metadata` JSONB, `confirmed_at` DATETIME, `retry_count` INTEGER DEFAULT '0', `last_retry_at` DATETIME, `created_at` DATETIME NOT NULL, `updated_at` DATETIME NOT NULL);
Executing (default): INSERT INTO `blockchain_transactions_backup` SELECT `id`, `tx_hash`, `donation_id`, `type`, `block_number`, `from_address`, `to_address`, `value`, `gas_limit`, `gas_used`, `gas_price`, `gas_fee`, `status`, `confirmations`, `block_timestamp`, `nonce`, `input`, `logs`, `error_message`, `metadata`, `confirmed_at`, `retry_count`, `last_retry_at`, `created_at`, `updated_at` FROM `blockchain_transactions`;
Executing (default): DROP TABLE `blockchain_transactions`;
Executing (default): CREATE TABLE IF NOT EXISTS `blockchain_transactions` (`id` UUID UNIQUE PRIMARY KEY, `tx_hash` VARCHAR(255) NOT NULL UNIQUE, `donation_id` UUID REFERENCES `donations` (`id`), `type` TEXT NOT NULL, `block_number` INTEGER, `from_address` VARCHAR(255) NOT NULL, `to_address` VARCHAR(255) NOT NULL, `value` VARCHAR(255) NOT NULL, `gas_limit` VARCHAR(255), `gas_used` VARCHAR(255), `gas_price` VARCHAR(255), `gas_fee` VARCHAR(255), `status` TEXT NOT NULL DEFAULT 'pending', `confirmations` INTEGER DEFAULT '0', `block_timestamp` DATETIME, `nonce` VARCHAR(255), `input` TEXT, `logs` JSONB, `error_message` VARCHAR(255), `metadata` JSONB, `confirmed_at` DATETIME, `retry_count` INTEGER DEFAULT '0', `last_retry_at` DATETIME, `created_at` DATETIME NOT NULL, `updated_at` DATETIME NOT NULL);
Executing (default): INSERT INTO `blockchain_transactions` SELECT `id`, `tx_hash`, `donation_id`, `type`, `block_number`, `from_address`, `to_address`, `value`, `gas_limit`, `gas_used`, `gas_price`, `gas_fee`, `status`, `confirmations`, `block_timestamp`, `nonce`, `input`, `logs`, `error_message`, `metadata`, `confirmed_at`, `retry_count`, `last_retry_at`, `created_at`, `updated_at` FROM `blockchain_transactions_backup`;
Executing (default): DROP TABLE `blockchain_transactions_backup`;
Executing (default): PRAGMA TABLE_INFO(`blockchain_transactions`);
Executing (default): PRAGMA INDEX_LIST(`blockchain_transactions`)
Executing (default): PRAGMA INDEX_INFO(`sqlite_autoindex_blockchain_transactions_1`)
Executing (default): PRAGMA INDEX_INFO(`sqlite_autoindex_blockchain_transactions_2`)
Executing (default): PRAGMA foreign_key_list(`blockchain_transactions`)
Executing (default): CREATE TABLE IF NOT EXISTS `blockchain_transactions_backup` (`id` UUID UNIQUE PRIMARY KEY, `tx_hash` VARCHAR(255) NOT NULL UNIQUE, `donation_id` UUID REFERENCES `donations` (`id`), `type` TEXT NOT NULL, `block_number` INTEGER, `from_address` VARCHAR(255) NOT NULL, `to_address` VARCHAR(255) NOT NULL, `value` VARCHAR(255) NOT NULL, `gas_limit` VARCHAR(255), `gas_used` VARCHAR(255), `gas_price` VARCHAR(255), `gas_fee` VARCHAR(255), `status` TEXT NOT NULL DEFAULT 'pending', `confirmations` INTEGER DEFAULT '0', `block_timestamp` DATETIME, `nonce` VARCHAR(255), `input` TEXT, `logs` JSONB, `error_message` VARCHAR(255), `metadata` JSONB, `confirmed_at` DATETIME, `retry_count` INTEGER DEFAULT '0', `last_retry_at` DATETIME, `created_at` DATETIME NOT NULL, `updated_at` DATETIME NOT NULL);
Executing (default): INSERT INTO `blockchain_transactions_backup` SELECT `id`, `tx_hash`, `donation_id`, `type`, `block_number`, `from_address`, `to_address`, `value`, `gas_limit`, `gas_used`, `gas_price`, `gas_fee`, `status`, `confirmations`, `block_timestamp`, `nonce`, `input`, `logs`, `error_message`, `metadata`, `confirmed_at`, `retry_count`, `last_retry_at`, `created_at`, `updated_at` FROM `blockchain_transactions`;
Executing (default): DROP TABLE `blockchain_transactions`;
Executing (default): CREATE TABLE IF NOT EXISTS `blockchain_transactions` (`id` UUID UNIQUE PRIMARY KEY, `tx_hash` VARCHAR(255) NOT NULL UNIQUE, `donation_id` UUID REFERENCES `donations` (`id`), `type` TEXT NOT NULL, `block_number` INTEGER, `from_address` VARCHAR(255) NOT NULL, `to_address` VARCHAR(255) NOT NULL, `value` VARCHAR(255) NOT NULL, `gas_limit` VARCHAR(255), `gas_used` VARCHAR(255), `gas_price` VARCHAR(255), `gas_fee` VARCHAR(255), `status` TEXT NOT NULL DEFAULT 'pending', `confirmations` INTEGER DEFAULT '0', `block_timestamp` DATETIME, `nonce` VARCHAR(255), `input` TEXT, `logs` JSONB, `error_message` VARCHAR(255), `metadata` JSONB, `confirmed_at` DATETIME, `retry_count` INTEGER DEFAULT '0', `last_retry_at` DATETIME, `created_at` DATETIME NOT NULL, `updated_at` DATETIME NOT NULL);
Executing (default): INSERT INTO `blockchain_transactions` SELECT `id`, `tx_hash`, `donation_id`, `type`, `block_number`, `from_address`, `to_address`, `value`, `gas_limit`, `gas_used`, `gas_price`, `gas_fee`, `status`, `confirmations`, `block_timestamp`, `nonce`, `input`, `logs`, `error_message`, `metadata`, `confirmed_at`, `retry_count`, `last_retry_at`, `created_at`, `updated_at` FROM `blockchain_transactions_backup`;
Executing (default): DROP TABLE `blockchain_transactions_backup`;
Executing (default): PRAGMA TABLE_INFO(`blockchain_transactions`);
Executing (default): PRAGMA INDEX_LIST(`blockchain_transactions`)
Executing (default): PRAGMA INDEX_INFO(`sqlite_autoindex_blockchain_transactions_1`)
Executing (default): PRAGMA INDEX_INFO(`sqlite_autoindex_blockchain_transactions_2`)
Executing (default): PRAGMA foreign_key_list(`blockchain_transactions`)
Executing (default): CREATE TABLE IF NOT EXISTS `blockchain_transactions_backup` (`id` UUID UNIQUE PRIMARY KEY, `tx_hash` VARCHAR(255) NOT NULL UNIQUE, `donation_id` UUID REFERENCES `donations` (`id`), `type` TEXT NOT NULL, `block_number` INTEGER, `from_address` VARCHAR(255) NOT NULL, `to_address` VARCHAR(255) NOT NULL, `value` VARCHAR(255) NOT NULL, `gas_limit` VARCHAR(255), `gas_used` VARCHAR(255), `gas_price` VARCHAR(255), `gas_fee` VARCHAR(255), `status` TEXT NOT NULL DEFAULT 'pending', `confirmations` INTEGER DEFAULT '0', `block_timestamp` DATETIME, `nonce` VARCHAR(255), `input` TEXT, `logs` JSONB, `error_message` VARCHAR(255), `metadata` JSONB, `confirmed_at` DATETIME, `retry_count` INTEGER DEFAULT '0', `last_retry_at` DATETIME, `created_at` DATETIME NOT NULL, `updated_at` DATETIME NOT NULL);
Executing (default): INSERT INTO `blockchain_transactions_backup` SELECT `id`, `tx_hash`, `donation_id`, `type`, `block_number`, `from_address`, `to_address`, `value`, `gas_limit`, `gas_used`, `gas_price`, `gas_fee`, `status`, `confirmations`, `block_timestamp`, `nonce`, `input`, `logs`, `error_message`, `metadata`, `confirmed_at`, `retry_count`, `last_retry_at`, `created_at`, `updated_at` FROM `blockchain_transactions`;
Executing (default): DROP TABLE `blockchain_transactions`;
Executing (default): CREATE TABLE IF NOT EXISTS `blockchain_transactions` (`id` UUID UNIQUE PRIMARY KEY, `tx_hash` VARCHAR(255) NOT NULL UNIQUE, `donation_id` UUID REFERENCES `donations` (`id`), `type` TEXT NOT NULL, `block_number` INTEGER, `from_address` VARCHAR(255) NOT NULL, `to_address` VARCHAR(255) NOT NULL, `value` VARCHAR(255) NOT NULL, `gas_limit` VARCHAR(255), `gas_used` VARCHAR(255), `gas_price` VARCHAR(255), `gas_fee` VARCHAR(255), `status` TEXT NOT NULL DEFAULT 'pending', `confirmations` INTEGER DEFAULT '0', `block_timestamp` DATETIME, `nonce` VARCHAR(255), `input` TEXT, `logs` JSONB, `error_message` VARCHAR(255), `metadata` JSONB, `confirmed_at` DATETIME, `retry_count` INTEGER DEFAULT '0', `last_retry_at` DATETIME, `created_at` DATETIME NOT NULL, `updated_at` DATETIME NOT NULL);
Executing (default): INSERT INTO `blockchain_transactions` SELECT `id`, `tx_hash`, `donation_id`, `type`, `block_number`, `from_address`, `to_address`, `value`, `gas_limit`, `gas_used`, `gas_price`, `gas_fee`, `status`, `confirmations`, `block_timestamp`, `nonce`, `input`, `logs`, `error_message`, `metadata`, `confirmed_at`, `retry_count`, `last_retry_at`, `created_at`, `updated_at` FROM `blockchain_transactions_backup`;
Executing (default): DROP TABLE `blockchain_transactions_backup`;
Executing (default): PRAGMA TABLE_INFO(`blockchain_transactions`);
Executing (default): PRAGMA INDEX_LIST(`blockchain_transactions`)
Executing (default): PRAGMA INDEX_INFO(`sqlite_autoindex_blockchain_transactions_1`)
Executing (default): PRAGMA INDEX_INFO(`sqlite_autoindex_blockchain_transactions_2`)
Executing (default): PRAGMA foreign_key_list(`blockchain_transactions`)
Executing (default): CREATE TABLE IF NOT EXISTS `blockchain_transactions_backup` (`id` UUID UNIQUE PRIMARY KEY, `tx_hash` VARCHAR(255) NOT NULL UNIQUE, `donation_id` UUID REFERENCES `donations` (`id`), `type` TEXT NOT NULL, `block_number` INTEGER, `from_address` VARCHAR(255) NOT NULL, `to_address` VARCHAR(255) NOT NULL, `value` VARCHAR(255) NOT NULL, `gas_limit` VARCHAR(255), `gas_used` VARCHAR(255), `gas_price` VARCHAR(255), `gas_fee` VARCHAR(255), `status` TEXT NOT NULL DEFAULT 'pending', `confirmations` INTEGER DEFAULT '0', `block_timestamp` DATETIME, `nonce` VARCHAR(255), `input` TEXT, `logs` JSONB, `error_message` VARCHAR(255), `metadata` JSONB, `confirmed_at` DATETIME, `retry_count` INTEGER DEFAULT '0', `last_retry_at` DATETIME, `created_at` DATETIME NOT NULL, `updated_at` DATETIME NOT NULL);
Executing (default): INSERT INTO `blockchain_transactions_backup` SELECT `id`, `tx_hash`, `donation_id`, `type`, `block_number`, `from_address`, `to_address`, `value`, `gas_limit`, `gas_used`, `gas_price`, `gas_fee`, `status`, `confirmations`, `block_timestamp`, `nonce`, `input`, `logs`, `error_message`, `metadata`, `confirmed_at`, `retry_count`, `last_retry_at`, `created_at`, `updated_at` FROM `blockchain_transactions`;
Executing (default): DROP TABLE `blockchain_transactions`;
Executing (default): CREATE TABLE IF NOT EXISTS `blockchain_transactions` (`id` UUID UNIQUE PRIMARY KEY, `tx_hash` VARCHAR(255) NOT NULL UNIQUE, `donation_id` UUID REFERENCES `donations` (`id`), `type` TEXT NOT NULL, `block_number` INTEGER, `from_address` VARCHAR(255) NOT NULL, `to_address` VARCHAR(255) NOT NULL, `value` VARCHAR(255) NOT NULL, `gas_limit` VARCHAR(255), `gas_used` VARCHAR(255), `gas_price` VARCHAR(255), `gas_fee` VARCHAR(255), `status` TEXT NOT NULL DEFAULT 'pending', `confirmations` INTEGER DEFAULT '0', `block_timestamp` DATETIME, `nonce` VARCHAR(255), `input` TEXT, `logs` JSONB, `error_message` VARCHAR(255), `metadata` JSONB, `confirmed_at` DATETIME, `retry_count` INTEGER DEFAULT '0', `last_retry_at` DATETIME, `created_at` DATETIME NOT NULL, `updated_at` DATETIME NOT NULL);
Executing (default): INSERT INTO `blockchain_transactions` SELECT `id`, `tx_hash`, `donation_id`, `type`, `block_number`, `from_address`, `to_address`, `value`, `gas_limit`, `gas_used`, `gas_price`, `gas_fee`, `status`, `confirmations`, `block_timestamp`, `nonce`, `input`, `logs`, `error_message`, `metadata`, `confirmed_at`, `retry_count`, `last_retry_at`, `created_at`, `updated_at` FROM `blockchain_transactions_backup`;
Executing (default): DROP TABLE `blockchain_transactions_backup`;
Executing (default): PRAGMA TABLE_INFO(`blockchain_transactions`);
Executing (default): PRAGMA INDEX_LIST(`blockchain_transactions`)
Executing (default): PRAGMA INDEX_INFO(`sqlite_autoindex_blockchain_transactions_1`)
Executing (default): PRAGMA INDEX_INFO(`sqlite_autoindex_blockchain_transactions_2`)
Executing (default): PRAGMA foreign_key_list(`blockchain_transactions`)
Executing (default): CREATE TABLE IF NOT EXISTS `blockchain_transactions_backup` (`id` UUID UNIQUE PRIMARY KEY, `tx_hash` VARCHAR(255) NOT NULL UNIQUE, `donation_id` UUID REFERENCES `donations` (`id`), `type` TEXT NOT NULL, `block_number` INTEGER, `from_address` VARCHAR(255) NOT NULL, `to_address` VARCHAR(255) NOT NULL, `value` VARCHAR(255) NOT NULL, `gas_limit` VARCHAR(255), `gas_used` VARCHAR(255), `gas_price` VARCHAR(255), `gas_fee` VARCHAR(255), `status` TEXT NOT NULL DEFAULT 'pending', `confirmations` INTEGER DEFAULT '0', `block_timestamp` DATETIME, `nonce` VARCHAR(255), `input` TEXT, `logs` JSONB, `error_message` VARCHAR(255), `metadata` JSONB, `confirmed_at` DATETIME, `retry_count` INTEGER DEFAULT '0', `last_retry_at` DATETIME, `created_at` DATETIME NOT NULL, `updated_at` DATETIME NOT NULL);
Executing (default): INSERT INTO `blockchain_transactions_backup` SELECT `id`, `tx_hash`, `donation_id`, `type`, `block_number`, `from_address`, `to_address`, `value`, `gas_limit`, `gas_used`, `gas_price`, `gas_fee`, `status`, `confirmations`, `block_timestamp`, `nonce`, `input`, `logs`, `error_message`, `metadata`, `confirmed_at`, `retry_count`, `last_retry_at`, `created_at`, `updated_at` FROM `blockchain_transactions`;
Executing (default): DROP TABLE `blockchain_transactions`;
Executing (default): CREATE TABLE IF NOT EXISTS `blockchain_transactions` (`id` UUID UNIQUE PRIMARY KEY, `tx_hash` VARCHAR(255) NOT NULL UNIQUE, `donation_id` UUID REFERENCES `donations` (`id`), `type` TEXT NOT NULL, `block_number` INTEGER, `from_address` VARCHAR(255) NOT NULL, `to_address` VARCHAR(255) NOT NULL, `value` VARCHAR(255) NOT NULL, `gas_limit` VARCHAR(255), `gas_used` VARCHAR(255), `gas_price` VARCHAR(255), `gas_fee` VARCHAR(255), `status` TEXT NOT NULL DEFAULT 'pending', `confirmations` INTEGER DEFAULT '0', `block_timestamp` DATETIME, `nonce` VARCHAR(255), `input` TEXT, `logs` JSONB, `error_message` VARCHAR(255), `metadata` JSONB, `confirmed_at` DATETIME, `retry_count` INTEGER DEFAULT '0', `last_retry_at` DATETIME, `created_at` DATETIME NOT NULL, `updated_at` DATETIME NOT NULL);
Executing (default): INSERT INTO `blockchain_transactions` SELECT `id`, `tx_hash`, `donation_id`, `type`, `block_number`, `from_address`, `to_address`, `value`, `gas_limit`, `gas_used`, `gas_price`, `gas_fee`, `status`, `confirmations`, `block_timestamp`, `nonce`, `input`, `logs`, `error_message`, `metadata`, `confirmed_at`, `retry_count`, `last_retry_at`, `created_at`, `updated_at` FROM `blockchain_transactions_backup`;
Executing (default): DROP TABLE `blockchain_transactions_backup`;
Executing (default): PRAGMA TABLE_INFO(`blockchain_transactions`);
Executing (default): PRAGMA INDEX_LIST(`blockchain_transactions`)
Executing (default): PRAGMA INDEX_INFO(`sqlite_autoindex_blockchain_transactions_1`)
Executing (default): PRAGMA INDEX_INFO(`sqlite_autoindex_blockchain_transactions_2`)
Executing (default): PRAGMA foreign_key_list(`blockchain_transactions`)
Executing (default): CREATE TABLE IF NOT EXISTS `blockchain_transactions_backup` (`id` UUID UNIQUE PRIMARY KEY, `tx_hash` VARCHAR(255) NOT NULL UNIQUE, `donation_id` UUID REFERENCES `donations` (`id`), `type` TEXT NOT NULL, `block_number` INTEGER, `from_address` VARCHAR(255) NOT NULL, `to_address` VARCHAR(255) NOT NULL, `value` VARCHAR(255) NOT NULL, `gas_limit` VARCHAR(255), `gas_used` VARCHAR(255), `gas_price` VARCHAR(255), `gas_fee` VARCHAR(255), `status` TEXT NOT NULL DEFAULT 'pending', `confirmations` INTEGER DEFAULT '0', `block_timestamp` DATETIME, `nonce` VARCHAR(255), `input` TEXT, `logs` JSONB, `error_message` VARCHAR(255), `metadata` JSONB, `confirmed_at` DATETIME, `retry_count` INTEGER DEFAULT '0', `last_retry_at` DATETIME, `created_at` DATETIME NOT NULL, `updated_at` DATETIME NOT NULL);
Executing (default): INSERT INTO `blockchain_transactions_backup` SELECT `id`, `tx_hash`, `donation_id`, `type`, `block_number`, `from_address`, `to_address`, `value`, `gas_limit`, `gas_used`, `gas_price`, `gas_fee`, `status`, `confirmations`, `block_timestamp`, `nonce`, `input`, `logs`, `error_message`, `metadata`, `confirmed_at`, `retry_count`, `last_retry_at`, `created_at`, `updated_at` FROM `blockchain_transactions`;
Executing (default): DROP TABLE `blockchain_transactions`;
Executing (default): CREATE TABLE IF NOT EXISTS `blockchain_transactions` (`id` UUID UNIQUE PRIMARY KEY, `tx_hash` VARCHAR(255) NOT NULL UNIQUE, `donation_id` UUID REFERENCES `donations` (`id`), `type` TEXT NOT NULL, `block_number` INTEGER, `from_address` VARCHAR(255) NOT NULL, `to_address` VARCHAR(255) NOT NULL, `value` VARCHAR(255) NOT NULL, `gas_limit` VARCHAR(255), `gas_used` VARCHAR(255), `gas_price` VARCHAR(255), `gas_fee` VARCHAR(255), `status` TEXT NOT NULL DEFAULT 'pending', `confirmations` INTEGER DEFAULT '0', `block_timestamp` DATETIME, `nonce` VARCHAR(255), `input` TEXT, `logs` JSONB, `error_message` VARCHAR(255), `metadata` JSONB, `confirmed_at` DATETIME, `retry_count` INTEGER DEFAULT '0', `last_retry_at` DATETIME, `created_at` DATETIME NOT NULL, `updated_at` DATETIME NOT NULL);
Executing (default): INSERT INTO `blockchain_transactions` SELECT `id`, `tx_hash`, `donation_id`, `type`, `block_number`, `from_address`, `to_address`, `value`, `gas_limit`, `gas_used`, `gas_price`, `gas_fee`, `status`, `confirmations`, `block_timestamp`, `nonce`, `input`, `logs`, `error_message`, `metadata`, `confirmed_at`, `retry_count`, `last_retry_at`, `created_at`, `updated_at` FROM `blockchain_transactions_backup`;
Executing (default): DROP TABLE `blockchain_transactions_backup`;
Executing (default): PRAGMA TABLE_INFO(`blockchain_transactions`);
Executing (default): PRAGMA INDEX_LIST(`blockchain_transactions`)
Executing (default): PRAGMA INDEX_INFO(`sqlite_autoindex_blockchain_transactions_1`)
Executing (default): PRAGMA INDEX_INFO(`sqlite_autoindex_blockchain_transactions_2`)
Executing (default): PRAGMA foreign_key_list(`blockchain_transactions`)
Executing (default): CREATE TABLE IF NOT EXISTS `blockchain_transactions_backup` (`id` UUID UNIQUE PRIMARY KEY, `tx_hash` VARCHAR(255) NOT NULL UNIQUE, `donation_id` UUID REFERENCES `donations` (`id`), `type` TEXT NOT NULL, `block_number` INTEGER, `from_address` VARCHAR(255) NOT NULL, `to_address` VARCHAR(255) NOT NULL, `value` VARCHAR(255) NOT NULL, `gas_limit` VARCHAR(255), `gas_used` VARCHAR(255), `gas_price` VARCHAR(255), `gas_fee` VARCHAR(255), `status` TEXT NOT NULL DEFAULT 'pending', `confirmations` INTEGER DEFAULT '0', `block_timestamp` DATETIME, `nonce` VARCHAR(255), `input` TEXT, `logs` JSONB, `error_message` VARCHAR(255), `metadata` JSONB, `confirmed_at` DATETIME, `retry_count` INTEGER DEFAULT '0', `last_retry_at` DATETIME, `created_at` DATETIME NOT NULL, `updated_at` DATETIME NOT NULL);
Executing (default): INSERT INTO `blockchain_transactions_backup` SELECT `id`, `tx_hash`, `donation_id`, `type`, `block_number`, `from_address`, `to_address`, `value`, `gas_limit`, `gas_used`, `gas_price`, `gas_fee`, `status`, `confirmations`, `block_timestamp`, `nonce`, `input`, `logs`, `error_message`, `metadata`, `confirmed_at`, `retry_count`, `last_retry_at`, `created_at`, `updated_at` FROM `blockchain_transactions`;
Executing (default): DROP TABLE `blockchain_transactions`;
Executing (default): CREATE TABLE IF NOT EXISTS `blockchain_transactions` (`id` UUID UNIQUE PRIMARY KEY, `tx_hash` VARCHAR(255) NOT NULL UNIQUE, `donation_id` UUID REFERENCES `donations` (`id`), `type` TEXT NOT NULL, `block_number` INTEGER, `from_address` VARCHAR(255) NOT NULL, `to_address` VARCHAR(255) NOT NULL, `value` VARCHAR(255) NOT NULL, `gas_limit` VARCHAR(255), `gas_used` VARCHAR(255), `gas_price` VARCHAR(255), `gas_fee` VARCHAR(255), `status` TEXT NOT NULL DEFAULT 'pending', `confirmations` INTEGER DEFAULT '0', `block_timestamp` DATETIME, `nonce` VARCHAR(255), `input` TEXT, `logs` JSONB, `error_message` VARCHAR(255), `metadata` JSONB, `confirmed_at` DATETIME, `retry_count` INTEGER DEFAULT '0', `last_retry_at` DATETIME, `created_at` DATETIME NOT NULL, `updated_at` DATETIME NOT NULL);
Executing (default): INSERT INTO `blockchain_transactions` SELECT `id`, `tx_hash`, `donation_id`, `type`, `block_number`, `from_address`, `to_address`, `value`, `gas_limit`, `gas_used`, `gas_price`, `gas_fee`, `status`, `confirmations`, `block_timestamp`, `nonce`, `input`, `logs`, `error_message`, `metadata`, `confirmed_at`, `retry_count`, `last_retry_at`, `created_at`, `updated_at` FROM `blockchain_transactions_backup`;
Executing (default): DROP TABLE `blockchain_transactions_backup`;
Executing (default): PRAGMA TABLE_INFO(`blockchain_transactions`);
Executing (default): PRAGMA INDEX_LIST(`blockchain_transactions`)
Executing (default): PRAGMA INDEX_INFO(`sqlite_autoindex_blockchain_transactions_1`)
Executing (default): PRAGMA INDEX_INFO(`sqlite_autoindex_blockchain_transactions_2`)
Executing (default): PRAGMA foreign_key_list(`blockchain_transactions`)
Executing (default): CREATE TABLE IF NOT EXISTS `blockchain_transactions_backup` (`id` UUID UNIQUE PRIMARY KEY, `tx_hash` VARCHAR(255) NOT NULL UNIQUE, `donation_id` UUID REFERENCES `donations` (`id`), `type` TEXT NOT NULL, `block_number` INTEGER, `from_address` VARCHAR(255) NOT NULL, `to_address` VARCHAR(255) NOT NULL, `value` VARCHAR(255) NOT NULL, `gas_limit` VARCHAR(255), `gas_used` VARCHAR(255), `gas_price` VARCHAR(255), `gas_fee` VARCHAR(255), `status` TEXT NOT NULL DEFAULT 'pending', `confirmations` INTEGER DEFAULT '0', `block_timestamp` DATETIME, `nonce` VARCHAR(255), `input` TEXT, `logs` JSONB, `error_message` VARCHAR(255), `metadata` JSONB, `confirmed_at` DATETIME, `retry_count` INTEGER DEFAULT '0', `last_retry_at` DATETIME, `created_at` DATETIME NOT NULL, `updated_at` DATETIME NOT NULL);
Executing (default): INSERT INTO `blockchain_transactions_backup` SELECT `id`, `tx_hash`, `donation_id`, `type`, `block_number`, `from_address`, `to_address`, `value`, `gas_limit`, `gas_used`, `gas_price`, `gas_fee`, `status`, `confirmations`, `block_timestamp`, `nonce`, `input`, `logs`, `error_message`, `metadata`, `confirmed_at`, `retry_count`, `last_retry_at`, `created_at`, `updated_at` FROM `blockchain_transactions`;
Executing (default): DROP TABLE `blockchain_transactions`;
Executing (default): CREATE TABLE IF NOT EXISTS `blockchain_transactions` (`id` UUID UNIQUE PRIMARY KEY, `tx_hash` VARCHAR(255) NOT NULL UNIQUE, `donation_id` UUID REFERENCES `donations` (`id`), `type` TEXT NOT NULL, `block_number` INTEGER, `from_address` VARCHAR(255) NOT NULL, `to_address` VARCHAR(255) NOT NULL, `value` VARCHAR(255) NOT NULL, `gas_limit` VARCHAR(255), `gas_used` VARCHAR(255), `gas_price` VARCHAR(255), `gas_fee` VARCHAR(255), `status` TEXT NOT NULL DEFAULT 'pending', `confirmations` INTEGER DEFAULT '0', `block_timestamp` DATETIME, `nonce` VARCHAR(255), `input` TEXT, `logs` JSONB, `error_message` VARCHAR(255), `metadata` JSONB, `confirmed_at` DATETIME, `retry_count` INTEGER DEFAULT '0', `last_retry_at` DATETIME, `created_at` DATETIME NOT NULL, `updated_at` DATETIME NOT NULL);
Executing (default): INSERT INTO `blockchain_transactions` SELECT `id`, `tx_hash`, `donation_id`, `type`, `block_number`, `from_address`, `to_address`, `value`, `gas_limit`, `gas_used`, `gas_price`, `gas_fee`, `status`, `confirmations`, `block_timestamp`, `nonce`, `input`, `logs`, `error_message`, `metadata`, `confirmed_at`, `retry_count`, `last_retry_at`, `created_at`, `updated_at` FROM `blockchain_transactions_backup`;
Executing (default): DROP TABLE `blockchain_transactions_backup`;
Executing (default): PRAGMA TABLE_INFO(`blockchain_transactions`);
Executing (default): PRAGMA INDEX_LIST(`blockchain_transactions`)
Executing (default): PRAGMA INDEX_INFO(`sqlite_autoindex_blockchain_transactions_1`)
Executing (default): PRAGMA INDEX_INFO(`sqlite_autoindex_blockchain_transactions_2`)
Executing (default): PRAGMA foreign_key_list(`blockchain_transactions`)
Executing (default): CREATE TABLE IF NOT EXISTS `blockchain_transactions_backup` (`id` UUID UNIQUE PRIMARY KEY, `tx_hash` VARCHAR(255) NOT NULL UNIQUE, `donation_id` UUID REFERENCES `donations` (`id`), `type` TEXT NOT NULL, `block_number` INTEGER, `from_address` VARCHAR(255) NOT NULL, `to_address` VARCHAR(255) NOT NULL, `value` VARCHAR(255) NOT NULL, `gas_limit` VARCHAR(255), `gas_used` VARCHAR(255), `gas_price` VARCHAR(255), `gas_fee` VARCHAR(255), `status` TEXT NOT NULL DEFAULT 'pending', `confirmations` INTEGER DEFAULT '0', `block_timestamp` DATETIME, `nonce` VARCHAR(255), `input` TEXT, `logs` JSONB, `error_message` VARCHAR(255), `metadata` JSONB, `confirmed_at` DATETIME, `retry_count` INTEGER DEFAULT '0', `last_retry_at` DATETIME, `created_at` DATETIME NOT NULL, `updated_at` DATETIME NOT NULL);
Executing (default): INSERT INTO `blockchain_transactions_backup` SELECT `id`, `tx_hash`, `donation_id`, `type`, `block_number`, `from_address`, `to_address`, `value`, `gas_limit`, `gas_used`, `gas_price`, `gas_fee`, `status`, `confirmations`, `block_timestamp`, `nonce`, `input`, `logs`, `error_message`, `metadata`, `confirmed_at`, `retry_count`, `last_retry_at`, `created_at`, `updated_at` FROM `blockchain_transactions`;
Executing (default): DROP TABLE `blockchain_transactions`;
Executing (default): CREATE TABLE IF NOT EXISTS `blockchain_transactions` (`id` UUID UNIQUE PRIMARY KEY, `tx_hash` VARCHAR(255) NOT NULL UNIQUE, `donation_id` UUID REFERENCES `donations` (`id`), `type` TEXT NOT NULL, `block_number` INTEGER, `from_address` VARCHAR(255) NOT NULL, `to_address` VARCHAR(255) NOT NULL, `value` VARCHAR(255) NOT NULL, `gas_limit` VARCHAR(255), `gas_used` VARCHAR(255), `gas_price` VARCHAR(255), `gas_fee` VARCHAR(255), `status` TEXT NOT NULL DEFAULT 'pending', `confirmations` INTEGER DEFAULT '0', `block_timestamp` DATETIME, `nonce` VARCHAR(255), `input` TEXT, `logs` JSONB, `error_message` VARCHAR(255), `metadata` JSONB, `confirmed_at` DATETIME, `retry_count` INTEGER DEFAULT '0', `last_retry_at` DATETIME, `created_at` DATETIME NOT NULL, `updated_at` DATETIME NOT NULL);
Executing (default): INSERT INTO `blockchain_transactions` SELECT `id`, `tx_hash`, `donation_id`, `type`, `block_number`, `from_address`, `to_address`, `value`, `gas_limit`, `gas_used`, `gas_price`, `gas_fee`, `status`, `confirmations`, `block_timestamp`, `nonce`, `input`, `logs`, `error_message`, `metadata`, `confirmed_at`, `retry_count`, `last_retry_at`, `created_at`, `updated_at` FROM `blockchain_transactions_backup`;
Executing (default): DROP TABLE `blockchain_transactions_backup`;
Executing (default): PRAGMA TABLE_INFO(`blockchain_transactions`);
Executing (default): PRAGMA INDEX_LIST(`blockchain_transactions`)
Executing (default): PRAGMA INDEX_INFO(`sqlite_autoindex_blockchain_transactions_1`)
Executing (default): PRAGMA INDEX_INFO(`sqlite_autoindex_blockchain_transactions_2`)
Executing (default): PRAGMA foreign_key_list(`blockchain_transactions`)
Executing (default): CREATE TABLE IF NOT EXISTS `blockchain_transactions_backup` (`id` UUID UNIQUE PRIMARY KEY, `tx_hash` VARCHAR(255) NOT NULL UNIQUE, `donation_id` UUID REFERENCES `donations` (`id`), `type` TEXT NOT NULL, `block_number` INTEGER, `from_address` VARCHAR(255) NOT NULL, `to_address` VARCHAR(255) NOT NULL, `value` VARCHAR(255) NOT NULL, `gas_limit` VARCHAR(255), `gas_used` VARCHAR(255), `gas_price` VARCHAR(255), `gas_fee` VARCHAR(255), `status` TEXT NOT NULL DEFAULT 'pending', `confirmations` INTEGER DEFAULT '0', `block_timestamp` DATETIME, `nonce` VARCHAR(255), `input` TEXT, `logs` JSONB, `error_message` VARCHAR(255), `metadata` JSONB, `confirmed_at` DATETIME, `retry_count` INTEGER DEFAULT '0', `last_retry_at` DATETIME, `created_at` DATETIME NOT NULL, `updated_at` DATETIME NOT NULL);
Executing (default): INSERT INTO `blockchain_transactions_backup` SELECT `id`, `tx_hash`, `donation_id`, `type`, `block_number`, `from_address`, `to_address`, `value`, `gas_limit`, `gas_used`, `gas_price`, `gas_fee`, `status`, `confirmations`, `block_timestamp`, `nonce`, `input`, `logs`, `error_message`, `metadata`, `confirmed_at`, `retry_count`, `last_retry_at`, `created_at`, `updated_at` FROM `blockchain_transactions`;
Executing (default): DROP TABLE `blockchain_transactions`;
Executing (default): CREATE TABLE IF NOT EXISTS `blockchain_transactions` (`id` UUID UNIQUE PRIMARY KEY, `tx_hash` VARCHAR(255) NOT NULL UNIQUE, `donation_id` UUID REFERENCES `donations` (`id`), `type` TEXT NOT NULL, `block_number` INTEGER, `from_address` VARCHAR(255) NOT NULL, `to_address` VARCHAR(255) NOT NULL, `value` VARCHAR(255) NOT NULL, `gas_limit` VARCHAR(255), `gas_used` VARCHAR(255), `gas_price` VARCHAR(255), `gas_fee` VARCHAR(255), `status` TEXT NOT NULL DEFAULT 'pending', `confirmations` INTEGER DEFAULT '0', `block_timestamp` DATETIME, `nonce` VARCHAR(255), `input` TEXT, `logs` JSONB, `error_message` VARCHAR(255), `metadata` JSONB, `confirmed_at` DATETIME, `retry_count` INTEGER DEFAULT '0', `last_retry_at` DATETIME, `created_at` DATETIME NOT NULL, `updated_at` DATETIME NOT NULL);
Executing (default): INSERT INTO `blockchain_transactions` SELECT `id`, `tx_hash`, `donation_id`, `type`, `block_number`, `from_address`, `to_address`, `value`, `gas_limit`, `gas_used`, `gas_price`, `gas_fee`, `status`, `confirmations`, `block_timestamp`, `nonce`, `input`, `logs`, `error_message`, `metadata`, `confirmed_at`, `retry_count`, `last_retry_at`, `created_at`, `updated_at` FROM `blockchain_transactions_backup`;
Executing (default): DROP TABLE `blockchain_transactions_backup`;
Executing (default): PRAGMA TABLE_INFO(`blockchain_transactions`);
Executing (default): PRAGMA INDEX_LIST(`blockchain_transactions`)
Executing (default): PRAGMA INDEX_INFO(`sqlite_autoindex_blockchain_transactions_1`)
Executing (default): PRAGMA INDEX_INFO(`sqlite_autoindex_blockchain_transactions_2`)
Executing (default): PRAGMA foreign_key_list(`blockchain_transactions`)
Executing (default): CREATE TABLE IF NOT EXISTS `blockchain_transactions_backup` (`id` UUID UNIQUE PRIMARY KEY, `tx_hash` VARCHAR(255) NOT NULL UNIQUE, `donation_id` UUID REFERENCES `donations` (`id`), `type` TEXT NOT NULL, `block_number` INTEGER, `from_address` VARCHAR(255) NOT NULL, `to_address` VARCHAR(255) NOT NULL, `value` VARCHAR(255) NOT NULL, `gas_limit` VARCHAR(255), `gas_used` VARCHAR(255), `gas_price` VARCHAR(255), `gas_fee` VARCHAR(255), `status` TEXT NOT NULL DEFAULT 'pending', `confirmations` INTEGER DEFAULT 0, `block_timestamp` DATETIME, `nonce` VARCHAR(255), `input` TEXT, `logs` JSONB, `error_message` VARCHAR(255), `metadata` JSONB, `confirmed_at` DATETIME, `retry_count` INTEGER DEFAULT '0', `last_retry_at` DATETIME, `created_at` DATETIME NOT NULL, `updated_at` DATETIME NOT NULL);
Executing (default): INSERT INTO `blockchain_transactions_backup` SELECT `id`, `tx_hash`, `donation_id`, `type`, `block_number`, `from_address`, `to_address`, `value`, `gas_limit`, `gas_used`, `gas_price`, `gas_fee`, `status`, `confirmations`, `block_timestamp`, `nonce`, `input`, `logs`, `error_message`, `metadata`, `confirmed_at`, `retry_count`, `last_retry_at`, `created_at`, `updated_at` FROM `blockchain_transactions`;
Executing (default): DROP TABLE `blockchain_transactions`;
Executing (default): CREATE TABLE IF NOT EXISTS `blockchain_transactions` (`id` UUID UNIQUE PRIMARY KEY, `tx_hash` VARCHAR(255) NOT NULL UNIQUE, `donation_id` UUID REFERENCES `donations` (`id`), `type` TEXT NOT NULL, `block_number` INTEGER, `from_address` VARCHAR(255) NOT NULL, `to_address` VARCHAR(255) NOT NULL, `value` VARCHAR(255) NOT NULL, `gas_limit` VARCHAR(255), `gas_used` VARCHAR(255), `gas_price` VARCHAR(255), `gas_fee` VARCHAR(255), `status` TEXT NOT NULL DEFAULT 'pending', `confirmations` INTEGER DEFAULT 0, `block_timestamp` DATETIME, `nonce` VARCHAR(255), `input` TEXT, `logs` JSONB, `error_message` VARCHAR(255), `metadata` JSONB, `confirmed_at` DATETIME, `retry_count` INTEGER DEFAULT '0', `last_retry_at` DATETIME, `created_at` DATETIME NOT NULL, `updated_at` DATETIME NOT NULL);
Executing (default): INSERT INTO `blockchain_transactions` SELECT `id`, `tx_hash`, `donation_id`, `type`, `block_number`, `from_address`, `to_address`, `value`, `gas_limit`, `gas_used`, `gas_price`, `gas_fee`, `status`, `confirmations`, `block_timestamp`, `nonce`, `input`, `logs`, `error_message`, `metadata`, `confirmed_at`, `retry_count`, `last_retry_at`, `created_at`, `updated_at` FROM `blockchain_transactions_backup`;
Executing (default): DROP TABLE `blockchain_transactions_backup`;
Executing (default): PRAGMA TABLE_INFO(`blockchain_transactions`);
Executing (default): PRAGMA INDEX_LIST(`blockchain_transactions`)
Executing (default): PRAGMA INDEX_INFO(`sqlite_autoindex_blockchain_transactions_1`)
Executing (default): PRAGMA INDEX_INFO(`sqlite_autoindex_blockchain_transactions_2`)
Executing (default): PRAGMA foreign_key_list(`blockchain_transactions`)
Executing (default): CREATE TABLE IF NOT EXISTS `blockchain_transactions_backup` (`id` UUID UNIQUE PRIMARY KEY, `tx_hash` VARCHAR(255) NOT NULL UNIQUE, `donation_id` UUID REFERENCES `donations` (`id`), `type` TEXT NOT NULL, `block_number` INTEGER, `from_address` VARCHAR(255) NOT NULL, `to_address` VARCHAR(255) NOT NULL, `value` VARCHAR(255) NOT NULL, `gas_limit` VARCHAR(255), `gas_used` VARCHAR(255), `gas_price` VARCHAR(255), `gas_fee` VARCHAR(255), `status` TEXT NOT NULL DEFAULT 'pending', `confirmations` INTEGER DEFAULT '0', `block_timestamp` DATETIME, `nonce` VARCHAR(255), `input` TEXT, `logs` JSONB, `error_message` VARCHAR(255), `metadata` JSONB, `confirmed_at` DATETIME, `retry_count` INTEGER DEFAULT '0', `last_retry_at` DATETIME, `created_at` DATETIME NOT NULL, `updated_at` DATETIME NOT NULL);
Executing (default): INSERT INTO `blockchain_transactions_backup` SELECT `id`, `tx_hash`, `donation_id`, `type`, `block_number`, `from_address`, `to_address`, `value`, `gas_limit`, `gas_used`, `gas_price`, `gas_fee`, `status`, `confirmations`, `block_timestamp`, `nonce`, `input`, `logs`, `error_message`, `metadata`, `confirmed_at`, `retry_count`, `last_retry_at`, `created_at`, `updated_at` FROM `blockchain_transactions`;
Executing (default): DROP TABLE `blockchain_transactions`;
Executing (default): CREATE TABLE IF NOT EXISTS `blockchain_transactions` (`id` UUID UNIQUE PRIMARY KEY, `tx_hash` VARCHAR(255) NOT NULL UNIQUE, `donation_id` UUID REFERENCES `donations` (`id`), `type` TEXT NOT NULL, `block_number` INTEGER, `from_address` VARCHAR(255) NOT NULL, `to_address` VARCHAR(255) NOT NULL, `value` VARCHAR(255) NOT NULL, `gas_limit` VARCHAR(255), `gas_used` VARCHAR(255), `gas_price` VARCHAR(255), `gas_fee` VARCHAR(255), `status` TEXT NOT NULL DEFAULT 'pending', `confirmations` INTEGER DEFAULT '0', `block_timestamp` DATETIME, `nonce` VARCHAR(255), `input` TEXT, `logs` JSONB, `error_message` VARCHAR(255), `metadata` JSONB, `confirmed_at` DATETIME, `retry_count` INTEGER DEFAULT '0', `last_retry_at` DATETIME, `created_at` DATETIME NOT NULL, `updated_at` DATETIME NOT NULL);
Executing (default): INSERT INTO `blockchain_transactions` SELECT `id`, `tx_hash`, `donation_id`, `type`, `block_number`, `from_address`, `to_address`, `value`, `gas_limit`, `gas_used`, `gas_price`, `gas_fee`, `status`, `confirmations`, `block_timestamp`, `nonce`, `input`, `logs`, `error_message`, `metadata`, `confirmed_at`, `retry_count`, `last_retry_at`, `created_at`, `updated_at` FROM `blockchain_transactions_backup`;
Executing (default): DROP TABLE `blockchain_transactions_backup`;
Executing (default): PRAGMA TABLE_INFO(`blockchain_transactions`);
Executing (default): PRAGMA INDEX_LIST(`blockchain_transactions`)
Executing (default): PRAGMA INDEX_INFO(`sqlite_autoindex_blockchain_transactions_1`)
Executing (default): PRAGMA INDEX_INFO(`sqlite_autoindex_blockchain_transactions_2`)
Executing (default): PRAGMA foreign_key_list(`blockchain_transactions`)
Executing (default): CREATE TABLE IF NOT EXISTS `blockchain_transactions_backup` (`id` UUID UNIQUE PRIMARY KEY, `tx_hash` VARCHAR(255) NOT NULL UNIQUE, `donation_id` UUID REFERENCES `donations` (`id`), `type` TEXT NOT NULL, `block_number` INTEGER, `from_address` VARCHAR(255) NOT NULL, `to_address` VARCHAR(255) NOT NULL, `value` VARCHAR(255) NOT NULL, `gas_limit` VARCHAR(255), `gas_used` VARCHAR(255), `gas_price` VARCHAR(255), `gas_fee` VARCHAR(255), `status` TEXT NOT NULL DEFAULT 'pending', `confirmations` INTEGER DEFAULT '0', `block_timestamp` DATETIME, `nonce` VARCHAR(255), `input` TEXT, `logs` JSONB, `error_message` VARCHAR(255), `metadata` JSONB, `confirmed_at` DATETIME, `retry_count` INTEGER DEFAULT '0', `last_retry_at` DATETIME, `created_at` DATETIME NOT NULL, `updated_at` DATETIME NOT NULL);
Executing (default): INSERT INTO `blockchain_transactions_backup` SELECT `id`, `tx_hash`, `donation_id`, `type`, `block_number`, `from_address`, `to_address`, `value`, `gas_limit`, `gas_used`, `gas_price`, `gas_fee`, `status`, `confirmations`, `block_timestamp`, `nonce`, `input`, `logs`, `error_message`, `metadata`, `confirmed_at`, `retry_count`, `last_retry_at`, `created_at`, `updated_at` FROM `blockchain_transactions`;
Executing (default): DROP TABLE `blockchain_transactions`;
Executing (default): CREATE TABLE IF NOT EXISTS `blockchain_transactions` (`id` UUID UNIQUE PRIMARY KEY, `tx_hash` VARCHAR(255) NOT NULL UNIQUE, `donation_id` UUID REFERENCES `donations` (`id`), `type` TEXT NOT NULL, `block_number` INTEGER, `from_address` VARCHAR(255) NOT NULL, `to_address` VARCHAR(255) NOT NULL, `value` VARCHAR(255) NOT NULL, `gas_limit` VARCHAR(255), `gas_used` VARCHAR(255), `gas_price` VARCHAR(255), `gas_fee` VARCHAR(255), `status` TEXT NOT NULL DEFAULT 'pending', `confirmations` INTEGER DEFAULT '0', `block_timestamp` DATETIME, `nonce` VARCHAR(255), `input` TEXT, `logs` JSONB, `error_message` VARCHAR(255), `metadata` JSONB, `confirmed_at` DATETIME, `retry_count` INTEGER DEFAULT '0', `last_retry_at` DATETIME, `created_at` DATETIME NOT NULL, `updated_at` DATETIME NOT NULL);
Executing (default): INSERT INTO `blockchain_transactions` SELECT `id`, `tx_hash`, `donation_id`, `type`, `block_number`, `from_address`, `to_address`, `value`, `gas_limit`, `gas_used`, `gas_price`, `gas_fee`, `status`, `confirmations`, `block_timestamp`, `nonce`, `input`, `logs`, `error_message`, `metadata`, `confirmed_at`, `retry_count`, `last_retry_at`, `created_at`, `updated_at` FROM `blockchain_transactions_backup`;
Executing (default): DROP TABLE `blockchain_transactions_backup`;
Executing (default): PRAGMA TABLE_INFO(`blockchain_transactions`);
Executing (default): PRAGMA INDEX_LIST(`blockchain_transactions`)
Executing (default): PRAGMA INDEX_INFO(`sqlite_autoindex_blockchain_transactions_1`)
Executing (default): PRAGMA INDEX_INFO(`sqlite_autoindex_blockchain_transactions_2`)
Executing (default): PRAGMA foreign_key_list(`blockchain_transactions`)
Executing (default): CREATE TABLE IF NOT EXISTS `blockchain_transactions_backup` (`id` UUID UNIQUE PRIMARY KEY, `tx_hash` VARCHAR(255) NOT NULL UNIQUE, `donation_id` UUID REFERENCES `donations` (`id`), `type` TEXT NOT NULL, `block_number` INTEGER, `from_address` VARCHAR(255) NOT NULL, `to_address` VARCHAR(255) NOT NULL, `value` VARCHAR(255) NOT NULL, `gas_limit` VARCHAR(255), `gas_used` VARCHAR(255), `gas_price` VARCHAR(255), `gas_fee` VARCHAR(255), `status` TEXT NOT NULL DEFAULT 'pending', `confirmations` INTEGER DEFAULT '0', `block_timestamp` DATETIME, `nonce` VARCHAR(255), `input` TEXT, `logs` JSONB, `error_message` VARCHAR(255), `metadata` JSONB, `confirmed_at` DATETIME, `retry_count` INTEGER DEFAULT '0', `last_retry_at` DATETIME, `created_at` DATETIME NOT NULL, `updated_at` DATETIME NOT NULL);
Executing (default): INSERT INTO `blockchain_transactions_backup` SELECT `id`, `tx_hash`, `donation_id`, `type`, `block_number`, `from_address`, `to_address`, `value`, `gas_limit`, `gas_used`, `gas_price`, `gas_fee`, `status`, `confirmations`, `block_timestamp`, `nonce`, `input`, `logs`, `error_message`, `metadata`, `confirmed_at`, `retry_count`, `last_retry_at`, `created_at`, `updated_at` FROM `blockchain_transactions`;
Executing (default): DROP TABLE `blockchain_transactions`;
Executing (default): CREATE TABLE IF NOT EXISTS `blockchain_transactions` (`id` UUID UNIQUE PRIMARY KEY, `tx_hash` VARCHAR(255) NOT NULL UNIQUE, `donation_id` UUID REFERENCES `donations` (`id`), `type` TEXT NOT NULL, `block_number` INTEGER, `from_address` VARCHAR(255) NOT NULL, `to_address` VARCHAR(255) NOT NULL, `value` VARCHAR(255) NOT NULL, `gas_limit` VARCHAR(255), `gas_used` VARCHAR(255), `gas_price` VARCHAR(255), `gas_fee` VARCHAR(255), `status` TEXT NOT NULL DEFAULT 'pending', `confirmations` INTEGER DEFAULT '0', `block_timestamp` DATETIME, `nonce` VARCHAR(255), `input` TEXT, `logs` JSONB, `error_message` VARCHAR(255), `metadata` JSONB, `confirmed_at` DATETIME, `retry_count` INTEGER DEFAULT '0', `last_retry_at` DATETIME, `created_at` DATETIME NOT NULL, `updated_at` DATETIME NOT NULL);
Executing (default): INSERT INTO `blockchain_transactions` SELECT `id`, `tx_hash`, `donation_id`, `type`, `block_number`, `from_address`, `to_address`, `value`, `gas_limit`, `gas_used`, `gas_price`, `gas_fee`, `status`, `confirmations`, `block_timestamp`, `nonce`, `input`, `logs`, `error_message`, `metadata`, `confirmed_at`, `retry_count`, `last_retry_at`, `created_at`, `updated_at` FROM `blockchain_transactions_backup`;
Executing (default): DROP TABLE `blockchain_transactions_backup`;
Executing (default): PRAGMA TABLE_INFO(`blockchain_transactions`);
Executing (default): PRAGMA INDEX_LIST(`blockchain_transactions`)
Executing (default): PRAGMA INDEX_INFO(`sqlite_autoindex_blockchain_transactions_1`)
Executing (default): PRAGMA INDEX_INFO(`sqlite_autoindex_blockchain_transactions_2`)
Executing (default): PRAGMA foreign_key_list(`blockchain_transactions`)
Executing (default): CREATE TABLE IF NOT EXISTS `blockchain_transactions_backup` (`id` UUID UNIQUE PRIMARY KEY, `tx_hash` VARCHAR(255) NOT NULL UNIQUE, `donation_id` UUID REFERENCES `donations` (`id`), `type` TEXT NOT NULL, `block_number` INTEGER, `from_address` VARCHAR(255) NOT NULL, `to_address` VARCHAR(255) NOT NULL, `value` VARCHAR(255) NOT NULL, `gas_limit` VARCHAR(255), `gas_used` VARCHAR(255), `gas_price` VARCHAR(255), `gas_fee` VARCHAR(255), `status` TEXT NOT NULL DEFAULT 'pending', `confirmations` INTEGER DEFAULT '0', `block_timestamp` DATETIME, `nonce` VARCHAR(255), `input` TEXT, `logs` JSONB, `error_message` VARCHAR(255), `metadata` JSONB, `confirmed_at` DATETIME, `retry_count` INTEGER DEFAULT '0', `last_retry_at` DATETIME, `created_at` DATETIME NOT NULL, `updated_at` DATETIME NOT NULL);
Executing (default): INSERT INTO `blockchain_transactions_backup` SELECT `id`, `tx_hash`, `donation_id`, `type`, `block_number`, `from_address`, `to_address`, `value`, `gas_limit`, `gas_used`, `gas_price`, `gas_fee`, `status`, `confirmations`, `block_timestamp`, `nonce`, `input`, `logs`, `error_message`, `metadata`, `confirmed_at`, `retry_count`, `last_retry_at`, `created_at`, `updated_at` FROM `blockchain_transactions`;
Executing (default): DROP TABLE `blockchain_transactions`;
Executing (default): CREATE TABLE IF NOT EXISTS `blockchain_transactions` (`id` UUID UNIQUE PRIMARY KEY, `tx_hash` VARCHAR(255) NOT NULL UNIQUE, `donation_id` UUID REFERENCES `donations` (`id`), `type` TEXT NOT NULL, `block_number` INTEGER, `from_address` VARCHAR(255) NOT NULL, `to_address` VARCHAR(255) NOT NULL, `value` VARCHAR(255) NOT NULL, `gas_limit` VARCHAR(255), `gas_used` VARCHAR(255), `gas_price` VARCHAR(255), `gas_fee` VARCHAR(255), `status` TEXT NOT NULL DEFAULT 'pending', `confirmations` INTEGER DEFAULT '0', `block_timestamp` DATETIME, `nonce` VARCHAR(255), `input` TEXT, `logs` JSONB, `error_message` VARCHAR(255), `metadata` JSONB, `confirmed_at` DATETIME, `retry_count` INTEGER DEFAULT '0', `last_retry_at` DATETIME, `created_at` DATETIME NOT NULL, `updated_at` DATETIME NOT NULL);
Executing (default): INSERT INTO `blockchain_transactions` SELECT `id`, `tx_hash`, `donation_id`, `type`, `block_number`, `from_address`, `to_address`, `value`, `gas_limit`, `gas_used`, `gas_price`, `gas_fee`, `status`, `confirmations`, `block_timestamp`, `nonce`, `input`, `logs`, `error_message`, `metadata`, `confirmed_at`, `retry_count`, `last_retry_at`, `created_at`, `updated_at` FROM `blockchain_transactions_backup`;
Executing (default): DROP TABLE `blockchain_transactions_backup`;
Executing (default): PRAGMA TABLE_INFO(`blockchain_transactions`);
Executing (default): PRAGMA INDEX_LIST(`blockchain_transactions`)
Executing (default): PRAGMA INDEX_INFO(`sqlite_autoindex_blockchain_transactions_1`)
Executing (default): PRAGMA INDEX_INFO(`sqlite_autoindex_blockchain_transactions_2`)
Executing (default): PRAGMA foreign_key_list(`blockchain_transactions`)
Executing (default): CREATE TABLE IF NOT EXISTS `blockchain_transactions_backup` (`id` UUID UNIQUE PRIMARY KEY, `tx_hash` VARCHAR(255) NOT NULL UNIQUE, `donation_id` UUID REFERENCES `donations` (`id`), `type` TEXT NOT NULL, `block_number` INTEGER, `from_address` VARCHAR(255) NOT NULL, `to_address` VARCHAR(255) NOT NULL, `value` VARCHAR(255) NOT NULL, `gas_limit` VARCHAR(255), `gas_used` VARCHAR(255), `gas_price` VARCHAR(255), `gas_fee` VARCHAR(255), `status` TEXT NOT NULL DEFAULT 'pending', `confirmations` INTEGER DEFAULT '0', `block_timestamp` DATETIME, `nonce` VARCHAR(255), `input` TEXT, `logs` JSONB, `error_message` VARCHAR(255), `metadata` JSONB, `confirmed_at` DATETIME, `retry_count` INTEGER DEFAULT '0', `last_retry_at` DATETIME, `created_at` DATETIME NOT NULL, `updated_at` DATETIME NOT NULL);
Executing (default): INSERT INTO `blockchain_transactions_backup` SELECT `id`, `tx_hash`, `donation_id`, `type`, `block_number`, `from_address`, `to_address`, `value`, `gas_limit`, `gas_used`, `gas_price`, `gas_fee`, `status`, `confirmations`, `block_timestamp`, `nonce`, `input`, `logs`, `error_message`, `metadata`, `confirmed_at`, `retry_count`, `last_retry_at`, `created_at`, `updated_at` FROM `blockchain_transactions`;
Executing (default): DROP TABLE `blockchain_transactions`;
Executing (default): CREATE TABLE IF NOT EXISTS `blockchain_transactions` (`id` UUID UNIQUE PRIMARY KEY, `tx_hash` VARCHAR(255) NOT NULL UNIQUE, `donation_id` UUID REFERENCES `donations` (`id`), `type` TEXT NOT NULL, `block_number` INTEGER, `from_address` VARCHAR(255) NOT NULL, `to_address` VARCHAR(255) NOT NULL, `value` VARCHAR(255) NOT NULL, `gas_limit` VARCHAR(255), `gas_used` VARCHAR(255), `gas_price` VARCHAR(255), `gas_fee` VARCHAR(255), `status` TEXT NOT NULL DEFAULT 'pending', `confirmations` INTEGER DEFAULT '0', `block_timestamp` DATETIME, `nonce` VARCHAR(255), `input` TEXT, `logs` JSONB, `error_message` VARCHAR(255), `metadata` JSONB, `confirmed_at` DATETIME, `retry_count` INTEGER DEFAULT '0', `last_retry_at` DATETIME, `created_at` DATETIME NOT NULL, `updated_at` DATETIME NOT NULL);
Executing (default): INSERT INTO `blockchain_transactions` SELECT `id`, `tx_hash`, `donation_id`, `type`, `block_number`, `from_address`, `to_address`, `value`, `gas_limit`, `gas_used`, `gas_price`, `gas_fee`, `status`, `confirmations`, `block_timestamp`, `nonce`, `input`, `logs`, `error_message`, `metadata`, `confirmed_at`, `retry_count`, `last_retry_at`, `created_at`, `updated_at` FROM `blockchain_transactions_backup`;
Executing (default): DROP TABLE `blockchain_transactions_backup`;
Executing (default): PRAGMA TABLE_INFO(`blockchain_transactions`);
Executing (default): PRAGMA INDEX_LIST(`blockchain_transactions`)
Executing (default): PRAGMA INDEX_INFO(`sqlite_autoindex_blockchain_transactions_1`)
Executing (default): PRAGMA INDEX_INFO(`sqlite_autoindex_blockchain_transactions_2`)
Executing (default): PRAGMA foreign_key_list(`blockchain_transactions`)
Executing (default): CREATE TABLE IF NOT EXISTS `blockchain_transactions_backup` (`id` UUID UNIQUE PRIMARY KEY, `tx_hash` VARCHAR(255) NOT NULL UNIQUE, `donation_id` UUID REFERENCES `donations` (`id`), `type` TEXT NOT NULL, `block_number` INTEGER, `from_address` VARCHAR(255) NOT NULL, `to_address` VARCHAR(255) NOT NULL, `value` VARCHAR(255) NOT NULL, `gas_limit` VARCHAR(255), `gas_used` VARCHAR(255), `gas_price` VARCHAR(255), `gas_fee` VARCHAR(255), `status` TEXT NOT NULL DEFAULT 'pending', `confirmations` INTEGER DEFAULT '0', `block_timestamp` DATETIME, `nonce` VARCHAR(255), `input` TEXT, `logs` JSONB, `error_message` VARCHAR(255), `metadata` JSONB, `confirmed_at` DATETIME, `retry_count` INTEGER DEFAULT '0', `last_retry_at` DATETIME, `created_at` DATETIME NOT NULL, `updated_at` DATETIME NOT NULL);
Executing (default): INSERT INTO `blockchain_transactions_backup` SELECT `id`, `tx_hash`, `donation_id`, `type`, `block_number`, `from_address`, `to_address`, `value`, `gas_limit`, `gas_used`, `gas_price`, `gas_fee`, `status`, `confirmations`, `block_timestamp`, `nonce`, `input`, `logs`, `error_message`, `metadata`, `confirmed_at`, `retry_count`, `last_retry_at`, `created_at`, `updated_at` FROM `blockchain_transactions`;
Executing (default): DROP TABLE `blockchain_transactions`;
Executing (default): CREATE TABLE IF NOT EXISTS `blockchain_transactions` (`id` UUID UNIQUE PRIMARY KEY, `tx_hash` VARCHAR(255) NOT NULL UNIQUE, `donation_id` UUID REFERENCES `donations` (`id`), `type` TEXT NOT NULL, `block_number` INTEGER, `from_address` VARCHAR(255) NOT NULL, `to_address` VARCHAR(255) NOT NULL, `value` VARCHAR(255) NOT NULL, `gas_limit` VARCHAR(255), `gas_used` VARCHAR(255), `gas_price` VARCHAR(255), `gas_fee` VARCHAR(255), `status` TEXT NOT NULL DEFAULT 'pending', `confirmations` INTEGER DEFAULT '0', `block_timestamp` DATETIME, `nonce` VARCHAR(255), `input` TEXT, `logs` JSONB, `error_message` VARCHAR(255), `metadata` JSONB, `confirmed_at` DATETIME, `retry_count` INTEGER DEFAULT '0', `last_retry_at` DATETIME, `created_at` DATETIME NOT NULL, `updated_at` DATETIME NOT NULL);
Executing (default): INSERT INTO `blockchain_transactions` SELECT `id`, `tx_hash`, `donation_id`, `type`, `block_number`, `from_address`, `to_address`, `value`, `gas_limit`, `gas_used`, `gas_price`, `gas_fee`, `status`, `confirmations`, `block_timestamp`, `nonce`, `input`, `logs`, `error_message`, `metadata`, `confirmed_at`, `retry_count`, `last_retry_at`, `created_at`, `updated_at` FROM `blockchain_transactions_backup`;
Executing (default): DROP TABLE `blockchain_transactions_backup`;
Executing (default): PRAGMA TABLE_INFO(`blockchain_transactions`);
Executing (default): PRAGMA INDEX_LIST(`blockchain_transactions`)
Executing (default): PRAGMA INDEX_INFO(`sqlite_autoindex_blockchain_transactions_1`)
Executing (default): PRAGMA INDEX_INFO(`sqlite_autoindex_blockchain_transactions_2`)
Executing (default): PRAGMA foreign_key_list(`blockchain_transactions`)
Executing (default): CREATE TABLE IF NOT EXISTS `blockchain_transactions_backup` (`id` UUID UNIQUE PRIMARY KEY, `tx_hash` VARCHAR(255) NOT NULL UNIQUE, `donation_id` UUID REFERENCES `donations` (`id`), `type` TEXT NOT NULL, `block_number` INTEGER, `from_address` VARCHAR(255) NOT NULL, `to_address` VARCHAR(255) NOT NULL, `value` VARCHAR(255) NOT NULL, `gas_limit` VARCHAR(255), `gas_used` VARCHAR(255), `gas_price` VARCHAR(255), `gas_fee` VARCHAR(255), `status` TEXT NOT NULL DEFAULT 'pending', `confirmations` INTEGER DEFAULT '0', `block_timestamp` DATETIME, `nonce` VARCHAR(255), `input` TEXT, `logs` JSONB, `error_message` VARCHAR(255), `metadata` JSONB, `confirmed_at` DATETIME, `retry_count` INTEGER DEFAULT '0', `last_retry_at` DATETIME, `created_at` DATETIME NOT NULL, `updated_at` DATETIME NOT NULL);
Executing (default): INSERT INTO `blockchain_transactions_backup` SELECT `id`, `tx_hash`, `donation_id`, `type`, `block_number`, `from_address`, `to_address`, `value`, `gas_limit`, `gas_used`, `gas_price`, `gas_fee`, `status`, `confirmations`, `block_timestamp`, `nonce`, `input`, `logs`, `error_message`, `metadata`, `confirmed_at`, `retry_count`, `last_retry_at`, `created_at`, `updated_at` FROM `blockchain_transactions`;
Executing (default): DROP TABLE `blockchain_transactions`;
Executing (default): CREATE TABLE IF NOT EXISTS `blockchain_transactions` (`id` UUID UNIQUE PRIMARY KEY, `tx_hash` VARCHAR(255) NOT NULL UNIQUE, `donation_id` UUID REFERENCES `donations` (`id`), `type` TEXT NOT NULL, `block_number` INTEGER, `from_address` VARCHAR(255) NOT NULL, `to_address` VARCHAR(255) NOT NULL, `value` VARCHAR(255) NOT NULL, `gas_limit` VARCHAR(255), `gas_used` VARCHAR(255), `gas_price` VARCHAR(255), `gas_fee` VARCHAR(255), `status` TEXT NOT NULL DEFAULT 'pending', `confirmations` INTEGER DEFAULT '0', `block_timestamp` DATETIME, `nonce` VARCHAR(255), `input` TEXT, `logs` JSONB, `error_message` VARCHAR(255), `metadata` JSONB, `confirmed_at` DATETIME, `retry_count` INTEGER DEFAULT '0', `last_retry_at` DATETIME, `created_at` DATETIME NOT NULL, `updated_at` DATETIME NOT NULL);
Executing (default): INSERT INTO `blockchain_transactions` SELECT `id`, `tx_hash`, `donation_id`, `type`, `block_number`, `from_address`, `to_address`, `value`, `gas_limit`, `gas_used`, `gas_price`, `gas_fee`, `status`, `confirmations`, `block_timestamp`, `nonce`, `input`, `logs`, `error_message`, `metadata`, `confirmed_at`, `retry_count`, `last_retry_at`, `created_at`, `updated_at` FROM `blockchain_transactions_backup`;
Executing (default): DROP TABLE `blockchain_transactions_backup`;
Executing (default): PRAGMA TABLE_INFO(`blockchain_transactions`);
Executing (default): PRAGMA INDEX_LIST(`blockchain_transactions`)
Executing (default): PRAGMA INDEX_INFO(`sqlite_autoindex_blockchain_transactions_1`)
Executing (default): PRAGMA INDEX_INFO(`sqlite_autoindex_blockchain_transactions_2`)
Executing (default): PRAGMA foreign_key_list(`blockchain_transactions`)
Executing (default): CREATE TABLE IF NOT EXISTS `blockchain_transactions_backup` (`id` UUID UNIQUE PRIMARY KEY, `tx_hash` VARCHAR(255) NOT NULL UNIQUE, `donation_id` UUID REFERENCES `donations` (`id`), `type` TEXT NOT NULL, `block_number` INTEGER, `from_address` VARCHAR(255) NOT NULL, `to_address` VARCHAR(255) NOT NULL, `value` VARCHAR(255) NOT NULL, `gas_limit` VARCHAR(255), `gas_used` VARCHAR(255), `gas_price` VARCHAR(255), `gas_fee` VARCHAR(255), `status` TEXT NOT NULL DEFAULT 'pending', `confirmations` INTEGER DEFAULT '0', `block_timestamp` DATETIME, `nonce` VARCHAR(255), `input` TEXT, `logs` JSONB, `error_message` VARCHAR(255), `metadata` JSONB, `confirmed_at` DATETIME, `retry_count` INTEGER DEFAULT 0, `last_retry_at` DATETIME, `created_at` DATETIME NOT NULL, `updated_at` DATETIME NOT NULL);
Executing (default): INSERT INTO `blockchain_transactions_backup` SELECT `id`, `tx_hash`, `donation_id`, `type`, `block_number`, `from_address`, `to_address`, `value`, `gas_limit`, `gas_used`, `gas_price`, `gas_fee`, `status`, `confirmations`, `block_timestamp`, `nonce`, `input`, `logs`, `error_message`, `metadata`, `confirmed_at`, `retry_count`, `last_retry_at`, `created_at`, `updated_at` FROM `blockchain_transactions`;
Executing (default): DROP TABLE `blockchain_transactions`;
Executing (default): CREATE TABLE IF NOT EXISTS `blockchain_transactions` (`id` UUID UNIQUE PRIMARY KEY, `tx_hash` VARCHAR(255) NOT NULL UNIQUE, `donation_id` UUID REFERENCES `donations` (`id`), `type` TEXT NOT NULL, `block_number` INTEGER, `from_address` VARCHAR(255) NOT NULL, `to_address` VARCHAR(255) NOT NULL, `value` VARCHAR(255) NOT NULL, `gas_limit` VARCHAR(255), `gas_used` VARCHAR(255), `gas_price` VARCHAR(255), `gas_fee` VARCHAR(255), `status` TEXT NOT NULL DEFAULT 'pending', `confirmations` INTEGER DEFAULT '0', `block_timestamp` DATETIME, `nonce` VARCHAR(255), `input` TEXT, `logs` JSONB, `error_message` VARCHAR(255), `metadata` JSONB, `confirmed_at` DATETIME, `retry_count` INTEGER DEFAULT 0, `last_retry_at` DATETIME, `created_at` DATETIME NOT NULL, `updated_at` DATETIME NOT NULL);
Executing (default): INSERT INTO `blockchain_transactions` SELECT `id`, `tx_hash`, `donation_id`, `type`, `block_number`, `from_address`, `to_address`, `value`, `gas_limit`, `gas_used`, `gas_price`, `gas_fee`, `status`, `confirmations`, `block_timestamp`, `nonce`, `input`, `logs`, `error_message`, `metadata`, `confirmed_at`, `retry_count`, `last_retry_at`, `created_at`, `updated_at` FROM `blockchain_transactions_backup`;
Executing (default): DROP TABLE `blockchain_transactions_backup`;
Executing (default): PRAGMA TABLE_INFO(`blockchain_transactions`);
Executing (default): PRAGMA INDEX_LIST(`blockchain_transactions`)
Executing (default): PRAGMA INDEX_INFO(`sqlite_autoindex_blockchain_transactions_1`)
Executing (default): PRAGMA INDEX_INFO(`sqlite_autoindex_blockchain_transactions_2`)
Executing (default): PRAGMA foreign_key_list(`blockchain_transactions`)
Executing (default): CREATE TABLE IF NOT EXISTS `blockchain_transactions_backup` (`id` UUID UNIQUE PRIMARY KEY, `tx_hash` VARCHAR(255) NOT NULL UNIQUE, `donation_id` UUID REFERENCES `donations` (`id`), `type` TEXT NOT NULL, `block_number` INTEGER, `from_address` VARCHAR(255) NOT NULL, `to_address` VARCHAR(255) NOT NULL, `value` VARCHAR(255) NOT NULL, `gas_limit` VARCHAR(255), `gas_used` VARCHAR(255), `gas_price` VARCHAR(255), `gas_fee` VARCHAR(255), `status` TEXT NOT NULL DEFAULT 'pending', `confirmations` INTEGER DEFAULT '0', `block_timestamp` DATETIME, `nonce` VARCHAR(255), `input` TEXT, `logs` JSONB, `error_message` VARCHAR(255), `metadata` JSONB, `confirmed_at` DATETIME, `retry_count` INTEGER DEFAULT '0', `last_retry_at` DATETIME, `created_at` DATETIME NOT NULL, `updated_at` DATETIME NOT NULL);
Executing (default): INSERT INTO `blockchain_transactions_backup` SELECT `id`, `tx_hash`, `donation_id`, `type`, `block_number`, `from_address`, `to_address`, `value`, `gas_limit`, `gas_used`, `gas_price`, `gas_fee`, `status`, `confirmations`, `block_timestamp`, `nonce`, `input`, `logs`, `error_message`, `metadata`, `confirmed_at`, `retry_count`, `last_retry_at`, `created_at`, `updated_at` FROM `blockchain_transactions`;
Executing (default): DROP TABLE `blockchain_transactions`;
Executing (default): CREATE TABLE IF NOT EXISTS `blockchain_transactions` (`id` UUID UNIQUE PRIMARY KEY, `tx_hash` VARCHAR(255) NOT NULL UNIQUE, `donation_id` UUID REFERENCES `donations` (`id`), `type` TEXT NOT NULL, `block_number` INTEGER, `from_address` VARCHAR(255) NOT NULL, `to_address` VARCHAR(255) NOT NULL, `value` VARCHAR(255) NOT NULL, `gas_limit` VARCHAR(255), `gas_used` VARCHAR(255), `gas_price` VARCHAR(255), `gas_fee` VARCHAR(255), `status` TEXT NOT NULL DEFAULT 'pending', `confirmations` INTEGER DEFAULT '0', `block_timestamp` DATETIME, `nonce` VARCHAR(255), `input` TEXT, `logs` JSONB, `error_message` VARCHAR(255), `metadata` JSONB, `confirmed_at` DATETIME, `retry_count` INTEGER DEFAULT '0', `last_retry_at` DATETIME, `created_at` DATETIME NOT NULL, `updated_at` DATETIME NOT NULL);
Executing (default): INSERT INTO `blockchain_transactions` SELECT `id`, `tx_hash`, `donation_id`, `type`, `block_number`, `from_address`, `to_address`, `value`, `gas_limit`, `gas_used`, `gas_price`, `gas_fee`, `status`, `confirmations`, `block_timestamp`, `nonce`, `input`, `logs`, `error_message`, `metadata`, `confirmed_at`, `retry_count`, `last_retry_at`, `created_at`, `updated_at` FROM `blockchain_transactions_backup`;
Executing (default): DROP TABLE `blockchain_transactions_backup`;
Executing (default): PRAGMA TABLE_INFO(`blockchain_transactions`);
Executing (default): PRAGMA INDEX_LIST(`blockchain_transactions`)
Executing (default): PRAGMA INDEX_INFO(`sqlite_autoindex_blockchain_transactions_1`)
Executing (default): PRAGMA INDEX_INFO(`sqlite_autoindex_blockchain_transactions_2`)
Executing (default): PRAGMA foreign_key_list(`blockchain_transactions`)
Executing (default): CREATE TABLE IF NOT EXISTS `blockchain_transactions_backup` (`id` UUID UNIQUE PRIMARY KEY, `tx_hash` VARCHAR(255) NOT NULL UNIQUE, `donation_id` UUID REFERENCES `donations` (`id`), `type` TEXT NOT NULL, `block_number` INTEGER, `from_address` VARCHAR(255) NOT NULL, `to_address` VARCHAR(255) NOT NULL, `value` VARCHAR(255) NOT NULL, `gas_limit` VARCHAR(255), `gas_used` VARCHAR(255), `gas_price` VARCHAR(255), `gas_fee` VARCHAR(255), `status` TEXT NOT NULL DEFAULT 'pending', `confirmations` INTEGER DEFAULT '0', `block_timestamp` DATETIME, `nonce` VARCHAR(255), `input` TEXT, `logs` JSONB, `error_message` VARCHAR(255), `metadata` JSONB, `confirmed_at` DATETIME, `retry_count` INTEGER DEFAULT '0', `last_retry_at` DATETIME, `created_at` DATETIME NOT NULL, `updated_at` DATETIME NOT NULL);
Executing (default): INSERT INTO `blockchain_transactions_backup` SELECT `id`, `tx_hash`, `donation_id`, `type`, `block_number`, `from_address`, `to_address`, `value`, `gas_limit`, `gas_used`, `gas_price`, `gas_fee`, `status`, `confirmations`, `block_timestamp`, `nonce`, `input`, `logs`, `error_message`, `metadata`, `confirmed_at`, `retry_count`, `last_retry_at`, `created_at`, `updated_at` FROM `blockchain_transactions`;
Executing (default): DROP TABLE `blockchain_transactions`;
Executing (default): CREATE TABLE IF NOT EXISTS `blockchain_transactions` (`id` UUID UNIQUE PRIMARY KEY, `tx_hash` VARCHAR(255) NOT NULL UNIQUE, `donation_id` UUID REFERENCES `donations` (`id`), `type` TEXT NOT NULL, `block_number` INTEGER, `from_address` VARCHAR(255) NOT NULL, `to_address` VARCHAR(255) NOT NULL, `value` VARCHAR(255) NOT NULL, `gas_limit` VARCHAR(255), `gas_used` VARCHAR(255), `gas_price` VARCHAR(255), `gas_fee` VARCHAR(255), `status` TEXT NOT NULL DEFAULT 'pending', `confirmations` INTEGER DEFAULT '0', `block_timestamp` DATETIME, `nonce` VARCHAR(255), `input` TEXT, `logs` JSONB, `error_message` VARCHAR(255), `metadata` JSONB, `confirmed_at` DATETIME, `retry_count` INTEGER DEFAULT '0', `last_retry_at` DATETIME, `created_at` DATETIME NOT NULL, `updated_at` DATETIME NOT NULL);
Executing (default): INSERT INTO `blockchain_transactions` SELECT `id`, `tx_hash`, `donation_id`, `type`, `block_number`, `from_address`, `to_address`, `value`, `gas_limit`, `gas_used`, `gas_price`, `gas_fee`, `status`, `confirmations`, `block_timestamp`, `nonce`, `input`, `logs`, `error_message`, `metadata`, `confirmed_at`, `retry_count`, `last_retry_at`, `created_at`, `updated_at` FROM `blockchain_transactions_backup`;
Executing (default): DROP TABLE `blockchain_transactions_backup`;
Executing (default): PRAGMA TABLE_INFO(`blockchain_transactions`);
Executing (default): PRAGMA INDEX_LIST(`blockchain_transactions`)
Executing (default): PRAGMA INDEX_INFO(`sqlite_autoindex_blockchain_transactions_1`)
Executing (default): PRAGMA INDEX_INFO(`sqlite_autoindex_blockchain_transactions_2`)
Executing (default): PRAGMA foreign_key_list(`blockchain_transactions`)
Executing (default): CREATE TABLE IF NOT EXISTS `blockchain_transactions_backup` (`id` UUID UNIQUE PRIMARY KEY, `tx_hash` VARCHAR(255) NOT NULL UNIQUE, `donation_id` UUID REFERENCES `donations` (`id`), `type` TEXT NOT NULL, `block_number` INTEGER, `from_address` VARCHAR(255) NOT NULL, `to_address` VARCHAR(255) NOT NULL, `value` VARCHAR(255) NOT NULL, `gas_limit` VARCHAR(255), `gas_used` VARCHAR(255), `gas_price` VARCHAR(255), `gas_fee` VARCHAR(255), `status` TEXT NOT NULL DEFAULT 'pending', `confirmations` INTEGER DEFAULT '0', `block_timestamp` DATETIME, `nonce` VARCHAR(255), `input` TEXT, `logs` JSONB, `error_message` VARCHAR(255), `metadata` JSONB, `confirmed_at` DATETIME, `retry_count` INTEGER DEFAULT '0', `last_retry_at` DATETIME, `created_at` DATETIME NOT NULL, `updated_at` DATETIME NOT NULL);
Executing (default): INSERT INTO `blockchain_transactions_backup` SELECT `id`, `tx_hash`, `donation_id`, `type`, `block_number`, `from_address`, `to_address`, `value`, `gas_limit`, `gas_used`, `gas_price`, `gas_fee`, `status`, `confirmations`, `block_timestamp`, `nonce`, `input`, `logs`, `error_message`, `metadata`, `confirmed_at`, `retry_count`, `last_retry_at`, `created_at`, `updated_at` FROM `blockchain_transactions`;
Executing (default): DROP TABLE `blockchain_transactions`;
Executing (default): CREATE TABLE IF NOT EXISTS `blockchain_transactions` (`id` UUID UNIQUE PRIMARY KEY, `tx_hash` VARCHAR(255) NOT NULL UNIQUE, `donation_id` UUID REFERENCES `donations` (`id`), `type` TEXT NOT NULL, `block_number` INTEGER, `from_address` VARCHAR(255) NOT NULL, `to_address` VARCHAR(255) NOT NULL, `value` VARCHAR(255) NOT NULL, `gas_limit` VARCHAR(255), `gas_used` VARCHAR(255), `gas_price` VARCHAR(255), `gas_fee` VARCHAR(255), `status` TEXT NOT NULL DEFAULT 'pending', `confirmations` INTEGER DEFAULT '0', `block_timestamp` DATETIME, `nonce` VARCHAR(255), `input` TEXT, `logs` JSONB, `error_message` VARCHAR(255), `metadata` JSONB, `confirmed_at` DATETIME, `retry_count` INTEGER DEFAULT '0', `last_retry_at` DATETIME, `created_at` DATETIME NOT NULL, `updated_at` DATETIME NOT NULL);
Executing (default): INSERT INTO `blockchain_transactions` SELECT `id`, `tx_hash`, `donation_id`, `type`, `block_number`, `from_address`, `to_address`, `value`, `gas_limit`, `gas_used`, `gas_price`, `gas_fee`, `status`, `confirmations`, `block_timestamp`, `nonce`, `input`, `logs`, `error_message`, `metadata`, `confirmed_at`, `retry_count`, `last_retry_at`, `created_at`, `updated_at` FROM `blockchain_transactions_backup`;
Executing (default): DROP TABLE `blockchain_transactions_backup`;
Executing (default): PRAGMA INDEX_LIST(`blockchain_transactions`)
Executing (default): PRAGMA INDEX_INFO(`sqlite_autoindex_blockchain_transactions_1`)
Executing (default): PRAGMA INDEX_INFO(`sqlite_autoindex_blockchain_transactions_2`)
Executing (default): CREATE INDEX `blockchain_transactions_tx_hash` ON `blockchain_transactions` (`tx_hash`)
Executing (default): CREATE INDEX `blockchain_transactions_donation_id` ON `blockchain_transactions` (`donation_id`)
Executing (default): CREATE INDEX `blockchain_transactions_status` ON `blockchain_transactions` (`status`)
Executing (default): CREATE INDEX `blockchain_transactions_type` ON `blockchain_transactions` (`type`)
Executing (default): CREATE INDEX `blockchain_transactions_created_at` ON `blockchain_transactions` (`created_at`)
Executing (default): SELECT name FROM sqlite_master WHERE type='table' AND name='receipts';
Executing (default): PRAGMA TABLE_INFO(`receipts`);
Executing (default): PRAGMA foreign_key_list(`receipts`)
Executing (default): PRAGMA INDEX_LIST(`receipts`)
Executing (default): PRAGMA INDEX_INFO(`sqlite_autoindex_receipts_1`)
Executing (default): PRAGMA INDEX_INFO(`sqlite_autoindex_receipts_2`)
Executing (default): PRAGMA INDEX_INFO(`receipts_donation_id`)
Executing (default): PRAGMA INDEX_INFO(`receipts_receipt_number`)
Executing (default): PRAGMA INDEX_INFO(`receipts_issue_date`)
Executing (default): PRAGMA INDEX_INFO(`receipts_tax_year`)
Executing (default): PRAGMA foreign_key_list(`receipts`)
Executing (default): PRAGMA TABLE_INFO(`receipts`);
Executing (default): PRAGMA INDEX_LIST(`receipts`)
Executing (default): PRAGMA INDEX_INFO(`sqlite_autoindex_receipts_1`)
Executing (default): PRAGMA INDEX_INFO(`sqlite_autoindex_receipts_2`)
Executing (default): PRAGMA INDEX_INFO(`receipts_donation_id`)
Executing (default): PRAGMA INDEX_INFO(`receipts_receipt_number`)
Executing (default): PRAGMA INDEX_INFO(`receipts_issue_date`)
Executing (default): PRAGMA INDEX_INFO(`receipts_tax_year`)
Executing (default): PRAGMA foreign_key_list(`receipts`)
Executing (default): CREATE TABLE IF NOT EXISTS `receipts_backup` (`id` UUID UNIQUE PRIMARY KEY, `donation_id` UUID NOT NULL REFERENCES `donations` (`id`) ON DELETE CASCADE ON UPDATE CASCADE, `receipt_number` VARCHAR(255) NOT NULL, `issue_date` DATETIME NOT NULL, `tax_year` INTEGER NOT NULL, `amount` DECIMAL(15,2) NOT NULL, `currency` VARCHAR(255) NOT NULL, `tax_deductible_amount` DECIMAL(15,2) NOT NULL, `gst_amount` DECIMAL(5,2), `donor` JSONB NOT NULL, `charity` JSONB NOT NULL, `pdf_url` VARCHAR(255) NOT NULL, `pdf_path` VARCHAR(255), `email_sent` TINYINT(1) DEFAULT 0, `email_sent_at` DATETIME, `downloaded` TINYINT(1) DEFAULT 0, `download_count` INTEGER DEFAULT '0', `last_downloaded_at` DATETIME, `notes` TEXT, `compliance` JSONB, `created_at` DATETIME NOT NULL, `updated_at` DATETIME NOT NULL);
Executing (default): INSERT INTO `receipts_backup` SELECT `id`, `donation_id`, `receipt_number`, `issue_date`, `tax_year`, `amount`, `currency`, `tax_deductible_amount`, `gst_amount`, `donor`, `charity`, `pdf_url`, `pdf_path`, `email_sent`, `email_sent_at`, `downloaded`, `download_count`, `last_downloaded_at`, `notes`, `compliance`, `created_at`, `updated_at` FROM `receipts`;
Executing (default): DROP TABLE `receipts`;
Executing (default): CREATE TABLE IF NOT EXISTS `receipts` (`id` UUID UNIQUE PRIMARY KEY, `donation_id` UUID NOT NULL REFERENCES `donations` (`id`) ON DELETE CASCADE ON UPDATE CASCADE, `receipt_number` VARCHAR(255) NOT NULL, `issue_date` DATETIME NOT NULL, `tax_year` INTEGER NOT NULL, `amount` DECIMAL(15,2) NOT NULL, `currency` VARCHAR(255) NOT NULL, `tax_deductible_amount` DECIMAL(15,2) NOT NULL, `gst_amount` DECIMAL(5,2), `donor` JSONB NOT NULL, `charity` JSONB NOT NULL, `pdf_url` VARCHAR(255) NOT NULL, `pdf_path` VARCHAR(255), `email_sent` TINYINT(1) DEFAULT 0, `email_sent_at` DATETIME, `downloaded` TINYINT(1) DEFAULT 0, `download_count` INTEGER DEFAULT '0', `last_downloaded_at` DATETIME, `notes` TEXT, `compliance` JSONB, `created_at` DATETIME NOT NULL, `updated_at` DATETIME NOT NULL);
Executing (default): INSERT INTO `receipts` SELECT `id`, `donation_id`, `receipt_number`, `issue_date`, `tax_year`, `amount`, `currency`, `tax_deductible_amount`, `gst_amount`, `donor`, `charity`, `pdf_url`, `pdf_path`, `email_sent`, `email_sent_at`, `downloaded`, `download_count`, `last_downloaded_at`, `notes`, `compliance`, `created_at`, `updated_at` FROM `receipts_backup`;
Executing (default): DROP TABLE `receipts_backup`;
Executing (default): PRAGMA TABLE_INFO(`receipts`);
Executing (default): PRAGMA INDEX_LIST(`receipts`)
Executing (default): PRAGMA INDEX_INFO(`sqlite_autoindex_receipts_1`)
Executing (default): PRAGMA foreign_key_list(`receipts`)
Executing (default): CREATE TABLE IF NOT EXISTS `receipts_backup` (`id` UUID UNIQUE PRIMARY KEY, `donation_id` UUID NOT NULL REFERENCES `donations` (`id`), `receipt_number` VARCHAR(255) NOT NULL UNIQUE, `issue_date` DATETIME NOT NULL, `tax_year` INTEGER NOT NULL, `amount` DECIMAL(15,2) NOT NULL, `currency` VARCHAR(255) NOT NULL, `tax_deductible_amount` DECIMAL(15,2) NOT NULL, `gst_amount` DECIMAL(5,2), `donor` JSONB NOT NULL, `charity` JSONB NOT NULL, `pdf_url` VARCHAR(255) NOT NULL, `pdf_path` VARCHAR(255), `email_sent` TINYINT(1) DEFAULT 0, `email_sent_at` DATETIME, `downloaded` TINYINT(1) DEFAULT 0, `download_count` INTEGER DEFAULT '0', `last_downloaded_at` DATETIME, `notes` TEXT, `compliance` JSONB, `created_at` DATETIME NOT NULL, `updated_at` DATETIME NOT NULL);
Executing (default): INSERT INTO `receipts_backup` SELECT `id`, `donation_id`, `receipt_number`, `issue_date`, `tax_year`, `amount`, `currency`, `tax_deductible_amount`, `gst_amount`, `donor`, `charity`, `pdf_url`, `pdf_path`, `email_sent`, `email_sent_at`, `downloaded`, `download_count`, `last_downloaded_at`, `notes`, `compliance`, `created_at`, `updated_at` FROM `receipts`;
Executing (default): DROP TABLE `receipts`;
Executing (default): CREATE TABLE IF NOT EXISTS `receipts` (`id` UUID UNIQUE PRIMARY KEY, `donation_id` UUID NOT NULL REFERENCES `donations` (`id`), `receipt_number` VARCHAR(255) NOT NULL UNIQUE, `issue_date` DATETIME NOT NULL, `tax_year` INTEGER NOT NULL, `amount` DECIMAL(15,2) NOT NULL, `currency` VARCHAR(255) NOT NULL, `tax_deductible_amount` DECIMAL(15,2) NOT NULL, `gst_amount` DECIMAL(5,2), `donor` JSONB NOT NULL, `charity` JSONB NOT NULL, `pdf_url` VARCHAR(255) NOT NULL, `pdf_path` VARCHAR(255), `email_sent` TINYINT(1) DEFAULT 0, `email_sent_at` DATETIME, `downloaded` TINYINT(1) DEFAULT 0, `download_count` INTEGER DEFAULT '0', `last_downloaded_at` DATETIME, `notes` TEXT, `compliance` JSONB, `created_at` DATETIME NOT NULL, `updated_at` DATETIME NOT NULL);
Executing (default): INSERT INTO `receipts` SELECT `id`, `donation_id`, `receipt_number`, `issue_date`, `tax_year`, `amount`, `currency`, `tax_deductible_amount`, `gst_amount`, `donor`, `charity`, `pdf_url`, `pdf_path`, `email_sent`, `email_sent_at`, `downloaded`, `download_count`, `last_downloaded_at`, `notes`, `compliance`, `created_at`, `updated_at` FROM `receipts_backup`;
Executing (default): DROP TABLE `receipts_backup`;
Executing (default): PRAGMA TABLE_INFO(`receipts`);
Executing (default): PRAGMA INDEX_LIST(`receipts`)
Executing (default): PRAGMA INDEX_INFO(`sqlite_autoindex_receipts_1`)
Executing (default): PRAGMA INDEX_INFO(`sqlite_autoindex_receipts_2`)
Executing (default): PRAGMA foreign_key_list(`receipts`)
Executing (default): CREATE TABLE IF NOT EXISTS `receipts_backup` (`id` UUID UNIQUE PRIMARY KEY, `donation_id` UUID NOT NULL REFERENCES `donations` (`id`), `receipt_number` VARCHAR(255) NOT NULL UNIQUE, `issue_date` DATETIME NOT NULL, `tax_year` INTEGER NOT NULL, `amount` DECIMAL(15,2) NOT NULL, `currency` VARCHAR(255) NOT NULL, `tax_deductible_amount` DECIMAL(15,2) NOT NULL, `gst_amount` DECIMAL(5,2), `donor` JSONB NOT NULL, `charity` JSONB NOT NULL, `pdf_url` VARCHAR(255) NOT NULL, `pdf_path` VARCHAR(255), `email_sent` TINYINT(1) DEFAULT 0, `email_sent_at` DATETIME, `downloaded` TINYINT(1) DEFAULT 0, `download_count` INTEGER DEFAULT '0', `last_downloaded_at` DATETIME, `notes` TEXT, `compliance` JSONB, `created_at` DATETIME NOT NULL, `updated_at` DATETIME NOT NULL);
Executing (default): INSERT INTO `receipts_backup` SELECT `id`, `donation_id`, `receipt_number`, `issue_date`, `tax_year`, `amount`, `currency`, `tax_deductible_amount`, `gst_amount`, `donor`, `charity`, `pdf_url`, `pdf_path`, `email_sent`, `email_sent_at`, `downloaded`, `download_count`, `last_downloaded_at`, `notes`, `compliance`, `created_at`, `updated_at` FROM `receipts`;
Executing (default): DROP TABLE `receipts`;
Executing (default): CREATE TABLE IF NOT EXISTS `receipts` (`id` UUID UNIQUE PRIMARY KEY, `donation_id` UUID NOT NULL REFERENCES `donations` (`id`), `receipt_number` VARCHAR(255) NOT NULL UNIQUE, `issue_date` DATETIME NOT NULL, `tax_year` INTEGER NOT NULL, `amount` DECIMAL(15,2) NOT NULL, `currency` VARCHAR(255) NOT NULL, `tax_deductible_amount` DECIMAL(15,2) NOT NULL, `gst_amount` DECIMAL(5,2), `donor` JSONB NOT NULL, `charity` JSONB NOT NULL, `pdf_url` VARCHAR(255) NOT NULL, `pdf_path` VARCHAR(255), `email_sent` TINYINT(1) DEFAULT 0, `email_sent_at` DATETIME, `downloaded` TINYINT(1) DEFAULT 0, `download_count` INTEGER DEFAULT '0', `last_downloaded_at` DATETIME, `notes` TEXT, `compliance` JSONB, `created_at` DATETIME NOT NULL, `updated_at` DATETIME NOT NULL);
Executing (default): INSERT INTO `receipts` SELECT `id`, `donation_id`, `receipt_number`, `issue_date`, `tax_year`, `amount`, `currency`, `tax_deductible_amount`, `gst_amount`, `donor`, `charity`, `pdf_url`, `pdf_path`, `email_sent`, `email_sent_at`, `downloaded`, `download_count`, `last_downloaded_at`, `notes`, `compliance`, `created_at`, `updated_at` FROM `receipts_backup`;
Executing (default): DROP TABLE `receipts_backup`;
Executing (default): PRAGMA TABLE_INFO(`receipts`);
Executing (default): PRAGMA INDEX_LIST(`receipts`)
Executing (default): PRAGMA INDEX_INFO(`sqlite_autoindex_receipts_1`)
Executing (default): PRAGMA INDEX_INFO(`sqlite_autoindex_receipts_2`)
Executing (default): PRAGMA foreign_key_list(`receipts`)
Executing (default): CREATE TABLE IF NOT EXISTS `receipts_backup` (`id` UUID UNIQUE PRIMARY KEY, `donation_id` UUID NOT NULL REFERENCES `donations` (`id`), `receipt_number` VARCHAR(255) NOT NULL UNIQUE, `issue_date` DATETIME NOT NULL, `tax_year` INTEGER NOT NULL, `amount` DECIMAL(15,2) NOT NULL, `currency` VARCHAR(255) NOT NULL, `tax_deductible_amount` DECIMAL(15,2) NOT NULL, `gst_amount` DECIMAL(5,2), `donor` JSONB NOT NULL, `charity` JSONB NOT NULL, `pdf_url` VARCHAR(255) NOT NULL, `pdf_path` VARCHAR(255), `email_sent` TINYINT(1) DEFAULT 0, `email_sent_at` DATETIME, `downloaded` TINYINT(1) DEFAULT 0, `download_count` INTEGER DEFAULT '0', `last_downloaded_at` DATETIME, `notes` TEXT, `compliance` JSONB, `created_at` DATETIME NOT NULL, `updated_at` DATETIME NOT NULL);
Executing (default): INSERT INTO `receipts_backup` SELECT `id`, `donation_id`, `receipt_number`, `issue_date`, `tax_year`, `amount`, `currency`, `tax_deductible_amount`, `gst_amount`, `donor`, `charity`, `pdf_url`, `pdf_path`, `email_sent`, `email_sent_at`, `downloaded`, `download_count`, `last_downloaded_at`, `notes`, `compliance`, `created_at`, `updated_at` FROM `receipts`;
Executing (default): DROP TABLE `receipts`;
Executing (default): CREATE TABLE IF NOT EXISTS `receipts` (`id` UUID UNIQUE PRIMARY KEY, `donation_id` UUID NOT NULL REFERENCES `donations` (`id`), `receipt_number` VARCHAR(255) NOT NULL UNIQUE, `issue_date` DATETIME NOT NULL, `tax_year` INTEGER NOT NULL, `amount` DECIMAL(15,2) NOT NULL, `currency` VARCHAR(255) NOT NULL, `tax_deductible_amount` DECIMAL(15,2) NOT NULL, `gst_amount` DECIMAL(5,2), `donor` JSONB NOT NULL, `charity` JSONB NOT NULL, `pdf_url` VARCHAR(255) NOT NULL, `pdf_path` VARCHAR(255), `email_sent` TINYINT(1) DEFAULT 0, `email_sent_at` DATETIME, `downloaded` TINYINT(1) DEFAULT 0, `download_count` INTEGER DEFAULT '0', `last_downloaded_at` DATETIME, `notes` TEXT, `compliance` JSONB, `created_at` DATETIME NOT NULL, `updated_at` DATETIME NOT NULL);
Executing (default): INSERT INTO `receipts` SELECT `id`, `donation_id`, `receipt_number`, `issue_date`, `tax_year`, `amount`, `currency`, `tax_deductible_amount`, `gst_amount`, `donor`, `charity`, `pdf_url`, `pdf_path`, `email_sent`, `email_sent_at`, `downloaded`, `download_count`, `last_downloaded_at`, `notes`, `compliance`, `created_at`, `updated_at` FROM `receipts_backup`;
Executing (default): DROP TABLE `receipts_backup`;
Executing (default): PRAGMA TABLE_INFO(`receipts`);
Executing (default): PRAGMA INDEX_LIST(`receipts`)
Executing (default): PRAGMA INDEX_INFO(`sqlite_autoindex_receipts_1`)
Executing (default): PRAGMA INDEX_INFO(`sqlite_autoindex_receipts_2`)
Executing (default): PRAGMA foreign_key_list(`receipts`)
Executing (default): CREATE TABLE IF NOT EXISTS `receipts_backup` (`id` UUID UNIQUE PRIMARY KEY, `donation_id` UUID NOT NULL REFERENCES `donations` (`id`), `receipt_number` VARCHAR(255) NOT NULL UNIQUE, `issue_date` DATETIME NOT NULL, `tax_year` INTEGER NOT NULL, `amount` DECIMAL(15,2) NOT NULL, `currency` VARCHAR(255) NOT NULL, `tax_deductible_amount` DECIMAL(15,2) NOT NULL, `gst_amount` DECIMAL(5,2), `donor` JSONB NOT NULL, `charity` JSONB NOT NULL, `pdf_url` VARCHAR(255) NOT NULL, `pdf_path` VARCHAR(255), `email_sent` TINYINT(1) DEFAULT 0, `email_sent_at` DATETIME, `downloaded` TINYINT(1) DEFAULT 0, `download_count` INTEGER DEFAULT '0', `last_downloaded_at` DATETIME, `notes` TEXT, `compliance` JSONB, `created_at` DATETIME NOT NULL, `updated_at` DATETIME NOT NULL);
Executing (default): INSERT INTO `receipts_backup` SELECT `id`, `donation_id`, `receipt_number`, `issue_date`, `tax_year`, `amount`, `currency`, `tax_deductible_amount`, `gst_amount`, `donor`, `charity`, `pdf_url`, `pdf_path`, `email_sent`, `email_sent_at`, `downloaded`, `download_count`, `last_downloaded_at`, `notes`, `compliance`, `created_at`, `updated_at` FROM `receipts`;
Executing (default): DROP TABLE `receipts`;
Executing (default): CREATE TABLE IF NOT EXISTS `receipts` (`id` UUID UNIQUE PRIMARY KEY, `donation_id` UUID NOT NULL REFERENCES `donations` (`id`), `receipt_number` VARCHAR(255) NOT NULL UNIQUE, `issue_date` DATETIME NOT NULL, `tax_year` INTEGER NOT NULL, `amount` DECIMAL(15,2) NOT NULL, `currency` VARCHAR(255) NOT NULL, `tax_deductible_amount` DECIMAL(15,2) NOT NULL, `gst_amount` DECIMAL(5,2), `donor` JSONB NOT NULL, `charity` JSONB NOT NULL, `pdf_url` VARCHAR(255) NOT NULL, `pdf_path` VARCHAR(255), `email_sent` TINYINT(1) DEFAULT 0, `email_sent_at` DATETIME, `downloaded` TINYINT(1) DEFAULT 0, `download_count` INTEGER DEFAULT '0', `last_downloaded_at` DATETIME, `notes` TEXT, `compliance` JSONB, `created_at` DATETIME NOT NULL, `updated_at` DATETIME NOT NULL);
Executing (default): INSERT INTO `receipts` SELECT `id`, `donation_id`, `receipt_number`, `issue_date`, `tax_year`, `amount`, `currency`, `tax_deductible_amount`, `gst_amount`, `donor`, `charity`, `pdf_url`, `pdf_path`, `email_sent`, `email_sent_at`, `downloaded`, `download_count`, `last_downloaded_at`, `notes`, `compliance`, `created_at`, `updated_at` FROM `receipts_backup`;
Executing (default): DROP TABLE `receipts_backup`;
Executing (default): PRAGMA TABLE_INFO(`receipts`);
Executing (default): PRAGMA INDEX_LIST(`receipts`)
Executing (default): PRAGMA INDEX_INFO(`sqlite_autoindex_receipts_1`)
Executing (default): PRAGMA INDEX_INFO(`sqlite_autoindex_receipts_2`)
Executing (default): PRAGMA foreign_key_list(`receipts`)
Executing (default): CREATE TABLE IF NOT EXISTS `receipts_backup` (`id` UUID UNIQUE PRIMARY KEY, `donation_id` UUID NOT NULL REFERENCES `donations` (`id`), `receipt_number` VARCHAR(255) NOT NULL UNIQUE, `issue_date` DATETIME NOT NULL, `tax_year` INTEGER NOT NULL, `amount` DECIMAL(15,2) NOT NULL, `currency` VARCHAR(255) NOT NULL, `tax_deductible_amount` DECIMAL(15,2) NOT NULL, `gst_amount` DECIMAL(5,2), `donor` JSONB NOT NULL, `charity` JSONB NOT NULL, `pdf_url` VARCHAR(255) NOT NULL, `pdf_path` VARCHAR(255), `email_sent` TINYINT(1) DEFAULT 0, `email_sent_at` DATETIME, `downloaded` TINYINT(1) DEFAULT 0, `download_count` INTEGER DEFAULT '0', `last_downloaded_at` DATETIME, `notes` TEXT, `compliance` JSONB, `created_at` DATETIME NOT NULL, `updated_at` DATETIME NOT NULL);
Executing (default): INSERT INTO `receipts_backup` SELECT `id`, `donation_id`, `receipt_number`, `issue_date`, `tax_year`, `amount`, `currency`, `tax_deductible_amount`, `gst_amount`, `donor`, `charity`, `pdf_url`, `pdf_path`, `email_sent`, `email_sent_at`, `downloaded`, `download_count`, `last_downloaded_at`, `notes`, `compliance`, `created_at`, `updated_at` FROM `receipts`;
Executing (default): DROP TABLE `receipts`;
Executing (default): CREATE TABLE IF NOT EXISTS `receipts` (`id` UUID UNIQUE PRIMARY KEY, `donation_id` UUID NOT NULL REFERENCES `donations` (`id`), `receipt_number` VARCHAR(255) NOT NULL UNIQUE, `issue_date` DATETIME NOT NULL, `tax_year` INTEGER NOT NULL, `amount` DECIMAL(15,2) NOT NULL, `currency` VARCHAR(255) NOT NULL, `tax_deductible_amount` DECIMAL(15,2) NOT NULL, `gst_amount` DECIMAL(5,2), `donor` JSONB NOT NULL, `charity` JSONB NOT NULL, `pdf_url` VARCHAR(255) NOT NULL, `pdf_path` VARCHAR(255), `email_sent` TINYINT(1) DEFAULT 0, `email_sent_at` DATETIME, `downloaded` TINYINT(1) DEFAULT 0, `download_count` INTEGER DEFAULT '0', `last_downloaded_at` DATETIME, `notes` TEXT, `compliance` JSONB, `created_at` DATETIME NOT NULL, `updated_at` DATETIME NOT NULL);
Executing (default): INSERT INTO `receipts` SELECT `id`, `donation_id`, `receipt_number`, `issue_date`, `tax_year`, `amount`, `currency`, `tax_deductible_amount`, `gst_amount`, `donor`, `charity`, `pdf_url`, `pdf_path`, `email_sent`, `email_sent_at`, `downloaded`, `download_count`, `last_downloaded_at`, `notes`, `compliance`, `created_at`, `updated_at` FROM `receipts_backup`;
Executing (default): DROP TABLE `receipts_backup`;
Executing (default): PRAGMA TABLE_INFO(`receipts`);
Executing (default): PRAGMA INDEX_LIST(`receipts`)
Executing (default): PRAGMA INDEX_INFO(`sqlite_autoindex_receipts_1`)
Executing (default): PRAGMA INDEX_INFO(`sqlite_autoindex_receipts_2`)
Executing (default): PRAGMA foreign_key_list(`receipts`)
Executing (default): CREATE TABLE IF NOT EXISTS `receipts_backup` (`id` UUID UNIQUE PRIMARY KEY, `donation_id` UUID NOT NULL REFERENCES `donations` (`id`), `receipt_number` VARCHAR(255) NOT NULL UNIQUE, `issue_date` DATETIME NOT NULL, `tax_year` INTEGER NOT NULL, `amount` DECIMAL(15,2) NOT NULL, `currency` VARCHAR(255) NOT NULL, `tax_deductible_amount` DECIMAL(15,2) NOT NULL, `gst_amount` DECIMAL(5,2), `donor` JSONB NOT NULL, `charity` JSONB NOT NULL, `pdf_url` VARCHAR(255) NOT NULL, `pdf_path` VARCHAR(255), `email_sent` TINYINT(1) DEFAULT 0, `email_sent_at` DATETIME, `downloaded` TINYINT(1) DEFAULT 0, `download_count` INTEGER DEFAULT '0', `last_downloaded_at` DATETIME, `notes` TEXT, `compliance` JSONB, `created_at` DATETIME NOT NULL, `updated_at` DATETIME NOT NULL);
Executing (default): INSERT INTO `receipts_backup` SELECT `id`, `donation_id`, `receipt_number`, `issue_date`, `tax_year`, `amount`, `currency`, `tax_deductible_amount`, `gst_amount`, `donor`, `charity`, `pdf_url`, `pdf_path`, `email_sent`, `email_sent_at`, `downloaded`, `download_count`, `last_downloaded_at`, `notes`, `compliance`, `created_at`, `updated_at` FROM `receipts`;
Executing (default): DROP TABLE `receipts`;
Executing (default): CREATE TABLE IF NOT EXISTS `receipts` (`id` UUID UNIQUE PRIMARY KEY, `donation_id` UUID NOT NULL REFERENCES `donations` (`id`), `receipt_number` VARCHAR(255) NOT NULL UNIQUE, `issue_date` DATETIME NOT NULL, `tax_year` INTEGER NOT NULL, `amount` DECIMAL(15,2) NOT NULL, `currency` VARCHAR(255) NOT NULL, `tax_deductible_amount` DECIMAL(15,2) NOT NULL, `gst_amount` DECIMAL(5,2), `donor` JSONB NOT NULL, `charity` JSONB NOT NULL, `pdf_url` VARCHAR(255) NOT NULL, `pdf_path` VARCHAR(255), `email_sent` TINYINT(1) DEFAULT 0, `email_sent_at` DATETIME, `downloaded` TINYINT(1) DEFAULT 0, `download_count` INTEGER DEFAULT '0', `last_downloaded_at` DATETIME, `notes` TEXT, `compliance` JSONB, `created_at` DATETIME NOT NULL, `updated_at` DATETIME NOT NULL);
Executing (default): INSERT INTO `receipts` SELECT `id`, `donation_id`, `receipt_number`, `issue_date`, `tax_year`, `amount`, `currency`, `tax_deductible_amount`, `gst_amount`, `donor`, `charity`, `pdf_url`, `pdf_path`, `email_sent`, `email_sent_at`, `downloaded`, `download_count`, `last_downloaded_at`, `notes`, `compliance`, `created_at`, `updated_at` FROM `receipts_backup`;
Executing (default): DROP TABLE `receipts_backup`;
Executing (default): PRAGMA TABLE_INFO(`receipts`);
Executing (default): PRAGMA INDEX_LIST(`receipts`)
Executing (default): PRAGMA INDEX_INFO(`sqlite_autoindex_receipts_1`)
Executing (default): PRAGMA INDEX_INFO(`sqlite_autoindex_receipts_2`)
Executing (default): PRAGMA foreign_key_list(`receipts`)
Executing (default): CREATE TABLE IF NOT EXISTS `receipts_backup` (`id` UUID UNIQUE PRIMARY KEY, `donation_id` UUID NOT NULL REFERENCES `donations` (`id`), `receipt_number` VARCHAR(255) NOT NULL UNIQUE, `issue_date` DATETIME NOT NULL, `tax_year` INTEGER NOT NULL, `amount` DECIMAL(15,2) NOT NULL, `currency` VARCHAR(255) NOT NULL, `tax_deductible_amount` DECIMAL(15,2) NOT NULL, `gst_amount` DECIMAL(5,2), `donor` JSONB NOT NULL, `charity` JSONB NOT NULL, `pdf_url` VARCHAR(255) NOT NULL, `pdf_path` VARCHAR(255), `email_sent` TINYINT(1) DEFAULT 0, `email_sent_at` DATETIME, `downloaded` TINYINT(1) DEFAULT 0, `download_count` INTEGER DEFAULT '0', `last_downloaded_at` DATETIME, `notes` TEXT, `compliance` JSONB, `created_at` DATETIME NOT NULL, `updated_at` DATETIME NOT NULL);
Executing (default): INSERT INTO `receipts_backup` SELECT `id`, `donation_id`, `receipt_number`, `issue_date`, `tax_year`, `amount`, `currency`, `tax_deductible_amount`, `gst_amount`, `donor`, `charity`, `pdf_url`, `pdf_path`, `email_sent`, `email_sent_at`, `downloaded`, `download_count`, `last_downloaded_at`, `notes`, `compliance`, `created_at`, `updated_at` FROM `receipts`;
Executing (default): DROP TABLE `receipts`;
Executing (default): CREATE TABLE IF NOT EXISTS `receipts` (`id` UUID UNIQUE PRIMARY KEY, `donation_id` UUID NOT NULL REFERENCES `donations` (`id`), `receipt_number` VARCHAR(255) NOT NULL UNIQUE, `issue_date` DATETIME NOT NULL, `tax_year` INTEGER NOT NULL, `amount` DECIMAL(15,2) NOT NULL, `currency` VARCHAR(255) NOT NULL, `tax_deductible_amount` DECIMAL(15,2) NOT NULL, `gst_amount` DECIMAL(5,2), `donor` JSONB NOT NULL, `charity` JSONB NOT NULL, `pdf_url` VARCHAR(255) NOT NULL, `pdf_path` VARCHAR(255), `email_sent` TINYINT(1) DEFAULT 0, `email_sent_at` DATETIME, `downloaded` TINYINT(1) DEFAULT 0, `download_count` INTEGER DEFAULT '0', `last_downloaded_at` DATETIME, `notes` TEXT, `compliance` JSONB, `created_at` DATETIME NOT NULL, `updated_at` DATETIME NOT NULL);
Executing (default): INSERT INTO `receipts` SELECT `id`, `donation_id`, `receipt_number`, `issue_date`, `tax_year`, `amount`, `currency`, `tax_deductible_amount`, `gst_amount`, `donor`, `charity`, `pdf_url`, `pdf_path`, `email_sent`, `email_sent_at`, `downloaded`, `download_count`, `last_downloaded_at`, `notes`, `compliance`, `created_at`, `updated_at` FROM `receipts_backup`;
Executing (default): DROP TABLE `receipts_backup`;
Executing (default): PRAGMA TABLE_INFO(`receipts`);
Executing (default): PRAGMA INDEX_LIST(`receipts`)
Executing (default): PRAGMA INDEX_INFO(`sqlite_autoindex_receipts_1`)
Executing (default): PRAGMA INDEX_INFO(`sqlite_autoindex_receipts_2`)
Executing (default): PRAGMA foreign_key_list(`receipts`)
Executing (default): CREATE TABLE IF NOT EXISTS `receipts_backup` (`id` UUID UNIQUE PRIMARY KEY, `donation_id` UUID NOT NULL REFERENCES `donations` (`id`), `receipt_number` VARCHAR(255) NOT NULL UNIQUE, `issue_date` DATETIME NOT NULL, `tax_year` INTEGER NOT NULL, `amount` DECIMAL(15,2) NOT NULL, `currency` VARCHAR(255) NOT NULL, `tax_deductible_amount` DECIMAL(15,2) NOT NULL, `gst_amount` DECIMAL(5,2), `donor` JSONB NOT NULL, `charity` JSONB NOT NULL, `pdf_url` VARCHAR(255) NOT NULL, `pdf_path` VARCHAR(255), `email_sent` TINYINT(1) DEFAULT 0, `email_sent_at` DATETIME, `downloaded` TINYINT(1) DEFAULT 0, `download_count` INTEGER DEFAULT '0', `last_downloaded_at` DATETIME, `notes` TEXT, `compliance` JSONB, `created_at` DATETIME NOT NULL, `updated_at` DATETIME NOT NULL);
Executing (default): INSERT INTO `receipts_backup` SELECT `id`, `donation_id`, `receipt_number`, `issue_date`, `tax_year`, `amount`, `currency`, `tax_deductible_amount`, `gst_amount`, `donor`, `charity`, `pdf_url`, `pdf_path`, `email_sent`, `email_sent_at`, `downloaded`, `download_count`, `last_downloaded_at`, `notes`, `compliance`, `created_at`, `updated_at` FROM `receipts`;
Executing (default): DROP TABLE `receipts`;
Executing (default): CREATE TABLE IF NOT EXISTS `receipts` (`id` UUID UNIQUE PRIMARY KEY, `donation_id` UUID NOT NULL REFERENCES `donations` (`id`), `receipt_number` VARCHAR(255) NOT NULL UNIQUE, `issue_date` DATETIME NOT NULL, `tax_year` INTEGER NOT NULL, `amount` DECIMAL(15,2) NOT NULL, `currency` VARCHAR(255) NOT NULL, `tax_deductible_amount` DECIMAL(15,2) NOT NULL, `gst_amount` DECIMAL(5,2), `donor` JSONB NOT NULL, `charity` JSONB NOT NULL, `pdf_url` VARCHAR(255) NOT NULL, `pdf_path` VARCHAR(255), `email_sent` TINYINT(1) DEFAULT 0, `email_sent_at` DATETIME, `downloaded` TINYINT(1) DEFAULT 0, `download_count` INTEGER DEFAULT '0', `last_downloaded_at` DATETIME, `notes` TEXT, `compliance` JSONB, `created_at` DATETIME NOT NULL, `updated_at` DATETIME NOT NULL);
Executing (default): INSERT INTO `receipts` SELECT `id`, `donation_id`, `receipt_number`, `issue_date`, `tax_year`, `amount`, `currency`, `tax_deductible_amount`, `gst_amount`, `donor`, `charity`, `pdf_url`, `pdf_path`, `email_sent`, `email_sent_at`, `downloaded`, `download_count`, `last_downloaded_at`, `notes`, `compliance`, `created_at`, `updated_at` FROM `receipts_backup`;
Executing (default): DROP TABLE `receipts_backup`;
Executing (default): PRAGMA TABLE_INFO(`receipts`);
Executing (default): PRAGMA INDEX_LIST(`receipts`)
Executing (default): PRAGMA INDEX_INFO(`sqlite_autoindex_receipts_1`)
Executing (default): PRAGMA INDEX_INFO(`sqlite_autoindex_receipts_2`)
Executing (default): PRAGMA foreign_key_list(`receipts`)
Executing (default): CREATE TABLE IF NOT EXISTS `receipts_backup` (`id` UUID UNIQUE PRIMARY KEY, `donation_id` UUID NOT NULL REFERENCES `donations` (`id`), `receipt_number` VARCHAR(255) NOT NULL UNIQUE, `issue_date` DATETIME NOT NULL, `tax_year` INTEGER NOT NULL, `amount` DECIMAL(15,2) NOT NULL, `currency` VARCHAR(255) NOT NULL, `tax_deductible_amount` DECIMAL(15,2) NOT NULL, `gst_amount` DECIMAL(5,2), `donor` JSONB NOT NULL, `charity` JSONB NOT NULL, `pdf_url` VARCHAR(255) NOT NULL, `pdf_path` VARCHAR(255), `email_sent` TINYINT(1) DEFAULT 0, `email_sent_at` DATETIME, `downloaded` TINYINT(1) DEFAULT 0, `download_count` INTEGER DEFAULT '0', `last_downloaded_at` DATETIME, `notes` TEXT, `compliance` JSONB, `created_at` DATETIME NOT NULL, `updated_at` DATETIME NOT NULL);
Executing (default): INSERT INTO `receipts_backup` SELECT `id`, `donation_id`, `receipt_number`, `issue_date`, `tax_year`, `amount`, `currency`, `tax_deductible_amount`, `gst_amount`, `donor`, `charity`, `pdf_url`, `pdf_path`, `email_sent`, `email_sent_at`, `downloaded`, `download_count`, `last_downloaded_at`, `notes`, `compliance`, `created_at`, `updated_at` FROM `receipts`;
Executing (default): DROP TABLE `receipts`;
Executing (default): CREATE TABLE IF NOT EXISTS `receipts` (`id` UUID UNIQUE PRIMARY KEY, `donation_id` UUID NOT NULL REFERENCES `donations` (`id`), `receipt_number` VARCHAR(255) NOT NULL UNIQUE, `issue_date` DATETIME NOT NULL, `tax_year` INTEGER NOT NULL, `amount` DECIMAL(15,2) NOT NULL, `currency` VARCHAR(255) NOT NULL, `tax_deductible_amount` DECIMAL(15,2) NOT NULL, `gst_amount` DECIMAL(5,2), `donor` JSONB NOT NULL, `charity` JSONB NOT NULL, `pdf_url` VARCHAR(255) NOT NULL, `pdf_path` VARCHAR(255), `email_sent` TINYINT(1) DEFAULT 0, `email_sent_at` DATETIME, `downloaded` TINYINT(1) DEFAULT 0, `download_count` INTEGER DEFAULT '0', `last_downloaded_at` DATETIME, `notes` TEXT, `compliance` JSONB, `created_at` DATETIME NOT NULL, `updated_at` DATETIME NOT NULL);
Executing (default): INSERT INTO `receipts` SELECT `id`, `donation_id`, `receipt_number`, `issue_date`, `tax_year`, `amount`, `currency`, `tax_deductible_amount`, `gst_amount`, `donor`, `charity`, `pdf_url`, `pdf_path`, `email_sent`, `email_sent_at`, `downloaded`, `download_count`, `last_downloaded_at`, `notes`, `compliance`, `created_at`, `updated_at` FROM `receipts_backup`;
Executing (default): DROP TABLE `receipts_backup`;
Executing (default): PRAGMA TABLE_INFO(`receipts`);
Executing (default): PRAGMA INDEX_LIST(`receipts`)
Executing (default): PRAGMA INDEX_INFO(`sqlite_autoindex_receipts_1`)
Executing (default): PRAGMA INDEX_INFO(`sqlite_autoindex_receipts_2`)
Executing (default): PRAGMA foreign_key_list(`receipts`)
Executing (default): CREATE TABLE IF NOT EXISTS `receipts_backup` (`id` UUID UNIQUE PRIMARY KEY, `donation_id` UUID NOT NULL REFERENCES `donations` (`id`), `receipt_number` VARCHAR(255) NOT NULL UNIQUE, `issue_date` DATETIME NOT NULL, `tax_year` INTEGER NOT NULL, `amount` DECIMAL(15,2) NOT NULL, `currency` VARCHAR(255) NOT NULL, `tax_deductible_amount` DECIMAL(15,2) NOT NULL, `gst_amount` DECIMAL(5,2), `donor` JSONB NOT NULL, `charity` JSONB NOT NULL, `pdf_url` VARCHAR(255) NOT NULL, `pdf_path` VARCHAR(255), `email_sent` TINYINT(1) DEFAULT 0, `email_sent_at` DATETIME, `downloaded` TINYINT(1) DEFAULT 0, `download_count` INTEGER DEFAULT '0', `last_downloaded_at` DATETIME, `notes` TEXT, `compliance` JSONB, `created_at` DATETIME NOT NULL, `updated_at` DATETIME NOT NULL);
Executing (default): INSERT INTO `receipts_backup` SELECT `id`, `donation_id`, `receipt_number`, `issue_date`, `tax_year`, `amount`, `currency`, `tax_deductible_amount`, `gst_amount`, `donor`, `charity`, `pdf_url`, `pdf_path`, `email_sent`, `email_sent_at`, `downloaded`, `download_count`, `last_downloaded_at`, `notes`, `compliance`, `created_at`, `updated_at` FROM `receipts`;
Executing (default): DROP TABLE `receipts`;
Executing (default): CREATE TABLE IF NOT EXISTS `receipts` (`id` UUID UNIQUE PRIMARY KEY, `donation_id` UUID NOT NULL REFERENCES `donations` (`id`), `receipt_number` VARCHAR(255) NOT NULL UNIQUE, `issue_date` DATETIME NOT NULL, `tax_year` INTEGER NOT NULL, `amount` DECIMAL(15,2) NOT NULL, `currency` VARCHAR(255) NOT NULL, `tax_deductible_amount` DECIMAL(15,2) NOT NULL, `gst_amount` DECIMAL(5,2), `donor` JSONB NOT NULL, `charity` JSONB NOT NULL, `pdf_url` VARCHAR(255) NOT NULL, `pdf_path` VARCHAR(255), `email_sent` TINYINT(1) DEFAULT 0, `email_sent_at` DATETIME, `downloaded` TINYINT(1) DEFAULT 0, `download_count` INTEGER DEFAULT '0', `last_downloaded_at` DATETIME, `notes` TEXT, `compliance` JSONB, `created_at` DATETIME NOT NULL, `updated_at` DATETIME NOT NULL);
Executing (default): INSERT INTO `receipts` SELECT `id`, `donation_id`, `receipt_number`, `issue_date`, `tax_year`, `amount`, `currency`, `tax_deductible_amount`, `gst_amount`, `donor`, `charity`, `pdf_url`, `pdf_path`, `email_sent`, `email_sent_at`, `downloaded`, `download_count`, `last_downloaded_at`, `notes`, `compliance`, `created_at`, `updated_at` FROM `receipts_backup`;
Executing (default): DROP TABLE `receipts_backup`;
Executing (default): PRAGMA TABLE_INFO(`receipts`);
Executing (default): PRAGMA INDEX_LIST(`receipts`)
Executing (default): PRAGMA INDEX_INFO(`sqlite_autoindex_receipts_1`)
Executing (default): PRAGMA INDEX_INFO(`sqlite_autoindex_receipts_2`)
Executing (default): PRAGMA foreign_key_list(`receipts`)
Executing (default): CREATE TABLE IF NOT EXISTS `receipts_backup` (`id` UUID UNIQUE PRIMARY KEY, `donation_id` UUID NOT NULL REFERENCES `donations` (`id`), `receipt_number` VARCHAR(255) NOT NULL UNIQUE, `issue_date` DATETIME NOT NULL, `tax_year` INTEGER NOT NULL, `amount` DECIMAL(15,2) NOT NULL, `currency` VARCHAR(255) NOT NULL, `tax_deductible_amount` DECIMAL(15,2) NOT NULL, `gst_amount` DECIMAL(5,2), `donor` JSONB NOT NULL, `charity` JSONB NOT NULL, `pdf_url` VARCHAR(255) NOT NULL, `pdf_path` VARCHAR(255), `email_sent` TINYINT(1) DEFAULT 0, `email_sent_at` DATETIME, `downloaded` TINYINT(1) DEFAULT 0, `download_count` INTEGER DEFAULT '0', `last_downloaded_at` DATETIME, `notes` TEXT, `compliance` JSONB, `created_at` DATETIME NOT NULL, `updated_at` DATETIME NOT NULL);
Executing (default): INSERT INTO `receipts_backup` SELECT `id`, `donation_id`, `receipt_number`, `issue_date`, `tax_year`, `amount`, `currency`, `tax_deductible_amount`, `gst_amount`, `donor`, `charity`, `pdf_url`, `pdf_path`, `email_sent`, `email_sent_at`, `downloaded`, `download_count`, `last_downloaded_at`, `notes`, `compliance`, `created_at`, `updated_at` FROM `receipts`;
Executing (default): DROP TABLE `receipts`;
Executing (default): CREATE TABLE IF NOT EXISTS `receipts` (`id` UUID UNIQUE PRIMARY KEY, `donation_id` UUID NOT NULL REFERENCES `donations` (`id`), `receipt_number` VARCHAR(255) NOT NULL UNIQUE, `issue_date` DATETIME NOT NULL, `tax_year` INTEGER NOT NULL, `amount` DECIMAL(15,2) NOT NULL, `currency` VARCHAR(255) NOT NULL, `tax_deductible_amount` DECIMAL(15,2) NOT NULL, `gst_amount` DECIMAL(5,2), `donor` JSONB NOT NULL, `charity` JSONB NOT NULL, `pdf_url` VARCHAR(255) NOT NULL, `pdf_path` VARCHAR(255), `email_sent` TINYINT(1) DEFAULT 0, `email_sent_at` DATETIME, `downloaded` TINYINT(1) DEFAULT 0, `download_count` INTEGER DEFAULT '0', `last_downloaded_at` DATETIME, `notes` TEXT, `compliance` JSONB, `created_at` DATETIME NOT NULL, `updated_at` DATETIME NOT NULL);
Executing (default): INSERT INTO `receipts` SELECT `id`, `donation_id`, `receipt_number`, `issue_date`, `tax_year`, `amount`, `currency`, `tax_deductible_amount`, `gst_amount`, `donor`, `charity`, `pdf_url`, `pdf_path`, `email_sent`, `email_sent_at`, `downloaded`, `download_count`, `last_downloaded_at`, `notes`, `compliance`, `created_at`, `updated_at` FROM `receipts_backup`;
Executing (default): DROP TABLE `receipts_backup`;
Executing (default): PRAGMA TABLE_INFO(`receipts`);
Executing (default): PRAGMA INDEX_LIST(`receipts`)
Executing (default): PRAGMA INDEX_INFO(`sqlite_autoindex_receipts_1`)
Executing (default): PRAGMA INDEX_INFO(`sqlite_autoindex_receipts_2`)
Executing (default): PRAGMA foreign_key_list(`receipts`)
Executing (default): CREATE TABLE IF NOT EXISTS `receipts_backup` (`id` UUID UNIQUE PRIMARY KEY, `donation_id` UUID NOT NULL REFERENCES `donations` (`id`), `receipt_number` VARCHAR(255) NOT NULL UNIQUE, `issue_date` DATETIME NOT NULL, `tax_year` INTEGER NOT NULL, `amount` DECIMAL(15,2) NOT NULL, `currency` VARCHAR(255) NOT NULL, `tax_deductible_amount` DECIMAL(15,2) NOT NULL, `gst_amount` DECIMAL(5,2), `donor` JSONB NOT NULL, `charity` JSONB NOT NULL, `pdf_url` VARCHAR(255) NOT NULL, `pdf_path` VARCHAR(255), `email_sent` TINYINT(1) DEFAULT 0, `email_sent_at` DATETIME, `downloaded` TINYINT(1) DEFAULT 0, `download_count` INTEGER DEFAULT '0', `last_downloaded_at` DATETIME, `notes` TEXT, `compliance` JSONB, `created_at` DATETIME NOT NULL, `updated_at` DATETIME NOT NULL);
Executing (default): INSERT INTO `receipts_backup` SELECT `id`, `donation_id`, `receipt_number`, `issue_date`, `tax_year`, `amount`, `currency`, `tax_deductible_amount`, `gst_amount`, `donor`, `charity`, `pdf_url`, `pdf_path`, `email_sent`, `email_sent_at`, `downloaded`, `download_count`, `last_downloaded_at`, `notes`, `compliance`, `created_at`, `updated_at` FROM `receipts`;
Executing (default): DROP TABLE `receipts`;
Executing (default): CREATE TABLE IF NOT EXISTS `receipts` (`id` UUID UNIQUE PRIMARY KEY, `donation_id` UUID NOT NULL REFERENCES `donations` (`id`), `receipt_number` VARCHAR(255) NOT NULL UNIQUE, `issue_date` DATETIME NOT NULL, `tax_year` INTEGER NOT NULL, `amount` DECIMAL(15,2) NOT NULL, `currency` VARCHAR(255) NOT NULL, `tax_deductible_amount` DECIMAL(15,2) NOT NULL, `gst_amount` DECIMAL(5,2), `donor` JSONB NOT NULL, `charity` JSONB NOT NULL, `pdf_url` VARCHAR(255) NOT NULL, `pdf_path` VARCHAR(255), `email_sent` TINYINT(1) DEFAULT 0, `email_sent_at` DATETIME, `downloaded` TINYINT(1) DEFAULT 0, `download_count` INTEGER DEFAULT '0', `last_downloaded_at` DATETIME, `notes` TEXT, `compliance` JSONB, `created_at` DATETIME NOT NULL, `updated_at` DATETIME NOT NULL);
Executing (default): INSERT INTO `receipts` SELECT `id`, `donation_id`, `receipt_number`, `issue_date`, `tax_year`, `amount`, `currency`, `tax_deductible_amount`, `gst_amount`, `donor`, `charity`, `pdf_url`, `pdf_path`, `email_sent`, `email_sent_at`, `downloaded`, `download_count`, `last_downloaded_at`, `notes`, `compliance`, `created_at`, `updated_at` FROM `receipts_backup`;
Executing (default): DROP TABLE `receipts_backup`;
Executing (default): PRAGMA TABLE_INFO(`receipts`);
Executing (default): PRAGMA INDEX_LIST(`receipts`)
Executing (default): PRAGMA INDEX_INFO(`sqlite_autoindex_receipts_1`)
Executing (default): PRAGMA INDEX_INFO(`sqlite_autoindex_receipts_2`)
Executing (default): PRAGMA foreign_key_list(`receipts`)
Executing (default): CREATE TABLE IF NOT EXISTS `receipts_backup` (`id` UUID UNIQUE PRIMARY KEY, `donation_id` UUID NOT NULL REFERENCES `donations` (`id`), `receipt_number` VARCHAR(255) NOT NULL UNIQUE, `issue_date` DATETIME NOT NULL, `tax_year` INTEGER NOT NULL, `amount` DECIMAL(15,2) NOT NULL, `currency` VARCHAR(255) NOT NULL, `tax_deductible_amount` DECIMAL(15,2) NOT NULL, `gst_amount` DECIMAL(5,2), `donor` JSONB NOT NULL, `charity` JSONB NOT NULL, `pdf_url` VARCHAR(255) NOT NULL, `pdf_path` VARCHAR(255), `email_sent` TINYINT(1) DEFAULT 0, `email_sent_at` DATETIME, `downloaded` TINYINT(1) DEFAULT 0, `download_count` INTEGER DEFAULT '0', `last_downloaded_at` DATETIME, `notes` TEXT, `compliance` JSONB, `created_at` DATETIME NOT NULL, `updated_at` DATETIME NOT NULL);
Executing (default): INSERT INTO `receipts_backup` SELECT `id`, `donation_id`, `receipt_number`, `issue_date`, `tax_year`, `amount`, `currency`, `tax_deductible_amount`, `gst_amount`, `donor`, `charity`, `pdf_url`, `pdf_path`, `email_sent`, `email_sent_at`, `downloaded`, `download_count`, `last_downloaded_at`, `notes`, `compliance`, `created_at`, `updated_at` FROM `receipts`;
Executing (default): DROP TABLE `receipts`;
Executing (default): CREATE TABLE IF NOT EXISTS `receipts` (`id` UUID UNIQUE PRIMARY KEY, `donation_id` UUID NOT NULL REFERENCES `donations` (`id`), `receipt_number` VARCHAR(255) NOT NULL UNIQUE, `issue_date` DATETIME NOT NULL, `tax_year` INTEGER NOT NULL, `amount` DECIMAL(15,2) NOT NULL, `currency` VARCHAR(255) NOT NULL, `tax_deductible_amount` DECIMAL(15,2) NOT NULL, `gst_amount` DECIMAL(5,2), `donor` JSONB NOT NULL, `charity` JSONB NOT NULL, `pdf_url` VARCHAR(255) NOT NULL, `pdf_path` VARCHAR(255), `email_sent` TINYINT(1) DEFAULT 0, `email_sent_at` DATETIME, `downloaded` TINYINT(1) DEFAULT 0, `download_count` INTEGER DEFAULT '0', `last_downloaded_at` DATETIME, `notes` TEXT, `compliance` JSONB, `created_at` DATETIME NOT NULL, `updated_at` DATETIME NOT NULL);
Executing (default): INSERT INTO `receipts` SELECT `id`, `donation_id`, `receipt_number`, `issue_date`, `tax_year`, `amount`, `currency`, `tax_deductible_amount`, `gst_amount`, `donor`, `charity`, `pdf_url`, `pdf_path`, `email_sent`, `email_sent_at`, `downloaded`, `download_count`, `last_downloaded_at`, `notes`, `compliance`, `created_at`, `updated_at` FROM `receipts_backup`;
Executing (default): DROP TABLE `receipts_backup`;
Executing (default): PRAGMA TABLE_INFO(`receipts`);
Executing (default): PRAGMA INDEX_LIST(`receipts`)
Executing (default): PRAGMA INDEX_INFO(`sqlite_autoindex_receipts_1`)
Executing (default): PRAGMA INDEX_INFO(`sqlite_autoindex_receipts_2`)
Executing (default): PRAGMA foreign_key_list(`receipts`)
Executing (default): CREATE TABLE IF NOT EXISTS `receipts_backup` (`id` UUID UNIQUE PRIMARY KEY, `donation_id` UUID NOT NULL REFERENCES `donations` (`id`), `receipt_number` VARCHAR(255) NOT NULL UNIQUE, `issue_date` DATETIME NOT NULL, `tax_year` INTEGER NOT NULL, `amount` DECIMAL(15,2) NOT NULL, `currency` VARCHAR(255) NOT NULL, `tax_deductible_amount` DECIMAL(15,2) NOT NULL, `gst_amount` DECIMAL(5,2), `donor` JSONB NOT NULL, `charity` JSONB NOT NULL, `pdf_url` VARCHAR(255) NOT NULL, `pdf_path` VARCHAR(255), `email_sent` TINYINT(1) DEFAULT 0, `email_sent_at` DATETIME, `downloaded` TINYINT(1) DEFAULT 0, `download_count` INTEGER DEFAULT '0', `last_downloaded_at` DATETIME, `notes` TEXT, `compliance` JSONB, `created_at` DATETIME NOT NULL, `updated_at` DATETIME NOT NULL);
Executing (default): INSERT INTO `receipts_backup` SELECT `id`, `donation_id`, `receipt_number`, `issue_date`, `tax_year`, `amount`, `currency`, `tax_deductible_amount`, `gst_amount`, `donor`, `charity`, `pdf_url`, `pdf_path`, `email_sent`, `email_sent_at`, `downloaded`, `download_count`, `last_downloaded_at`, `notes`, `compliance`, `created_at`, `updated_at` FROM `receipts`;
Executing (default): DROP TABLE `receipts`;
Executing (default): CREATE TABLE IF NOT EXISTS `receipts` (`id` UUID UNIQUE PRIMARY KEY, `donation_id` UUID NOT NULL REFERENCES `donations` (`id`), `receipt_number` VARCHAR(255) NOT NULL UNIQUE, `issue_date` DATETIME NOT NULL, `tax_year` INTEGER NOT NULL, `amount` DECIMAL(15,2) NOT NULL, `currency` VARCHAR(255) NOT NULL, `tax_deductible_amount` DECIMAL(15,2) NOT NULL, `gst_amount` DECIMAL(5,2), `donor` JSONB NOT NULL, `charity` JSONB NOT NULL, `pdf_url` VARCHAR(255) NOT NULL, `pdf_path` VARCHAR(255), `email_sent` TINYINT(1) DEFAULT 0, `email_sent_at` DATETIME, `downloaded` TINYINT(1) DEFAULT 0, `download_count` INTEGER DEFAULT '0', `last_downloaded_at` DATETIME, `notes` TEXT, `compliance` JSONB, `created_at` DATETIME NOT NULL, `updated_at` DATETIME NOT NULL);
Executing (default): INSERT INTO `receipts` SELECT `id`, `donation_id`, `receipt_number`, `issue_date`, `tax_year`, `amount`, `currency`, `tax_deductible_amount`, `gst_amount`, `donor`, `charity`, `pdf_url`, `pdf_path`, `email_sent`, `email_sent_at`, `downloaded`, `download_count`, `last_downloaded_at`, `notes`, `compliance`, `created_at`, `updated_at` FROM `receipts_backup`;
Executing (default): DROP TABLE `receipts_backup`;
Executing (default): PRAGMA TABLE_INFO(`receipts`);
Executing (default): PRAGMA INDEX_LIST(`receipts`)
Executing (default): PRAGMA INDEX_INFO(`sqlite_autoindex_receipts_1`)
Executing (default): PRAGMA INDEX_INFO(`sqlite_autoindex_receipts_2`)
Executing (default): PRAGMA foreign_key_list(`receipts`)
Executing (default): CREATE TABLE IF NOT EXISTS `receipts_backup` (`id` UUID UNIQUE PRIMARY KEY, `donation_id` UUID NOT NULL REFERENCES `donations` (`id`), `receipt_number` VARCHAR(255) NOT NULL UNIQUE, `issue_date` DATETIME NOT NULL, `tax_year` INTEGER NOT NULL, `amount` DECIMAL(15,2) NOT NULL, `currency` VARCHAR(255) NOT NULL, `tax_deductible_amount` DECIMAL(15,2) NOT NULL, `gst_amount` DECIMAL(5,2), `donor` JSONB NOT NULL, `charity` JSONB NOT NULL, `pdf_url` VARCHAR(255) NOT NULL, `pdf_path` VARCHAR(255), `email_sent` TINYINT(1) DEFAULT 0, `email_sent_at` DATETIME, `downloaded` TINYINT(1) DEFAULT 0, `download_count` INTEGER DEFAULT 0, `last_downloaded_at` DATETIME, `notes` TEXT, `compliance` JSONB, `created_at` DATETIME NOT NULL, `updated_at` DATETIME NOT NULL);
Executing (default): INSERT INTO `receipts_backup` SELECT `id`, `donation_id`, `receipt_number`, `issue_date`, `tax_year`, `amount`, `currency`, `tax_deductible_amount`, `gst_amount`, `donor`, `charity`, `pdf_url`, `pdf_path`, `email_sent`, `email_sent_at`, `downloaded`, `download_count`, `last_downloaded_at`, `notes`, `compliance`, `created_at`, `updated_at` FROM `receipts`;
Executing (default): DROP TABLE `receipts`;
Executing (default): CREATE TABLE IF NOT EXISTS `receipts` (`id` UUID UNIQUE PRIMARY KEY, `donation_id` UUID NOT NULL REFERENCES `donations` (`id`), `receipt_number` VARCHAR(255) NOT NULL UNIQUE, `issue_date` DATETIME NOT NULL, `tax_year` INTEGER NOT NULL, `amount` DECIMAL(15,2) NOT NULL, `currency` VARCHAR(255) NOT NULL, `tax_deductible_amount` DECIMAL(15,2) NOT NULL, `gst_amount` DECIMAL(5,2), `donor` JSONB NOT NULL, `charity` JSONB NOT NULL, `pdf_url` VARCHAR(255) NOT NULL, `pdf_path` VARCHAR(255), `email_sent` TINYINT(1) DEFAULT 0, `email_sent_at` DATETIME, `downloaded` TINYINT(1) DEFAULT 0, `download_count` INTEGER DEFAULT 0, `last_downloaded_at` DATETIME, `notes` TEXT, `compliance` JSONB, `created_at` DATETIME NOT NULL, `updated_at` DATETIME NOT NULL);
Executing (default): INSERT INTO `receipts` SELECT `id`, `donation_id`, `receipt_number`, `issue_date`, `tax_year`, `amount`, `currency`, `tax_deductible_amount`, `gst_amount`, `donor`, `charity`, `pdf_url`, `pdf_path`, `email_sent`, `email_sent_at`, `downloaded`, `download_count`, `last_downloaded_at`, `notes`, `compliance`, `created_at`, `updated_at` FROM `receipts_backup`;
Executing (default): DROP TABLE `receipts_backup`;
Executing (default): PRAGMA TABLE_INFO(`receipts`);
Executing (default): PRAGMA INDEX_LIST(`receipts`)
Executing (default): PRAGMA INDEX_INFO(`sqlite_autoindex_receipts_1`)
Executing (default): PRAGMA INDEX_INFO(`sqlite_autoindex_receipts_2`)
Executing (default): PRAGMA foreign_key_list(`receipts`)
Executing (default): CREATE TABLE IF NOT EXISTS `receipts_backup` (`id` UUID UNIQUE PRIMARY KEY, `donation_id` UUID NOT NULL REFERENCES `donations` (`id`), `receipt_number` VARCHAR(255) NOT NULL UNIQUE, `issue_date` DATETIME NOT NULL, `tax_year` INTEGER NOT NULL, `amount` DECIMAL(15,2) NOT NULL, `currency` VARCHAR(255) NOT NULL, `tax_deductible_amount` DECIMAL(15,2) NOT NULL, `gst_amount` DECIMAL(5,2), `donor` JSONB NOT NULL, `charity` JSONB NOT NULL, `pdf_url` VARCHAR(255) NOT NULL, `pdf_path` VARCHAR(255), `email_sent` TINYINT(1) DEFAULT 0, `email_sent_at` DATETIME, `downloaded` TINYINT(1) DEFAULT 0, `download_count` INTEGER DEFAULT '0', `last_downloaded_at` DATETIME, `notes` TEXT, `compliance` JSONB, `created_at` DATETIME NOT NULL, `updated_at` DATETIME NOT NULL);
Executing (default): INSERT INTO `receipts_backup` SELECT `id`, `donation_id`, `receipt_number`, `issue_date`, `tax_year`, `amount`, `currency`, `tax_deductible_amount`, `gst_amount`, `donor`, `charity`, `pdf_url`, `pdf_path`, `email_sent`, `email_sent_at`, `downloaded`, `download_count`, `last_downloaded_at`, `notes`, `compliance`, `created_at`, `updated_at` FROM `receipts`;
Executing (default): DROP TABLE `receipts`;
Executing (default): CREATE TABLE IF NOT EXISTS `receipts` (`id` UUID UNIQUE PRIMARY KEY, `donation_id` UUID NOT NULL REFERENCES `donations` (`id`), `receipt_number` VARCHAR(255) NOT NULL UNIQUE, `issue_date` DATETIME NOT NULL, `tax_year` INTEGER NOT NULL, `amount` DECIMAL(15,2) NOT NULL, `currency` VARCHAR(255) NOT NULL, `tax_deductible_amount` DECIMAL(15,2) NOT NULL, `gst_amount` DECIMAL(5,2), `donor` JSONB NOT NULL, `charity` JSONB NOT NULL, `pdf_url` VARCHAR(255) NOT NULL, `pdf_path` VARCHAR(255), `email_sent` TINYINT(1) DEFAULT 0, `email_sent_at` DATETIME, `downloaded` TINYINT(1) DEFAULT 0, `download_count` INTEGER DEFAULT '0', `last_downloaded_at` DATETIME, `notes` TEXT, `compliance` JSONB, `created_at` DATETIME NOT NULL, `updated_at` DATETIME NOT NULL);
Executing (default): INSERT INTO `receipts` SELECT `id`, `donation_id`, `receipt_number`, `issue_date`, `tax_year`, `amount`, `currency`, `tax_deductible_amount`, `gst_amount`, `donor`, `charity`, `pdf_url`, `pdf_path`, `email_sent`, `email_sent_at`, `downloaded`, `download_count`, `last_downloaded_at`, `notes`, `compliance`, `created_at`, `updated_at` FROM `receipts_backup`;
Executing (default): DROP TABLE `receipts_backup`;
Executing (default): PRAGMA TABLE_INFO(`receipts`);
Executing (default): PRAGMA INDEX_LIST(`receipts`)
Executing (default): PRAGMA INDEX_INFO(`sqlite_autoindex_receipts_1`)
Executing (default): PRAGMA INDEX_INFO(`sqlite_autoindex_receipts_2`)
Executing (default): PRAGMA foreign_key_list(`receipts`)
Executing (default): CREATE TABLE IF NOT EXISTS `receipts_backup` (`id` UUID UNIQUE PRIMARY KEY, `donation_id` UUID NOT NULL REFERENCES `donations` (`id`), `receipt_number` VARCHAR(255) NOT NULL UNIQUE, `issue_date` DATETIME NOT NULL, `tax_year` INTEGER NOT NULL, `amount` DECIMAL(15,2) NOT NULL, `currency` VARCHAR(255) NOT NULL, `tax_deductible_amount` DECIMAL(15,2) NOT NULL, `gst_amount` DECIMAL(5,2), `donor` JSONB NOT NULL, `charity` JSONB NOT NULL, `pdf_url` VARCHAR(255) NOT NULL, `pdf_path` VARCHAR(255), `email_sent` TINYINT(1) DEFAULT 0, `email_sent_at` DATETIME, `downloaded` TINYINT(1) DEFAULT 0, `download_count` INTEGER DEFAULT '0', `last_downloaded_at` DATETIME, `notes` TEXT, `compliance` JSONB, `created_at` DATETIME NOT NULL, `updated_at` DATETIME NOT NULL);
Executing (default): INSERT INTO `receipts_backup` SELECT `id`, `donation_id`, `receipt_number`, `issue_date`, `tax_year`, `amount`, `currency`, `tax_deductible_amount`, `gst_amount`, `donor`, `charity`, `pdf_url`, `pdf_path`, `email_sent`, `email_sent_at`, `downloaded`, `download_count`, `last_downloaded_at`, `notes`, `compliance`, `created_at`, `updated_at` FROM `receipts`;
Executing (default): DROP TABLE `receipts`;
Executing (default): CREATE TABLE IF NOT EXISTS `receipts` (`id` UUID UNIQUE PRIMARY KEY, `donation_id` UUID NOT NULL REFERENCES `donations` (`id`), `receipt_number` VARCHAR(255) NOT NULL UNIQUE, `issue_date` DATETIME NOT NULL, `tax_year` INTEGER NOT NULL, `amount` DECIMAL(15,2) NOT NULL, `currency` VARCHAR(255) NOT NULL, `tax_deductible_amount` DECIMAL(15,2) NOT NULL, `gst_amount` DECIMAL(5,2), `donor` JSONB NOT NULL, `charity` JSONB NOT NULL, `pdf_url` VARCHAR(255) NOT NULL, `pdf_path` VARCHAR(255), `email_sent` TINYINT(1) DEFAULT 0, `email_sent_at` DATETIME, `downloaded` TINYINT(1) DEFAULT 0, `download_count` INTEGER DEFAULT '0', `last_downloaded_at` DATETIME, `notes` TEXT, `compliance` JSONB, `created_at` DATETIME NOT NULL, `updated_at` DATETIME NOT NULL);
Executing (default): INSERT INTO `receipts` SELECT `id`, `donation_id`, `receipt_number`, `issue_date`, `tax_year`, `amount`, `currency`, `tax_deductible_amount`, `gst_amount`, `donor`, `charity`, `pdf_url`, `pdf_path`, `email_sent`, `email_sent_at`, `downloaded`, `download_count`, `last_downloaded_at`, `notes`, `compliance`, `created_at`, `updated_at` FROM `receipts_backup`;
Executing (default): DROP TABLE `receipts_backup`;
Executing (default): PRAGMA TABLE_INFO(`receipts`);
Executing (default): PRAGMA INDEX_LIST(`receipts`)
Executing (default): PRAGMA INDEX_INFO(`sqlite_autoindex_receipts_1`)
Executing (default): PRAGMA INDEX_INFO(`sqlite_autoindex_receipts_2`)
Executing (default): PRAGMA foreign_key_list(`receipts`)
Executing (default): CREATE TABLE IF NOT EXISTS `receipts_backup` (`id` UUID UNIQUE PRIMARY KEY, `donation_id` UUID NOT NULL REFERENCES `donations` (`id`), `receipt_number` VARCHAR(255) NOT NULL UNIQUE, `issue_date` DATETIME NOT NULL, `tax_year` INTEGER NOT NULL, `amount` DECIMAL(15,2) NOT NULL, `currency` VARCHAR(255) NOT NULL, `tax_deductible_amount` DECIMAL(15,2) NOT NULL, `gst_amount` DECIMAL(5,2), `donor` JSONB NOT NULL, `charity` JSONB NOT NULL, `pdf_url` VARCHAR(255) NOT NULL, `pdf_path` VARCHAR(255), `email_sent` TINYINT(1) DEFAULT 0, `email_sent_at` DATETIME, `downloaded` TINYINT(1) DEFAULT 0, `download_count` INTEGER DEFAULT '0', `last_downloaded_at` DATETIME, `notes` TEXT, `compliance` JSONB, `created_at` DATETIME NOT NULL, `updated_at` DATETIME NOT NULL);
Executing (default): INSERT INTO `receipts_backup` SELECT `id`, `donation_id`, `receipt_number`, `issue_date`, `tax_year`, `amount`, `currency`, `tax_deductible_amount`, `gst_amount`, `donor`, `charity`, `pdf_url`, `pdf_path`, `email_sent`, `email_sent_at`, `downloaded`, `download_count`, `last_downloaded_at`, `notes`, `compliance`, `created_at`, `updated_at` FROM `receipts`;
Executing (default): DROP TABLE `receipts`;
Executing (default): CREATE TABLE IF NOT EXISTS `receipts` (`id` UUID UNIQUE PRIMARY KEY, `donation_id` UUID NOT NULL REFERENCES `donations` (`id`), `receipt_number` VARCHAR(255) NOT NULL UNIQUE, `issue_date` DATETIME NOT NULL, `tax_year` INTEGER NOT NULL, `amount` DECIMAL(15,2) NOT NULL, `currency` VARCHAR(255) NOT NULL, `tax_deductible_amount` DECIMAL(15,2) NOT NULL, `gst_amount` DECIMAL(5,2), `donor` JSONB NOT NULL, `charity` JSONB NOT NULL, `pdf_url` VARCHAR(255) NOT NULL, `pdf_path` VARCHAR(255), `email_sent` TINYINT(1) DEFAULT 0, `email_sent_at` DATETIME, `downloaded` TINYINT(1) DEFAULT 0, `download_count` INTEGER DEFAULT '0', `last_downloaded_at` DATETIME, `notes` TEXT, `compliance` JSONB, `created_at` DATETIME NOT NULL, `updated_at` DATETIME NOT NULL);
Executing (default): INSERT INTO `receipts` SELECT `id`, `donation_id`, `receipt_number`, `issue_date`, `tax_year`, `amount`, `currency`, `tax_deductible_amount`, `gst_amount`, `donor`, `charity`, `pdf_url`, `pdf_path`, `email_sent`, `email_sent_at`, `downloaded`, `download_count`, `last_downloaded_at`, `notes`, `compliance`, `created_at`, `updated_at` FROM `receipts_backup`;
Executing (default): DROP TABLE `receipts_backup`;
Executing (default): PRAGMA TABLE_INFO(`receipts`);
Executing (default): PRAGMA INDEX_LIST(`receipts`)
Executing (default): PRAGMA INDEX_INFO(`sqlite_autoindex_receipts_1`)
Executing (default): PRAGMA INDEX_INFO(`sqlite_autoindex_receipts_2`)
Executing (default): PRAGMA foreign_key_list(`receipts`)
Executing (default): CREATE TABLE IF NOT EXISTS `receipts_backup` (`id` UUID UNIQUE PRIMARY KEY, `donation_id` UUID NOT NULL REFERENCES `donations` (`id`), `receipt_number` VARCHAR(255) NOT NULL UNIQUE, `issue_date` DATETIME NOT NULL, `tax_year` INTEGER NOT NULL, `amount` DECIMAL(15,2) NOT NULL, `currency` VARCHAR(255) NOT NULL, `tax_deductible_amount` DECIMAL(15,2) NOT NULL, `gst_amount` DECIMAL(5,2), `donor` JSONB NOT NULL, `charity` JSONB NOT NULL, `pdf_url` VARCHAR(255) NOT NULL, `pdf_path` VARCHAR(255), `email_sent` TINYINT(1) DEFAULT 0, `email_sent_at` DATETIME, `downloaded` TINYINT(1) DEFAULT 0, `download_count` INTEGER DEFAULT '0', `last_downloaded_at` DATETIME, `notes` TEXT, `compliance` JSONB, `created_at` DATETIME NOT NULL, `updated_at` DATETIME NOT NULL);
Executing (default): INSERT INTO `receipts_backup` SELECT `id`, `donation_id`, `receipt_number`, `issue_date`, `tax_year`, `amount`, `currency`, `tax_deductible_amount`, `gst_amount`, `donor`, `charity`, `pdf_url`, `pdf_path`, `email_sent`, `email_sent_at`, `downloaded`, `download_count`, `last_downloaded_at`, `notes`, `compliance`, `created_at`, `updated_at` FROM `receipts`;
Executing (default): DROP TABLE `receipts`;
Executing (default): CREATE TABLE IF NOT EXISTS `receipts` (`id` UUID UNIQUE PRIMARY KEY, `donation_id` UUID NOT NULL REFERENCES `donations` (`id`), `receipt_number` VARCHAR(255) NOT NULL UNIQUE, `issue_date` DATETIME NOT NULL, `tax_year` INTEGER NOT NULL, `amount` DECIMAL(15,2) NOT NULL, `currency` VARCHAR(255) NOT NULL, `tax_deductible_amount` DECIMAL(15,2) NOT NULL, `gst_amount` DECIMAL(5,2), `donor` JSONB NOT NULL, `charity` JSONB NOT NULL, `pdf_url` VARCHAR(255) NOT NULL, `pdf_path` VARCHAR(255), `email_sent` TINYINT(1) DEFAULT 0, `email_sent_at` DATETIME, `downloaded` TINYINT(1) DEFAULT 0, `download_count` INTEGER DEFAULT '0', `last_downloaded_at` DATETIME, `notes` TEXT, `compliance` JSONB, `created_at` DATETIME NOT NULL, `updated_at` DATETIME NOT NULL);
Executing (default): INSERT INTO `receipts` SELECT `id`, `donation_id`, `receipt_number`, `issue_date`, `tax_year`, `amount`, `currency`, `tax_deductible_amount`, `gst_amount`, `donor`, `charity`, `pdf_url`, `pdf_path`, `email_sent`, `email_sent_at`, `downloaded`, `download_count`, `last_downloaded_at`, `notes`, `compliance`, `created_at`, `updated_at` FROM `receipts_backup`;
Executing (default): DROP TABLE `receipts_backup`;
Executing (default): PRAGMA TABLE_INFO(`receipts`);
Executing (default): PRAGMA INDEX_LIST(`receipts`)
Executing (default): PRAGMA INDEX_INFO(`sqlite_autoindex_receipts_1`)
Executing (default): PRAGMA INDEX_INFO(`sqlite_autoindex_receipts_2`)
Executing (default): PRAGMA foreign_key_list(`receipts`)
Executing (default): CREATE TABLE IF NOT EXISTS `receipts_backup` (`id` UUID UNIQUE PRIMARY KEY, `donation_id` UUID NOT NULL REFERENCES `donations` (`id`), `receipt_number` VARCHAR(255) NOT NULL UNIQUE, `issue_date` DATETIME NOT NULL, `tax_year` INTEGER NOT NULL, `amount` DECIMAL(15,2) NOT NULL, `currency` VARCHAR(255) NOT NULL, `tax_deductible_amount` DECIMAL(15,2) NOT NULL, `gst_amount` DECIMAL(5,2), `donor` JSONB NOT NULL, `charity` JSONB NOT NULL, `pdf_url` VARCHAR(255) NOT NULL, `pdf_path` VARCHAR(255), `email_sent` TINYINT(1) DEFAULT 0, `email_sent_at` DATETIME, `downloaded` TINYINT(1) DEFAULT 0, `download_count` INTEGER DEFAULT '0', `last_downloaded_at` DATETIME, `notes` TEXT, `compliance` JSONB, `created_at` DATETIME NOT NULL, `updated_at` DATETIME NOT NULL);
Executing (default): INSERT INTO `receipts_backup` SELECT `id`, `donation_id`, `receipt_number`, `issue_date`, `tax_year`, `amount`, `currency`, `tax_deductible_amount`, `gst_amount`, `donor`, `charity`, `pdf_url`, `pdf_path`, `email_sent`, `email_sent_at`, `downloaded`, `download_count`, `last_downloaded_at`, `notes`, `compliance`, `created_at`, `updated_at` FROM `receipts`;
Executing (default): DROP TABLE `receipts`;
Executing (default): CREATE TABLE IF NOT EXISTS `receipts` (`id` UUID UNIQUE PRIMARY KEY, `donation_id` UUID NOT NULL REFERENCES `donations` (`id`), `receipt_number` VARCHAR(255) NOT NULL UNIQUE, `issue_date` DATETIME NOT NULL, `tax_year` INTEGER NOT NULL, `amount` DECIMAL(15,2) NOT NULL, `currency` VARCHAR(255) NOT NULL, `tax_deductible_amount` DECIMAL(15,2) NOT NULL, `gst_amount` DECIMAL(5,2), `donor` JSONB NOT NULL, `charity` JSONB NOT NULL, `pdf_url` VARCHAR(255) NOT NULL, `pdf_path` VARCHAR(255), `email_sent` TINYINT(1) DEFAULT 0, `email_sent_at` DATETIME, `downloaded` TINYINT(1) DEFAULT 0, `download_count` INTEGER DEFAULT '0', `last_downloaded_at` DATETIME, `notes` TEXT, `compliance` JSONB, `created_at` DATETIME NOT NULL, `updated_at` DATETIME NOT NULL);
Executing (default): INSERT INTO `receipts` SELECT `id`, `donation_id`, `receipt_number`, `issue_date`, `tax_year`, `amount`, `currency`, `tax_deductible_amount`, `gst_amount`, `donor`, `charity`, `pdf_url`, `pdf_path`, `email_sent`, `email_sent_at`, `downloaded`, `download_count`, `last_downloaded_at`, `notes`, `compliance`, `created_at`, `updated_at` FROM `receipts_backup`;
Executing (default): DROP TABLE `receipts_backup`;
Executing (default): PRAGMA INDEX_LIST(`receipts`)
Executing (default): PRAGMA INDEX_INFO(`sqlite_autoindex_receipts_1`)
Executing (default): PRAGMA INDEX_INFO(`sqlite_autoindex_receipts_2`)
Executing (default): CREATE INDEX `receipts_donation_id` ON `receipts` (`donation_id`)
Executing (default): CREATE INDEX `receipts_receipt_number` ON `receipts` (`receipt_number`)
Executing (default): CREATE INDEX `receipts_issue_date` ON `receipts` (`issue_date`)
Executing (default): CREATE INDEX `receipts_tax_year` ON `receipts` (`tax_year`)
[32minfo[39m: Database synchronized {"service":"isbjorn-api","timestamp":"2025-08-08 12:45:56"}
[32minfo[39m: Redis connected successfully {"service":"isbjorn-api","timestamp":"2025-08-08 12:45:56"}
[32minfo[39m: Redis connection established {"service":"isbjorn-api","timestamp":"2025-08-08 12:45:56"}
[31merror[39m: Failed to initialize blockchain service: AVALANCHE_PRIVATE_KEY is required - please set a valid private key {"service":"isbjorn-api","stack":"Error: AVALANCHE_PRIVATE_KEY is required - please set a valid private key\n    at new BlockchainService (/home/monk/isbjorn-platform/backend/src/integrations/blockchain.ts:38:13)\n    at initializeBlockchain (/home/monk/isbjorn-platform/backend/src/integrations/blockchain.ts:350:25)\n    at startServer (/home/monk/isbjorn-platform/backend/src/server.ts:92:13)\n    at process.processTicksAndRejections (node:internal/process/task_queues:105:5)","timestamp":"2025-08-08 12:45:56"}
[33mwarn[39m: Blockchain initialization failed - running without blockchain features AVALANCHE_PRIVATE_KEY is required - please set a valid private key {"service":"isbjorn-api","stack":"Error: AVALANCHE_PRIVATE_KEY is required - please set a valid private key\n    at new BlockchainService (/home/monk/isbjorn-platform/backend/src/integrations/blockchain.ts:38:13)\n    at initializeBlockchain (/home/monk/isbjorn-platform/backend/src/integrations/blockchain.ts:350:25)\n    at startServer (/home/monk/isbjorn-platform/backend/src/server.ts:92:13)\n    at process.processTicksAndRejections (node:internal/process/task_queues:105:5)","timestamp":"2025-08-08 12:45:56"}
[32minfo[39m: Job processing initialized {"service":"isbjorn-api","timestamp":"2025-08-08 12:45:56"}
[32minfo[39m: Background jobs initialized {"service":"isbjorn-api","timestamp":"2025-08-08 12:45:56"}
[32minfo[39m: Server running on port 5000 in development mode {"service":"isbjorn-api","timestamp":"2025-08-08 12:45:56"}
[32minfo[39m: API Documentation: http://localhost:5000/api-docs {"service":"isbjorn-api","timestamp":"2025-08-08 12:45:56"}
[0mGET /health [32m200[0m 2.557 ms - 105[0m
[32minfo[39m: Request completed {"duration":"5ms","ip":"::1","method":"GET","service":"isbjorn-api","statusCode":200,"timestamp":"2025-08-08 12:46:02","url":"/health","userAgent":"curl/8.14.1"}
[32minfo[39m: SIGTERM signal received: closing HTTP server {"service":"isbjorn-api","timestamp":"2025-08-08 12:53:39"}
[32minfo[39m: SIGTERM signal received: closing HTTP server {"service":"isbjorn-api","timestamp":"2025-08-08 12:53:39"}
[32minfo[39m: Database connection closed {"service":"isbjorn-api","timestamp":"2025-08-08 12:53:39"}
